dataset,model,failure_kind,heuristic_type,id,question,ground_truth,prediction,exact_match,token_f1,contains_ground_truth,correct_label,similarity_sentence_transformers_all_MiniLM_L6_v2,similarity_BAAI_bge_base_en_v1.5
results_sciq_5000,BGE,high_similarity_wrong,underspecified_or_overspecified_answer,sample_10,"Zinc is more easily oxidized than iron because zinc has a lower reduction potential. since zinc has a lower reduction potential, it is a more what?",active metal,active,0,0.6666666666666666,0,0,0.5899034142494202,0.8021406531333923
results_sciq_5000,BGE,high_similarity_wrong,underspecified_or_overspecified_answer,sample_11,What is controlled by both genes and experiences in a given envionment?,animal behaviors,Behavior,0,0.0,0,0,0.6072867512702942,0.8763943910598755
results_sciq_5000,BGE,high_similarity_wrong,synonym_or_paraphrase_labeling_artifact,sample_14,What is controlled by regulatory proteins that bind to regulatory elements on dna?,gene transcription,Gene expression,0,0.5,0,0,0.7839295268058777,0.8610604405403137
results_sciq_5000,BGE,high_similarity_wrong,morphology_or_inflection,sample_30,Where do angiosperms produce seeds in flowers?,ovaries,Ovary,0,0.0,0,0,0.8327299952507019,0.8951191902160645
results_sciq_5000,BGE,high_similarity_wrong,synonym_or_paraphrase_labeling_artifact,sample_57,"Whether the organism is a bacterium, plant, or animal, all living things access energy by breaking down these?",carbohydrate molecules,food molecules,0,0.5,0,0,0.695904552936554,0.8517604470252991
results_sciq_5000,BGE,high_similarity_wrong,underspecified_or_overspecified_answer,sample_63,What's the term for the gradual progression from simple plants to larger more complex ones in an area?,primary succession,Succession,0,0.6666666666666666,0,0,0.8740105032920837,0.8195450901985168
results_sciq_5000,BGE,high_similarity_wrong,synonym_or_paraphrase_labeling_artifact,sample_66,What consequence of a tornado is responsible for most injuries and deaths?,flying debris,Debris impact,0,0.5,0,0,0.7417299747467041,0.8136395812034607
results_sciq_5000,BGE,high_similarity_wrong,synonym_or_paraphrase_labeling_artifact,sample_88,Most of the pathogens that cause stis enter the body through mucous membranes of which organs?,reproductive organs,Sexual organs,0,0.5,0,0,0.8387917280197144,0.8908389210700989
results_sciq_5000,BGE,high_similarity_wrong,synonym_or_paraphrase_labeling_artifact,sample_95,"When water goes above and below its freezing point, what rock-breaking phenomenon is common?",ice wedging,Frost wedging,0,0.5,0,0,0.8144583702087402,0.8935737609863281
results_sciq_5000,BGE,high_similarity_wrong,synonym_or_paraphrase_labeling_artifact,sample_97,What type of reactions form compounds?,chemical reactions,Synthesis reactions,0,0.5,0,0,0.7546690106391907,0.8366625308990479
results_sciq_5000,BGE,high_similarity_wrong,semantic_relatedness_not_correctness,sample_102,What is the term for the force of attraction between things that have a mass?,gravity,Gravitational force,0,0.0,0,0,0.7904050946235657,0.8508159518241882
results_sciq_5000,BGE,high_similarity_wrong,numeric_equivalence,sample_108,How many different types of taste can be detected by taste buds?,five,5,0,0.0,0,0,0.9229784607887268,0.9198909997940063
results_sciq_5000,BGE,high_similarity_wrong,synonym_or_paraphrase_labeling_artifact,sample_115,What renewable energy source converts energy from the sunlight into electricity?,solar energy,Solar panels,0,0.5,0,0,0.7587158679962158,0.8369266986846924
results_sciq_5000,BGE,high_similarity_wrong,semantic_relatedness_not_correctness,sample_124,"A few earthquakes take place away from plate boundaries, these are called what?",intraplate earthquakes,Intra-plate earthquakes,0,0.4,0,0,0.8981689214706421,0.976912796497345
results_sciq_5000,BGE,high_similarity_wrong,synonym_or_paraphrase_labeling_artifact,sample_131,"First, high temperature denatures proteins and does what to cells?",kills them,Kills cells,0,0.5,0,0,0.502190351486206,0.8010231852531433
results_sciq_5000,BGE,high_similarity_wrong,other_or_true_semantic_error,sample_144,What are made of long chains consisting almost solely of carbon and hydrogen?,lipids,Fats,0,0.0,0,0,0.6038416028022766,0.8222715258598328
results_sciq_5000,BGE,high_similarity_wrong,other_or_true_semantic_error,sample_149,What science includes many fields of science related to our home planet?,earth science,Geosciences,0,0.0,0,0,0.6996362805366516,0.8240727186203003
results_sciq_5000,BGE,high_similarity_wrong,underspecified_or_overspecified_answer,sample_152,What do ranchers fear will happen if wolves return?,livestock predation,Increase in predation on livestock.,0,0.5714285714285715,0,0,0.9333083629608154,0.9194748401641846
results_sciq_5000,BGE,high_similarity_wrong,other_or_true_semantic_error,sample_157,What supports and protects the soft organs of the body?,skeleton,Bones,0,0.0,0,0,0.7702867388725281,0.8088873624801636
results_sciq_5000,BGE,high_similarity_wrong,other_or_true_semantic_error,sample_188,What does the cell cycle do?,divide and reproduce cells,Generates new cells through division.,0,0.22222222222222224,0,0,0.7762212157249451,0.8176992535591125
results_sciq_5000,BGE,high_similarity_wrong,underspecified_or_overspecified_answer,sample_189,"Inside the nasal area of the skull, the nasal cavity is divided into halves by the what?",nasal septum,septum,0,0.6666666666666666,0,0,0.7941708564758301,0.9226484298706055
results_sciq_5000,BGE,high_similarity_wrong,other_or_true_semantic_error,sample_214,What is a mass spectrometer used to measure?,relative atomic masses,Mass and abundance of isotopes,0,0.0,0,0,0.5479757189750671,0.8028210401535034
results_sciq_5000,BGE,high_similarity_wrong,synonym_or_paraphrase_labeling_artifact,sample_216,Global warming will raise ocean levels due to melt water from glaciers and the greater volume of what?,warmer water,warm water,0,0.5,0,0,0.9005038738250732,0.9438206553459167
results_sciq_5000,BGE,high_similarity_wrong,morphology_or_inflection,sample_217,What are groups of young stars loosely held together by gravity called?,open clusters,Open cluster,0,0.5,0,0,0.9454847574234009,0.9744434952735901
results_sciq_5000,BGE,high_similarity_wrong,synonym_or_paraphrase_labeling_artifact,sample_220,What does the driving of turbines by the heating of water to steam accomplish?,generation of electricity,Generates electricity.,0,0.4,0,0,0.8558413982391357,0.8841770887374878
results_sciq_5000,BGE,high_similarity_wrong,underspecified_or_overspecified_answer,sample_221,What is a device that changes kinetic energy to electrical energy through electromagnetic induction?,an electric generator,Generator,0,0.6666666666666666,0,0,0.8309646248817444,0.8594815135002136
results_sciq_5000,BGE,high_similarity_wrong,semantic_relatedness_not_correctness,sample_227,What property of warm air causes it to rise above cold air?,lower density,Less dense,0,0.0,0,0,0.7964804172515869,0.8733505606651306
results_sciq_5000,BGE,high_similarity_wrong,synonym_or_paraphrase_labeling_artifact,sample_233,What are fibers that depend on aerobic respiration called?,oxidative fibers,Aerobic fibers,0,0.5,0,0,0.6363409161567688,0.8410003185272217
results_sciq_5000,BGE,high_similarity_wrong,other_or_true_semantic_error,sample_247,The simplest class of organic compounds is the what?,hydrocarbons,alkanes,0,0.0,0,0,0.6920030117034912,0.8434638381004333
results_sciq_5000,BGE,high_similarity_wrong,synonym_or_paraphrase_labeling_artifact,sample_255,What is the name of the two metalloids in the carbon group called?,silicon and germanium,Boron and Silicon,0,0.6666666666666666,0,0,0.6699081659317017,0.8600958585739136
results_sciq_5000,BGE,high_similarity_wrong,synonym_or_paraphrase_labeling_artifact,sample_262,"While climate change in earth history was due to natural processes, what is primarily to blame for recent global warming?",human actions,Human activities,0,0.5,0,0,0.7371178865432739,0.9247583150863647
results_sciq_5000,BGE,high_similarity_wrong,semantic_relatedness_not_correctness,sample_264,What keeps the moon orbiting earth?,gravity,Gravitational force,0,0.0,0,0,0.7904050946235657,0.8508160710334778
results_sciq_5000,BGE,high_similarity_wrong,synonym_or_paraphrase_labeling_artifact,sample_265,What are formed by the attraction between oppositely charged ions?,ionic bonds,Ionic compounds,0,0.5,0,0,0.8100942969322205,0.8575112819671631
results_sciq_5000,BGE,high_similarity_wrong,synonym_or_paraphrase_labeling_artifact,sample_271,For what purpose does liver use the excess carbohydrate?,to synthesize glycogen,To store as glycogen,0,0.5714285714285715,0,0,0.7762993574142456,0.8482055068016052
results_sciq_5000,BGE,high_similarity_wrong,synonym_or_paraphrase_labeling_artifact,sample_291,"In this type of reaction, an element replaces another element in a compound, and the element is in any state of matter but is not an ion?",single-replacement reaction,Single displacement reaction,0,0.6666666666666666,0,0,0.6696389317512512,0.8953346014022827
results_sciq_5000,BGE,high_similarity_wrong,semantic_relatedness_not_correctness,sample_292,What are the two distinct types of cells found in the animal kingdom?,prokaryotes and eukaryotes,Eukaryotic and prokaryotic,0,0.3333333333333333,0,0,0.9513199925422668,0.9660742878913879
results_sciq_5000,BGE,high_similarity_wrong,synonym_or_paraphrase_labeling_artifact,sample_303,What type of winds occur when air is forced over a mountain range?,chinook winds,Mountain winds,0,0.5,0,0,0.6242203712463379,0.8243449330329895
results_sciq_5000,BGE,high_similarity_wrong,synonym_or_paraphrase_labeling_artifact,sample_334,What occurs when some members of a species become geographically separated?,allopatric speciation,Speciation begins.,0,0.5,0,0,0.7207858562469482,0.8347028493881226
results_sciq_5000,BGE,high_similarity_wrong,morphology_or_inflection,sample_352,The function of which organ is to filter blood and form urine?,kidneys,Kidney,0,0.0,0,0,0.8868282437324524,0.9030758738517761
results_sciq_5000,BGE,high_similarity_wrong,other_or_true_semantic_error,sample_353,The attraction between all objects in the universe is known as ______.,gravity,gravitation,0,0.0,0,0,0.8280613422393799,0.8495526313781738
results_sciq_5000,BGE,high_similarity_wrong,underspecified_or_overspecified_answer,sample_372,Both diffusion and effusion are related to the speed at which what objects move?,gas molecules,molecules,0,0.6666666666666666,0,0,0.8015528917312622,0.8762996792793274
results_sciq_5000,BGE,high_similarity_wrong,synonym_or_paraphrase_labeling_artifact,sample_380,The heart and a network of blood vessels that run throughout the body make up what organ system?,cardiovascular system,Circulatory System,0,0.5,0,0,0.7532528042793274,0.8704527616500854
results_sciq_5000,BGE,high_similarity_wrong,semantic_relatedness_not_correctness,sample_383,"Different forms, or allotropes, of carbon are diamond, graphite, and what?",fullerenes,fullerene,0,0.0,0,0,0.8909990787506104,0.9689473509788513
results_sciq_5000,BGE,high_similarity_wrong,semantic_relatedness_not_correctness,sample_385,What is the force of attraction between things that have mass,gravity,Gravitational force,0,0.0,0,0,0.7904050350189209,0.8508159518241882
results_sciq_5000,BGE,high_similarity_wrong,other_or_true_semantic_error,sample_391,Many of the hormones are secreted in response to what signals of the body?,nervous system signals,signals from the hypothalamus or changes in the body's environment,0,0.16666666666666666,0,0,0.6012345552444458,0.8152632713317871
results_sciq_5000,BGE,high_similarity_wrong,semantic_relatedness_not_correctness,sample_396,"What property is characterized by eddies and swirls that mix layers of fluid together, unlike laminar flow?",turbulence,Turbulent flow,0,0.0,0,0,0.8127654790878296,0.8657864332199097
results_sciq_5000,BGE,high_similarity_wrong,underspecified_or_overspecified_answer,sample_403,What are the two main divisions of the human nervous system?,central and peripheral,Central Nervous System and Peripheral Nervous System,0,0.6,0,0,0.6675896048545837,0.8212366700172424
results_sciq_5000,BGE,high_similarity_wrong,numeric_equivalence,sample_405,The body is made up of how many types of tissue?,four,4,0,0.0,0,0,0.8942002058029175,0.8634973168373108
results_sciq_5000,BGE,high_similarity_wrong,semantic_relatedness_not_correctness,sample_415,"This heat is used to convert water into steam, which is then used to turn a turbine, thus generating what?",electrical power,Electricity,0,0.0,0,0,0.8583700060844421,0.8643051981925964
results_sciq_5000,BGE,high_similarity_wrong,underspecified_or_overspecified_answer,sample_438,What temperature scale is obtained by adding 273 degrees from the corresponding celsius temperature?,kelvin scale,Kelvin,0,0.6666666666666666,0,0,0.8134966492652893,0.9069657921791077
results_sciq_5000,BGE,high_similarity_wrong,underspecified_or_overspecified_answer,sample_458,Where are aerofoils found?,birds and airplanes,Airplanes,0,0.5,0,0,0.7588648200035095,0.8245498538017273
results_sciq_5000,BGE,high_similarity_wrong,synonym_or_paraphrase_labeling_artifact,sample_469,An action potential that starts at the axon hillock moves along the axon only toward what?,the synaptic terminals,axon terminals,0,0.5,0,0,0.5886072516441345,0.8400040864944458
results_sciq_5000,BGE,high_similarity_wrong,underspecified_or_overspecified_answer,sample_484,"The coccyx, or tailbone, results from the fusion of four small what?",coccygeal vertebrae,vertebrae,0,0.6666666666666666,0,0,0.7477851510047913,0.8137713074684143
results_sciq_5000,BGE,high_similarity_wrong,semantic_relatedness_not_correctness,sample_494,Producers at the base of ecological food webs are also known as?,autotrophic,Autotrophs,0,0.0,0,0,0.8083309531211853,0.8845455646514893
results_sciq_5000,BGE,high_similarity_wrong,underspecified_or_overspecified_answer,sample_497,What is the study of the similarities and differences in the embryos of different species?,comparative embryology,Embryology,0,0.6666666666666666,0,0,0.8779030442237854,0.8416478037834167
results_sciq_5000,BGE,high_similarity_wrong,synonym_or_paraphrase_labeling_artifact,sample_502,What type of fibers are made mostly of protein in living things?,muscle fibers,Collagen fibers,0,0.5,0,0,0.6850509643554688,0.8231679201126099
results_sciq_5000,BGE,high_similarity_wrong,other_or_true_semantic_error,sample_506,"What kind of cells have positive cell potentials, and all the reduction reactions are reversible?",galvanic cells,Cathode cells in electrochemical cells.,0,0.28571428571428575,0,0,0.5644489526748657,0.8004151582717896
results_sciq_5000,BGE,high_similarity_wrong,semantic_relatedness_not_correctness,sample_508,Emissions of what gas into the atmosphere from fossil fuel burning have been rising for the past several decades?,carbon dioxide,CO2,0,0.0,0,0,0.8494598269462585,0.8872535824775696
results_sciq_5000,BGE,high_similarity_wrong,underspecified_or_overspecified_answer,sample_534,How does the heart transport blood?,blood vessels,Pumping blood through vessels,0,0.6666666666666666,0,0,0.7312658429145813,0.8337937593460083
results_sciq_5000,BGE,high_similarity_wrong,semantic_relatedness_not_correctness,sample_535,The gender of a baby is determined by what special pair of chromosomes?,sex chromosomes,X and Y chromosomes,0,0.3333333333333333,0,0,0.6877295970916748,0.8598276972770691
results_sciq_5000,BGE,high_similarity_wrong,other_or_true_semantic_error,sample_547,What is the term for an infection caused by a fungal parasite?,mycosis,Fungal infection,0,0.0,0,0,0.5650200247764587,0.8098029494285583
results_sciq_5000,BGE,high_similarity_wrong,other_or_true_semantic_error,sample_561,Certain medications can suppress the immune system. this is an intended effect of drugs given to people with what?,transplanted organs,Organ transplant recipients.,0,0.0,0,0,0.782175600528717,0.8313712477684021
results_sciq_5000,BGE,high_similarity_wrong,morphology_or_inflection,sample_564,What is the name for a biologist who studies fungi?,mycologists,Mycologist,0,0.0,0,0,0.9269847869873047,0.8971847295761108
results_sciq_5000,BGE,high_similarity_wrong,numeric_equivalence,sample_565,How many different kinds of ions are produced when sodium chloride dissociates ?,two,2,0,0.0,0,0,0.8183469772338867,0.8677992224693298
results_sciq_5000,BGE,high_similarity_wrong,other_or_true_semantic_error,sample_572,What do we call zeros that appear after nonzero digits?,right-end zeros,Significant zeros,0,0.4,0,0,0.6283513903617859,0.8454105854034424
results_sciq_5000,BGE,high_similarity_wrong,semantic_relatedness_not_correctness,sample_577,The mass of the objects and the distance between them affect the strength of what universal force?,gravity,Gravitational force,0,0.0,0,0,0.7904050350189209,0.8508158922195435
results_sciq_5000,BGE,high_similarity_wrong,other_or_true_semantic_error,sample_579,Constantly going through some form of growth and repair is a characteristic of all what?,living things,all living organisms,0,0.4,0,0,0.5955219268798828,0.8222382664680481
results_sciq_5000,BGE,high_similarity_wrong,semantic_relatedness_not_correctness,sample_599,"Like other bryophytes, moss plants spend most of their life cycle as?",gametophytes,gametophyte,0,0.0,0,0,0.9248483180999756,0.969038724899292
results_sciq_5000,BGE,high_similarity_wrong,semantic_relatedness_not_correctness,sample_600,What is a benefit of low sulfur coal over high sulfur coal?,less pollution,Reduced air pollution,0,0.4,0,0,0.7803086638450623,0.9023846387863159
results_sciq_5000,BGE,high_similarity_wrong,other_or_true_semantic_error,sample_606,What can damage the hair cells lining the cochlea of the inner ear?,loud sounds,Exposure to loud noise,0,0.3333333333333333,0,0,0.6580309867858887,0.8245792984962463
results_sciq_5000,BGE,high_similarity_wrong,synonym_or_paraphrase_labeling_artifact,sample_626,The prevalence of cervical cancer in the united states is very low because of regular screening exams called what?,pap smears,Pap tests,0,0.5,0,0,0.7709832191467285,0.8807279467582703
results_sciq_5000,BGE,high_similarity_wrong,synonym_or_paraphrase_labeling_artifact,sample_632,Cilia and flagella are extensions of what?,plasma membrane,cell membrane,0,0.5,0,0,0.7394431829452515,0.9140180349349976
results_sciq_5000,BGE,high_similarity_wrong,synonym_or_paraphrase_labeling_artifact,sample_634,"During karyogamy, the haploid nuclei contributed by the two parents fuse, which produces what?",diploid cells,Diploid nucleus,0,0.5,0,0,0.8178846836090088,0.85603266954422
results_sciq_5000,BGE,high_similarity_wrong,morphology_or_inflection,sample_678,What do aquatic arthropods use to exchange gases?,gills,Gill,0,0.0,0,0,0.7139317393302917,0.8427397012710571
results_sciq_5000,BGE,high_similarity_wrong,other_or_true_semantic_error,sample_679,What kind of rays can travel thousands of meters through air and can penetrate and damage cells deep inside the body?,gamma rays,Ionizing radiation,0,0.0,0,0,0.45265546441078186,0.8161904215812683
results_sciq_5000,BGE,high_similarity_wrong,underspecified_or_overspecified_answer,sample_682,What device changes kinetic energy to electrical energy through electromagnetic induction?,electric generator,Generator,0,0.6666666666666666,0,0,0.849216103553772,0.8966141939163208
results_sciq_5000,BGE,high_similarity_wrong,synonym_or_paraphrase_labeling_artifact,sample_701,How does air pressure change as altitude increases?,it decreases,Decreases exponentially,0,0.5,0,0,0.6895256042480469,0.8173080086708069
results_sciq_5000,BGE,high_similarity_wrong,synonym_or_paraphrase_labeling_artifact,sample_702,"In harmonic motion there is always what force, which acts in the opposite direction of the velocity?",restorative force,Restoring force,0,0.5,0,0,0.6523768305778503,0.8520134091377258
results_sciq_5000,BGE,high_similarity_wrong,underspecified_or_overspecified_answer,sample_716,"Humans use many compounds that were first discovered or derived from living organisms as medicines: secondary plant compounds, animal toxins, and antibiotics produced by these?",bacteria and fungi,bacteria,0,0.5,0,0,0.7601220607757568,0.8058285713195801
results_sciq_5000,BGE,high_similarity_wrong,morphology_or_inflection,sample_720,What forms when an atom gains electrons?,anions,Anion,0,0.0,0,0,0.8634363412857056,0.9486968517303467
results_sciq_5000,BGE,high_similarity_wrong,synonym_or_paraphrase_labeling_artifact,sample_725,Examples of acute forms of what type of diseases include the common cold and influenza?,viral diseases,Viral infections,0,0.5,0,0,0.868356466293335,0.897668182849884
results_sciq_5000,BGE,high_similarity_wrong,underspecified_or_overspecified_answer,sample_735,"According to law, what must packaged foods carry?",nutrition facts label,Nutrition labels,0,0.4,0,0,0.8418704867362976,0.912082314491272
results_sciq_5000,BGE,high_similarity_wrong,numeric_equivalence,sample_742,"What is the ph level of neutral, pure water?",seven,7,0,0.0,0,0,0.9258615970611572,0.904780387878418
results_sciq_5000,BGE,high_similarity_wrong,synonym_or_paraphrase_labeling_artifact,sample_759,What is paleobotany?,study of extinct plants,Study of ancient plants.,0,0.75,0,0,0.6668160557746887,0.8790305256843567
results_sciq_5000,BGE,high_similarity_wrong,semantic_relatedness_not_correctness,sample_764,In the tropics what are the prevailing winds called?,tradewinds,Trade winds,0,0.0,0,0,0.7885816097259521,0.850843608379364
results_sciq_5000,BGE,high_similarity_wrong,semantic_relatedness_not_correctness,sample_769,What force increases a slide downhill and decreases a slide uphill?,gravity,Gravitational force,0,0.0,0,0,0.7904050350189209,0.8508160710334778
results_sciq_5000,BGE,high_similarity_wrong,semantic_relatedness_not_correctness,sample_781,What state occurs when the amount of solute dissolved exceeds the solubility?,supersaturation,Supersaturated,0,0.0,0,0,0.7548055052757263,0.8674439191818237
results_sciq_5000,BGE,high_similarity_wrong,synonym_or_paraphrase_labeling_artifact,sample_797,The tidal forces near what celestial phenomena are so great they can actually tear matter from a companion star?,black holes,Black hole,0,0.5,0,0,0.9441515803337097,0.9340886473655701
results_sciq_5000,BGE,high_similarity_wrong,morphology_or_inflection,sample_805,What creates charged regions in a water molecule?,polar covalent bonds,Polar covalent bond,0,0.6666666666666666,0,0,0.9792749285697937,0.9824459552764893
results_sciq_5000,BGE,high_similarity_wrong,other_or_true_semantic_error,sample_807,What is the term for environmental causes of mutations?,mutagens,Mutagenic factors,0,0.0,0,0,0.7379395961761475,0.8232554793357849
results_sciq_5000,BGE,high_similarity_wrong,other_or_true_semantic_error,sample_827,What do farmers use greenhouses for?,to extend the growing season,To grow plants year-round.,0,0.22222222222222224,0,0,0.7427243590354919,0.8432896137237549
results_sciq_5000,BGE,high_similarity_wrong,synonym_or_paraphrase_labeling_artifact,sample_842,"What title is used to describe health professionals who use nonsurgical techniques to help patients with musculoskeletal system problems that involve the bones, muscles, ligaments, tendons, or nervous system?",chiropractor chiropractors,Chiropractor,0,0.6666666666666666,0,0,0.9310474395751953,0.9531294107437134
results_sciq_5000,BGE,high_similarity_wrong,underspecified_or_overspecified_answer,sample_844,Fog disappears when the water droplets change back to what?,water vapor,vapor,0,0.6666666666666666,0,0,0.8686754703521729,0.8532510995864868
results_sciq_5000,BGE,high_similarity_wrong,underspecified_or_overspecified_answer,sample_851,"When we move down a group of elements on the periodic table, what happens to their electronegativity?",it decreases,Decreases,0,0.6666666666666666,0,0,0.8701293468475342,0.9141074419021606
results_sciq_5000,BGE,high_similarity_wrong,semantic_relatedness_not_correctness,sample_867,Which kinds of cells have nuclei and other membrane bound organelles?,eukaryotes,Eukaryotic cells,0,0.0,0,0,0.8649791479110718,0.9388816952705383
results_sciq_5000,BGE,high_similarity_wrong,semantic_relatedness_not_correctness,sample_875,What gas is released into the atmosphere when fossil fuels are burned?,co2,Carbon dioxide,0,0.0,0,0,0.8494598865509033,0.8872537612915039
results_sciq_5000,BGE,high_similarity_wrong,underspecified_or_overspecified_answer,sample_891,What kind of molecule is made from one or more long chains of amino acids?,protein molecule,Protein,0,0.6666666666666666,0,0,0.7665035128593445,0.8523244857788086
results_sciq_5000,BGE,high_similarity_wrong,underspecified_or_overspecified_answer,sample_915,What type of charge does a neutron have?,neutral or no charge,No charge,0,0.6666666666666666,0,0,0.5951952338218689,0.8006253242492676
results_sciq_5000,BGE,high_similarity_wrong,synonym_or_paraphrase_labeling_artifact,sample_917,Alkaline earth metals are what color?,silvery grey,Silvery white,0,0.5,0,0,0.8433994054794312,0.8366063833236694
results_sciq_5000,BGE,high_similarity_wrong,underspecified_or_overspecified_answer,sample_924,"When light is absorbed by a material, what may increase?",its temperature,Temperature,0,0.6666666666666666,0,0,0.8518869280815125,0.8228618502616882
results_sciq_5000,BGE,high_similarity_wrong,underspecified_or_overspecified_answer,sample_926,"Connective tissues typically have three characteristic components in common: cells, large amounts of amorphous ground substance, and what else?",protein fibers,fibers,0,0.6666666666666666,0,0,0.7849147319793701,0.858410120010376
results_sciq_5000,BGE,high_similarity_wrong,underspecified_or_overspecified_answer,sample_943,Mutations that lead to cancer usually occur in genes that control the cell cycle. these include tumor-suppressor genes and what?,proto-oncogenes,oncogenes,0,0.6666666666666666,0,0,0.7713516354560852,0.8349340558052063
results_sciq_5000,BGE,high_similarity_wrong,other_or_true_semantic_error,sample_950,Is the progeny produced by asexual reproduction stronger or weaker than seedlings produced by sexual reproduction?,stronger,Weaker,0,0.0,0,0,0.8366962671279907,0.8162902593612671
results_sciq_5000,BGE,high_similarity_wrong,morphology_or_inflection,sample_955,What takes the shape of the container they are placed in and have a definite volume?,liquids,Liquid,0,0.0,0,0,0.899107038974762,0.9444253444671631
results_sciq_5000,BGE,high_similarity_wrong,semantic_relatedness_not_correctness,sample_963,Why do players with more mass often have a larger impact in football?,momentum is larger,Greater momentum affects impact.,0,0.28571428571428575,0,0,0.7377790212631226,0.8848178386688232
results_sciq_5000,BGE,high_similarity_wrong,underspecified_or_overspecified_answer,sample_964,Corals build hard exoskeletons that grow to become what?,coral reefs,Reefs,0,0.6666666666666666,0,0,0.932502031326294,0.8988808989524841
results_sciq_5000,BGE,high_similarity_wrong,synonym_or_paraphrase_labeling_artifact,sample_973,What encloses the border of animal cells?,plasma membrane,Cell membrane,0,0.5,0,0,0.7394430637359619,0.9140177369117737
results_sciq_5000,BGE,high_similarity_wrong,semantic_relatedness_not_correctness,sample_979,All of the monatomic ions have oxidation numbers equal to their?,charges,charge,0,0.0,0,0,0.8498682975769043,0.9130043387413025
results_sciq_5000,BGE,high_similarity_wrong,semantic_relatedness_not_correctness,sample_981,Give an example of benthos that live near vents on the deep ocean floor.,tubeworms,Tube worms,0,0.0,0,0,0.9147738814353943,0.9121432900428772
results_sciq_5000,BGE,high_similarity_wrong,other_or_true_semantic_error,sample_986,What do electric motors use to change electrical energy into kinetic?,electromagnets,Magnetic fields,0,0.0,0,0,0.6388458609580994,0.8013060092926025
results_sciq_5000,BGE,high_similarity_wrong,synonym_or_paraphrase_labeling_artifact,sample_1001,What is the term for the energy of movement?,mechanical energy,Kinetic Energy,0,0.5,0,0,0.6771306991577148,0.8085545301437378
results_sciq_5000,BGE,high_similarity_wrong,semantic_relatedness_not_correctness,sample_1016,What type of thin lava forms shapes and tubes as it flows?,pāhoehoe,Pahoehoe,0,0.0,0,0,1.0,1.0
results_sciq_5000,BGE,high_similarity_wrong,underspecified_or_overspecified_answer,sample_1023,Hydrogen peroxide will decompose over time to produce _______ gas.,water and oxygen,Oxygen,0,0.5,0,0,0.8272407054901123,0.8562201857566833
results_sciq_5000,BGE,high_similarity_wrong,synonym_or_paraphrase_labeling_artifact,sample_1026,Boiling points increase with which kind of mass?,molar mass,Molecular mass,0,0.5,0,0,0.6311745643615723,0.8094658851623535
results_sciq_5000,BGE,high_similarity_wrong,underspecified_or_overspecified_answer,sample_1039,The genes that code for the positive cell cycle regulators are called what?,proto-oncogenes,Oncogenes,0,0.6666666666666666,0,0,0.77135169506073,0.8349338173866272
results_sciq_5000,BGE,high_similarity_wrong,morphology_or_inflection,sample_1042,The chemical behavior of elements can largely be explained by what?,electron configurations,Electron configuration,0,0.5,0,0,0.9687708616256714,0.976202666759491
results_sciq_5000,BGE,high_similarity_wrong,synonym_or_paraphrase_labeling_artifact,sample_1055,What theory explains the physical behavior of gases?,kinetic theory of gases,Kinetic Molecular Theory,0,0.5714285714285715,0,0,0.7724249958992004,0.9140295386314392
results_sciq_5000,BGE,high_similarity_wrong,synonym_or_paraphrase_labeling_artifact,sample_1060,What causes fertilization to occur?,sperm and an egg fuse,Sperm meets and fuses with an egg.,0,0.6,0,0,0.8910300135612488,0.9501231908798218
results_sciq_5000,BGE,high_similarity_wrong,underspecified_or_overspecified_answer,sample_1062,Proto-oncogenes normally help regulate what?,cell division,cell growth and division,0,0.6666666666666666,0,0,0.8432657122612,0.9221116304397583
results_sciq_5000,BGE,high_similarity_wrong,underspecified_or_overspecified_answer,sample_1085,Nearly all of what are constructed from a set of just 20 common amino acids?,biological proteins,Proteins,0,0.6666666666666666,0,0,0.9084293842315674,0.8311052918434143
results_sciq_5000,BGE,high_similarity_wrong,other_or_true_semantic_error,sample_1092,How is carbon dioxide and water vapor that is produced by cellular respiration released?,exhalation,Exhaled through lungs.,0,0.0,0,0,0.6736308932304382,0.8108303546905518
results_sciq_5000,BGE,high_similarity_wrong,underspecified_or_overspecified_answer,sample_1101,Single bonds allow the atoms they join to rotate freely about the what?,bond axis,axis,0,0.6666666666666666,0,0,0.6708235740661621,0.845374345779419
results_sciq_5000,BGE,high_similarity_wrong,morphology_or_inflection,sample_1119,What is the hardest of all minerals?,diamonds,Diamond,0,0.0,0,0,0.9040918350219727,0.9470739960670471
results_sciq_5000,BGE,high_similarity_wrong,semantic_relatedness_not_correctness,sample_1131,What is the term for long carbohydrate molecules of repeated monomer units joined together by glycosidic bonds?,polysaccharides,Polysaccharide,0,0.0,0,0,0.9641982913017273,0.9616138339042664
results_sciq_5000,BGE,high_similarity_wrong,underspecified_or_overspecified_answer,sample_1134,What speeds up the reactions of chemical digestion?,digestive enzymes,Enzymes,0,0.6666666666666666,0,0,0.8428895473480225,0.8863117694854736
results_sciq_5000,BGE,high_similarity_wrong,synonym_or_paraphrase_labeling_artifact,sample_1145,What is a strombolian eruption named for?,mt. stromboli,Stromboli volcano,0,0.5,0,0,0.7962019443511963,0.9002037644386292
results_sciq_5000,BGE,high_similarity_wrong,underspecified_or_overspecified_answer,sample_1163,Lenses make use of what to create images?,refraction of light,Refraction,0,0.5,0,0,0.8429913520812988,0.9260873794555664
results_sciq_5000,BGE,high_similarity_wrong,semantic_relatedness_not_correctness,sample_1174,What are the three classifications of elements?,"metals, non-metals and metaloids","Metals, nonmetals, metalloids",0,0.25,0,0,0.8375270366668701,0.8967441916465759
results_sciq_5000,BGE,high_similarity_wrong,synonym_or_paraphrase_labeling_artifact,sample_1182,What kind of diagrams can be used to illustrate electron movements and ion formation?,electron dot diagrams,Lewis dot diagrams,0,0.6666666666666666,0,0,0.7770742177963257,0.8646446466445923
results_sciq_5000,BGE,high_similarity_wrong,morphology_or_inflection,sample_1203,What is the term for the remains or traces of living organisms?,fossils,Fossil,0,0.0,0,0,0.9358166456222534,0.8892495036125183
results_sciq_5000,BGE,high_similarity_wrong,synonym_or_paraphrase_labeling_artifact,sample_1204,What type of disease is caused by pathogens?,infectious diseases,Infectious disease,0,0.5,0,0,0.9727953672409058,0.9619743227958679
results_sciq_5000,BGE,high_similarity_wrong,synonym_or_paraphrase_labeling_artifact,sample_1207,"Of the three basic types of emissions, which has the highest penetrating power?",gamma radiation,Gamma rays,0,0.5,0,0,0.8812044858932495,0.9409534931182861
results_sciq_5000,BGE,high_similarity_wrong,semantic_relatedness_not_correctness,sample_1218,"Occuring throughout the lifespan of the organism, what stages proceed in a certain order?",life cycle stages,Developmental stages,0,0.4,0,0,0.607054591178894,0.8654327392578125
results_sciq_5000,BGE,high_similarity_wrong,semantic_relatedness_not_correctness,sample_1230,What will happen if the gas particles inside an inflated balloon suddenly stop moving?,balloon deflates,The balloon will deflate.,0,0.4,0,0,0.7623334527015686,0.8784968852996826
results_sciq_5000,BGE,high_similarity_wrong,underspecified_or_overspecified_answer,sample_1239,What are the two types of fermentation?,lactic acid and alcoholic,"Alcoholic fermentation, Lactic acid fermentation",0,0.6666666666666665,0,0,0.8281095027923584,0.8962010741233826
results_sciq_5000,BGE,high_similarity_wrong,other_or_true_semantic_error,sample_1245,Gravitropism ensures that roots grow into the soil and that shoots grow toward what?,sunlight,light,0,0.0,0,0,0.6176567077636719,0.8082441091537476
results_sciq_5000,BGE,high_similarity_wrong,other_or_true_semantic_error,sample_1255,Opposite charges attract and like charges do what?,repulse,repel,0,0.0,0,0,0.7327120304107666,0.8256977200508118
results_sciq_5000,BGE,high_similarity_wrong,underspecified_or_overspecified_answer,sample_1259,"For most of a star’s life, hydrogen atoms fuse to form what?",helium atoms,helium,0,0.6666666666666666,0,0,0.8302637934684753,0.909991979598999
results_sciq_5000,BGE,high_similarity_wrong,underspecified_or_overspecified_answer,sample_1265,Elements are pure substances that make up what?,all matter,matter,0,0.6666666666666666,0,0,0.8418278098106384,0.8272978663444519
results_sciq_5000,BGE,high_similarity_wrong,synonym_or_paraphrase_labeling_artifact,sample_1271,What causes eutrophication to occur?,excess of fertilizers and other nutrients,Excess nutrient pollution.,0,0.2222222222222222,0,0,0.7257541418075562,0.8655414581298828
results_sciq_5000,BGE,high_similarity_wrong,underspecified_or_overspecified_answer,sample_1276,People with osteoporosis have an increase risk of what?,bone fractures,fractures,0,0.6666666666666666,0,0,0.9021431803703308,0.8907286524772644
results_sciq_5000,BGE,high_similarity_wrong,synonym_or_paraphrase_labeling_artifact,sample_1291,Why are the stems of many xerophytes fleshy?,stores water,To store water.,0,0.4,0,0,0.6834699511528015,0.8999088406562805
results_sciq_5000,BGE,high_similarity_wrong,other_or_true_semantic_error,sample_1310,Average global temperature has been doing what for the past several decades?,rising,increasing,0,0.0,0,0,0.5928135514259338,0.8147401809692383
results_sciq_5000,BGE,high_similarity_wrong,synonym_or_paraphrase_labeling_artifact,sample_1316,What makes the realized niche of chthamalus much smaller than its fundamental niche?,interspecific competition,Competition and predation,0,0.4,0,0,0.6300502419471741,0.8454384207725525
results_sciq_5000,BGE,high_similarity_wrong,underspecified_or_overspecified_answer,sample_1335,Enzymes speed up the rate of a specific chemical reaction and is therefore known as what?,biochemical catalysts,Catalysts,0,0.6666666666666666,0,0,0.6948969960212708,0.8285439610481262
results_sciq_5000,BGE,high_similarity_wrong,underspecified_or_overspecified_answer,sample_1347,The water in some springs are hot because they're heated by what?,hot magma,magma,0,0.6666666666666666,0,0,0.8715517520904541,0.8768808841705322
results_sciq_5000,BGE,high_similarity_wrong,synonym_or_paraphrase_labeling_artifact,sample_1363,What two systems are the lungs part of?,respiratory and excretory,Respiratory and circulatory systems.,0,0.5714285714285715,0,0,0.7109448909759521,0.8019565939903259
results_sciq_5000,BGE,high_similarity_wrong,underspecified_or_overspecified_answer,sample_1371,The numbers and types of species in most ecosystems change to some degree through time and this is called?,ecological succession,Succession,0,0.6666666666666666,0,0,0.7729817032814026,0.858629047870636
results_sciq_5000,BGE,high_similarity_wrong,underspecified_or_overspecified_answer,sample_1377,What carries the instructions from the nucleus to the cytoplasm?,messenger rna,RNA,0,0.6666666666666666,0,0,0.8352532982826233,0.8440054059028625
results_sciq_5000,BGE,high_similarity_wrong,underspecified_or_overspecified_answer,sample_1385,What consists of one or two closed loops through which current can flow?,electric circuit,Circuit,0,0.6666666666666666,0,0,0.8617344498634338,0.8564429879188538
results_sciq_5000,BGE,high_similarity_wrong,underspecified_or_overspecified_answer,sample_1396,Covalent bond energies can be used to estimate the enthalpy changes of what?,chemical reactions,reactions,0,0.6666666666666666,0,0,0.9083080291748047,0.8563743829727173
results_sciq_5000,BGE,high_similarity_wrong,synonym_or_paraphrase_labeling_artifact,sample_1400,"Graded potentials are temporary changes in what, the characteristics of which depend on the size of the stimuli?",membrane voltage,membrane potential,0,0.5,0,0,0.7795472741127014,0.8306665420532227
results_sciq_5000,BGE,high_similarity_wrong,semantic_relatedness_not_correctness,sample_1421,"In what energy industry process are fluids pumped through a borehole, creating fractures in the rock that contains the natural gas?",fracking,Hydraulic fracturing,0,0.0,0,0,0.5865604281425476,0.8578407168388367
results_sciq_5000,BGE,high_similarity_wrong,underspecified_or_overspecified_answer,sample_1460,What happens to meteors as they fall through the mesosphere?,they burn,They heat up and burn due to friction.,0,0.4,0,0,0.7004140019416809,0.8182418942451477
results_sciq_5000,BGE,high_similarity_wrong,synonym_or_paraphrase_labeling_artifact,sample_1491,What is produced when sulfur and oxygen combine?,sulfur oxide,Sulfur dioxide,0,0.5,0,0,0.8005786538124084,0.906377375125885
results_sciq_5000,BGE,high_similarity_wrong,underspecified_or_overspecified_answer,sample_1507,What is the arch called that forms when plasma of the sun flows along the loop that connects sunspots?,solar prominence,Prominence,0,0.6666666666666666,0,0,0.7206996083259583,0.8626132607460022
results_sciq_5000,BGE,high_similarity_wrong,semantic_relatedness_not_correctness,sample_1516,Which organ of the body do large tapeworms attack or block?,intestines,Intestine,0,0.0,0,0,0.9506204724311829,0.9723537564277649
results_sciq_5000,BGE,high_similarity_wrong,synonym_or_paraphrase_labeling_artifact,sample_1528,Carbon is a nonmetal with a significantly higher electronegativity; it is therefore more likely to accept electrons in what kind of reaction?,redox reaction,Oxidation reaction,0,0.5,0,0,0.6950966715812683,0.8148335814476013
results_sciq_5000,BGE,high_similarity_wrong,underspecified_or_overspecified_answer,sample_1539,How does the number of protons compare to the number of electrons in an electrically neutral atom?,they are equal,Equal,0,0.5,0,0,0.820079505443573,0.8751109838485718
results_sciq_5000,BGE,high_similarity_wrong,underspecified_or_overspecified_answer,sample_1544,What makes organic compounds ubiquitous is the chemistry of their what?,carbon core,carbon,0,0.6666666666666666,0,0,0.7784151434898376,0.8628530502319336
results_sciq_5000,BGE,high_similarity_wrong,other_or_true_semantic_error,sample_1548,What determines which type of precipitation falls?,air temperature,Temperature and atmospheric conditions,0,0.3333333333333333,0,0,0.7727423906326294,0.8139129877090454
results_sciq_5000,BGE,high_similarity_wrong,morphology_or_inflection,sample_1559,What type of butterfly do birds avoid eating since it makes them sick?,monarch butterflies,Monarch Butterfly,0,0.5,0,0,0.9257292151451111,0.9756098985671997
results_sciq_5000,BGE,high_similarity_wrong,synonym_or_paraphrase_labeling_artifact,sample_1568,Where is chemical energy stored?,atom bonds,In bonds of molecules.,0,0.3333333333333333,0,0,0.7573425769805908,0.8752297163009644
results_sciq_5000,BGE,high_similarity_wrong,synonym_or_paraphrase_labeling_artifact,sample_1570,What do you call the slope that forms the edge of the continent?,the continental slope,continental shelf,0,0.5,0,0,0.6182331442832947,0.8347339034080505
results_sciq_5000,BGE,high_similarity_wrong,other_or_true_semantic_error,sample_1587,What structures of the cardiovascular system help regulate body processes by either constricting or dilating?,blood vessels,Arterioles,0,0.0,0,0,0.6814484596252441,0.8213964700698853
results_sciq_5000,BGE,high_similarity_wrong,underspecified_or_overspecified_answer,sample_1598,What is the term for when a substance boils and changes to gas?,boiling point,Boiling,0,0.6666666666666666,0,0,0.8388190269470215,0.8267056941986084
results_sciq_5000,BGE,high_similarity_wrong,synonym_or_paraphrase_labeling_artifact,sample_1630,What does fiber help keep at normal levels in the body?,sugar and lipids,Blood sugar and cholesterol levels,0,0.5,0,0,0.5655947923660278,0.830228865146637
results_sciq_5000,BGE,high_similarity_wrong,other_or_true_semantic_error,sample_1632,Fossil fuels and nuclear power are what type of resource?,nonrenewable,Non-renewable,0,0.0,0,0,0.5962483286857605,0.8195158243179321
results_sciq_5000,BGE,high_similarity_wrong,underspecified_or_overspecified_answer,sample_1636,What is necessary for new alleles to be created?,new mutations,Mutation,0,0.0,0,0,0.88157719373703,0.8481096029281616
results_sciq_5000,BGE,high_similarity_wrong,synonym_or_paraphrase_labeling_artifact,sample_1642,What is the shape of the thyroid gland?,butterfly-shaped,Horseshoe-shaped,0,0.5,0,0,0.5541231632232666,0.8038545846939087
results_sciq_5000,BGE,high_similarity_wrong,other_or_true_semantic_error,sample_1653,"The uranium series is a chain constituting one what, which encompass naturally occurring isotopes of the heaviest elements?",radioactive decay family,nuclear decay series,0,0.3333333333333333,0,0,0.730259358882904,0.8189248442649841
results_sciq_5000,BGE,high_similarity_wrong,synonym_or_paraphrase_labeling_artifact,sample_1656,What do you call chemical reactions that take place inside living things?,biochemical reactions,Metabolic reactions,0,0.5,0,0,0.8086364269256592,0.8706371784210205
results_sciq_5000,BGE,high_similarity_wrong,synonym_or_paraphrase_labeling_artifact,sample_1669,Some consumers such as the mushroom get their energy from what?,dead organic matter,Decomposing organic matter,0,0.6666666666666666,0,0,0.7669438719749451,0.8118021488189697
results_sciq_5000,BGE,high_similarity_wrong,other_or_true_semantic_error,sample_1674,What is the number of protons in the nucleus?,atomic number,Number of protons defines the element.,0,0.28571428571428575,0,0,0.596953809261322,0.8031861782073975
results_sciq_5000,BGE,high_similarity_wrong,morphology_or_inflection,sample_1678,What takes both the shape and the volume of their container?,gases,Gas,0,0.0,0,0,0.8552169799804688,0.9047124981880188
results_sciq_5000,BGE,high_similarity_wrong,synonym_or_paraphrase_labeling_artifact,sample_1683,What do electromagnetic receptors detect?,electromagnetic radiation,Electromagnetic waves,0,0.5,0,0,0.8187431693077087,0.9126628041267395
results_sciq_5000,BGE,high_similarity_wrong,underspecified_or_overspecified_answer,sample_1686,"The stomach mucosa’s epithelial lining consists only of surface mucus cells, which secrete a protective coat of what?",alkaline mucus,mucus,0,0.6666666666666666,0,0,0.7499781847000122,0.838937520980835
results_sciq_5000,BGE,high_similarity_wrong,synonym_or_paraphrase_labeling_artifact,sample_1688,What is the process in which unstable nuclei become stable by emitting particles and energy and changing to different elements called?,radioactive decay,Nuclear decay,0,0.5,0,0,0.8623130917549133,0.8996140956878662
results_sciq_5000,BGE,high_similarity_wrong,morphology_or_inflection,sample_1700,"As with other organic compounds that form hydrogen bonds, water solubility of amines is reflected in the length of what?",carbon chains,carbon chain,0,0.5,0,0,0.9612225294113159,0.9691903591156006
results_sciq_5000,BGE,high_similarity_wrong,underspecified_or_overspecified_answer,sample_1714,What is it called when electrons are shared equally?,nonpolar bonds,Nonpolar covalent bond,0,0.4,0,0,0.8671671152114868,0.9387082457542419
results_sciq_5000,BGE,high_similarity_wrong,synonym_or_paraphrase_labeling_artifact,sample_1730,What causes continents to drift closer to the poles or the equator?,plate movements,Plate tectonics,0,0.5,0,0,0.6418176293373108,0.82630854845047
results_sciq_5000,BGE,high_similarity_wrong,underspecified_or_overspecified_answer,sample_1768,What are chemical messengers that control sexual development and reproduction?,sex hormones,Hormones,0,0.6666666666666666,0,0,0.8863123059272766,0.8600571155548096
results_sciq_5000,BGE,high_similarity_wrong,other_or_true_semantic_error,sample_1789,There are three flat skeletal muscles in the antero-lateral wall of what?,abdomen,abdominal cavity,0,0.0,0,0,0.7756999135017395,0.8247952461242676
results_sciq_5000,BGE,high_similarity_wrong,underspecified_or_overspecified_answer,sample_1804,What are materials that are poor thermal conductors called?,thermal insulators,Poor thermal conductors are called insulators.,0,0.5,0,0,0.8067763447761536,0.8472177386283875
results_sciq_5000,BGE,high_similarity_wrong,semantic_relatedness_not_correctness,sample_1817,"In police radar, a radar gun sends out short bursts of which waves?",microwaves,microwave,0,0.0,0,0,0.9358713030815125,0.9469925165176392
results_sciq_5000,BGE,high_similarity_wrong,underspecified_or_overspecified_answer,sample_1830,Where is the food stored before being mixed with the chyme?,fundus of the stomach,Stomach,0,0.5,0,0,0.6818381547927856,0.804862916469574
results_sciq_5000,BGE,high_similarity_wrong,morphology_or_inflection,sample_1850,Reversing the orientation of a chromosomal segment is called what?,inversions,Inversion,0,0.0,0,0,0.9534246921539307,0.9493474960327148
results_sciq_5000,BGE,high_similarity_wrong,underspecified_or_overspecified_answer,sample_1851,"What does the clitellum secrete, while the sperm received are stored temporarily?",cocoon of mucus,Mucus to form the cocoon,0,0.5714285714285715,0,0,0.9430035948753357,0.91996169090271
results_sciq_5000,BGE,high_similarity_wrong,semantic_relatedness_not_correctness,sample_1857,What type of light has shorter wavelengths than visible light and has enough energy to kill bacteria?,ultraviolet,UV light,0,0.0,0,0,0.7533000707626343,0.8872067928314209
results_sciq_5000,BGE,high_similarity_wrong,underspecified_or_overspecified_answer,sample_1873,Different clouds are associated with different types of what?,weather conditions,weather,0,0.6666666666666666,0,0,0.8520411849021912,0.867810845375061
results_sciq_5000,BGE,high_similarity_wrong,semantic_relatedness_not_correctness,sample_1899,"Farsightedness, or hyperopia, is the condition in which distant objects are seen clearly, but nearby objects are?",blurry,blurred,0,0.0,0,0,0.8593360781669617,0.8755369186401367
results_sciq_5000,BGE,high_similarity_wrong,other_or_true_semantic_error,sample_1914,What is the job of hemoglobin in the body?,transports oxygen,Carry oxygen to cells.,0,0.3333333333333333,0,0,0.7143465876579285,0.8409191370010376
results_sciq_5000,BGE,high_similarity_wrong,other_or_true_semantic_error,sample_1932,What type of cells are multiple small spaces located in the right and left sides of the ethmoid bone?,ethmoid air cells,Ethmocytes,0,0.0,0,0,0.689832329750061,0.826614260673523
results_sciq_5000,BGE,high_similarity_wrong,semantic_relatedness_not_correctness,sample_1935,The majority of solids are what in nature?,crystalline,crystals,0,0.0,0,0,0.850743293762207,0.8640325665473938
results_sciq_5000,BGE,high_similarity_wrong,underspecified_or_overspecified_answer,sample_1939,The term science comes from a latin word that means?,having knowledge,knowledge,0,0.6666666666666666,0,0,0.8402136564254761,0.8546446561813354
results_sciq_5000,BGE,high_similarity_wrong,other_or_true_semantic_error,sample_1980,What happens to cells in a hypertonic solution as water leaves the cell via osmosis?,shrinkage,Cells shrink.,0,0.0,0,0,0.6010667681694031,0.817487895488739
results_sciq_5000,BGE,high_similarity_wrong,morphology_or_inflection,sample_1997,When naming this type of ion the ending of the element’s name is dropped and replaced with the – ide suffix?,anions,Anion,0,0.0,0,0,0.8634364008903503,0.9486969113349915
results_sciq_5000,BGE,high_similarity_wrong,semantic_relatedness_not_correctness,sample_2006,Which theory explains how populations of organisms can change over time?,evolution by natural selection,Theory of Evolution,0,0.28571428571428575,0,0,0.7373174428939819,0.8563098311424255
results_sciq_5000,BGE,high_similarity_wrong,underspecified_or_overspecified_answer,sample_2013,What device uses electromagnetic induction to change the voltage of electric current?,electric transformer,Transformer,0,0.6666666666666666,0,0,0.8875646591186523,0.9015758037567139
results_sciq_5000,BGE,high_similarity_wrong,other_or_true_semantic_error,sample_2028,"Starch is a large, complex carbohydrate made of thousands of _____ joined together?",glucose units (monomers),glucose molecules,0,0.4,0,0,0.623633861541748,0.8125187754631042
results_sciq_5000,BGE,high_similarity_wrong,semantic_relatedness_not_correctness,sample_2035,"Like people with type 1 diabetes, people with type 2 diabetes must frequently check what level?",blood sugar,Blood glucose level,0,0.4,0,0,0.7211966514587402,0.8782447576522827
results_sciq_5000,BGE,high_similarity_wrong,semantic_relatedness_not_correctness,sample_2036,Many species in rhizaria are among the organisms referred to as what?,amoebas,Amoebae,0,0.0,0,0,0.8676393032073975,0.8741535544395447
results_sciq_5000,BGE,high_similarity_wrong,morphology_or_inflection,sample_2053,What does the human heart do?,pump blood,Pumps blood.,0,0.5,0,0,0.857200562953949,0.9254079461097717
results_sciq_5000,BGE,high_similarity_wrong,other_or_true_semantic_error,sample_2065,How can people access water in an aquifer that does not flow from a spring or a geyser?,dig a well,Drill a well into the aquifer.,0,0.3333333333333333,0,0,0.6155977845191956,0.8368290662765503
results_sciq_5000,BGE,high_similarity_wrong,morphology_or_inflection,sample_2072,What do you call taxes placed on products that produce carbon dioxide?,carbon taxes,Carbon tax,0,0.5,0,0,0.9760969877243042,0.9786095023155212
results_sciq_5000,BGE,high_similarity_wrong,synonym_or_paraphrase_labeling_artifact,sample_2093,What is the name of the mechanism in which sounds are encoded in microwaves by changing their frequency?,frequency modulation,Acoustic Modulation,0,0.5,0,0,0.7346345782279968,0.867908775806427
results_sciq_5000,BGE,high_similarity_wrong,synonym_or_paraphrase_labeling_artifact,sample_2096,What is the term for the use of radioactive decay to estimate the ages of fossils and rock?,radioactive dating,Radiometric dating,0,0.5,0,0,0.8247750401496887,0.9147346615791321
results_sciq_5000,BGE,high_similarity_wrong,other_or_true_semantic_error,sample_2099,What do chemotrophs extract energy from?,chemical compounds,Organic or inorganic compounds,0,0.3333333333333333,0,0,0.7717185020446777,0.8453105688095093
results_sciq_5000,BGE,high_similarity_wrong,synonym_or_paraphrase_labeling_artifact,sample_2111,What happens when a sodium atom loses an electron?,becomes sodium ion,Sodium ion (Na+) is formed.,0,0.5,0,0,0.8367732167243958,0.8965371251106262
results_sciq_5000,BGE,high_similarity_wrong,semantic_relatedness_not_correctness,sample_2118,What is the part of a plant whose primary role is to collect sunlight and make food by photosynthesis?,leaves,Leaf,0,0.0,0,0,0.8454664349555969,0.9029253125190735
results_sciq_5000,BGE,high_similarity_wrong,synonym_or_paraphrase_labeling_artifact,sample_2139,How many years ago did early amniotes diverge into two groups?,320 million years,350 million years ago,0,0.5714285714285715,0,0,0.7332507371902466,0.8280436396598816
results_sciq_5000,BGE,high_similarity_wrong,other_or_true_semantic_error,sample_2145,Is the digestive tract of many sharks longer or shorter than many other vertebrates?,shorter,Longer,0,0.0,0,0,0.8041277527809143,0.8187181353569031
results_sciq_5000,BGE,high_similarity_wrong,underspecified_or_overspecified_answer,sample_2151,Endothermic and exothermic reactions differ in whether the products or reactants store more of what?,chemical energy,energy,0,0.6666666666666666,0,0,0.7279230952262878,0.8061385154724121
results_sciq_5000,BGE,high_similarity_wrong,synonym_or_paraphrase_labeling_artifact,sample_2157,Carbon behaves as a metal because it conducts which two things well?,heat and electricity,electrical charge and heat,0,0.5714285714285715,0,0,0.819657564163208,0.8885772824287415
results_sciq_5000,BGE,high_similarity_wrong,synonym_or_paraphrase_labeling_artifact,sample_2160,Fruit fly and brine shrimp hox genes have evolved independently for how long?,400 million years,over 500 million years,0,0.5714285714285715,0,0,0.8940204381942749,0.881159782409668
results_sciq_5000,BGE,high_similarity_wrong,underspecified_or_overspecified_answer,sample_2162,What do tadpoles change into?,adult frogs,Frogs,0,0.6666666666666666,0,0,0.8245847225189209,0.8368039727210999
results_sciq_5000,BGE,high_similarity_wrong,synonym_or_paraphrase_labeling_artifact,sample_2180,What is the type of reproduction where part of the parent plant is used to generate a new plant?,asexual reproduction,Vegetative reproduction,0,0.5,0,0,0.6299651265144348,0.8272157311439514
results_sciq_5000,BGE,high_similarity_wrong,synonym_or_paraphrase_labeling_artifact,sample_2184,Sphenodontia sphenodontia (“wedge tooth”) arose in the mesozoic era and includes only one of what?,living genus,living species,0,0.5,0,0,0.7355523109436035,0.8130610585212708
results_sciq_5000,BGE,high_similarity_wrong,synonym_or_paraphrase_labeling_artifact,sample_2191,What three things do animals require in order to survive?,"air, water, food","food, water, shelter",0,0.6666666666666666,0,0,0.6873030066490173,0.8303393125534058
results_sciq_5000,BGE,high_similarity_wrong,morphology_or_inflection,sample_2196,What is less dense then either solids or liquids?,gases,Gas,0,0.0,0,0,0.8552170395851135,0.9047124981880188
results_sciq_5000,BGE,high_similarity_wrong,underspecified_or_overspecified_answer,sample_2213,"In machines that increase force, such as ramps and doorknobs and nutcrackers, what is the relation between output and input force?",output is greater,Output force is greater than input force.,0,0.6,0,0,0.6952751278877258,0.8370717763900757
results_sciq_5000,BGE,high_similarity_wrong,synonym_or_paraphrase_labeling_artifact,sample_2220,What type of behaviors do not have to be learned or practiced?,innate behaviors,Instinctive behaviors,0,0.5,0,0,0.723839282989502,0.8212940692901611
results_sciq_5000,BGE,high_similarity_wrong,underspecified_or_overspecified_answer,sample_2225,What type of device uses electromagnetic induction to change the voltage of electric current?,electronic transformer,Transformer,0,0.6666666666666666,0,0,0.8530305027961731,0.8640910983085632
results_sciq_5000,BGE,high_similarity_wrong,underspecified_or_overspecified_answer,sample_2228,What occurs over a large area when a rock is buried or compressed?,regional metamorphism,Metamorphism,0,0.6666666666666666,0,0,0.6867907643318176,0.8322709798812866
results_sciq_5000,BGE,high_similarity_wrong,synonym_or_paraphrase_labeling_artifact,sample_2233,What type of behavior is most flexible?,learned behavior,Learning behavior,0,0.5,0,0,0.8839156627655029,0.9460225105285645
results_sciq_5000,BGE,high_similarity_wrong,semantic_relatedness_not_correctness,sample_2243,What type of organism is a bacteria?,single-celled prokaryotic,Prokaryote,0,0.0,0,0,0.7014816403388977,0.8551470637321472
results_sciq_5000,BGE,high_similarity_wrong,synonym_or_paraphrase_labeling_artifact,sample_2251,Equal and oppositely directed forces produce what kind of acceleration?,no acceleration,Zero acceleration,0,0.5,0,0,0.7926230430603027,0.894718587398529
results_sciq_5000,BGE,high_similarity_wrong,underspecified_or_overspecified_answer,sample_2267,What helps treat bacterial infections in people?,antibiotic drugs,Antibiotics,0,0.0,0,0,0.8989872336387634,0.8838993906974792
results_sciq_5000,BGE,high_similarity_wrong,semantic_relatedness_not_correctness,sample_2289,What are the largest phylum in the animal kingdom?,arthropods,Arthropoda,0,0.0,0,0,0.8000447154045105,0.8586482405662537
results_sciq_5000,BGE,high_similarity_wrong,other_or_true_semantic_error,sample_2292,What is the purpose of utilizing careful farming practices such as rotating crops or planting nutrient rich crops?,improve soil quality,Maintain soil health and fertility.,0,0.25,0,0,0.6488094925880432,0.8473250269889832
results_sciq_5000,BGE,high_similarity_wrong,synonym_or_paraphrase_labeling_artifact,sample_2294,What is the biogeochemical cycle that recycles water called?,water cycle,Hydrologic cycle,0,0.5,0,0,0.8207811713218689,0.8979246020317078
results_sciq_5000,BGE,high_similarity_wrong,synonym_or_paraphrase_labeling_artifact,sample_2296,An atom can be classified as a particular element based solely on its what?,atomic number,number of protons,0,0.4,0,0,0.4937419593334198,0.8075389862060547
results_sciq_5000,BGE,high_similarity_wrong,semantic_relatedness_not_correctness,sample_2311,What term is used to describe birds that mate for an entire season or even stay paired for their entire life?,monogamous,Monogamy,0,0.0,0,0,0.9394605159759521,0.9084257483482361
results_sciq_5000,BGE,high_similarity_wrong,underspecified_or_overspecified_answer,sample_2312,What branch of science offers an overview of the physiology of humans?,human biology,Biology,0,0.6666666666666666,0,0,0.8723206520080566,0.8573541045188904
results_sciq_5000,BGE,high_similarity_wrong,synonym_or_paraphrase_labeling_artifact,sample_2313,"In atherosclerosis, thickening of an arterial wall due to this can restrict blood flow through the artery?",plaque formation,Plaque buildup,0,0.5,0,0,0.8571742177009583,0.9060393571853638
results_sciq_5000,BGE,high_similarity_wrong,semantic_relatedness_not_correctness,sample_2321,What make distant objects appear both nearer and larger?,telescopes,Telescope,0,0.0,0,0,0.9252793192863464,0.9149565696716309
results_sciq_5000,BGE,high_similarity_wrong,morphology_or_inflection,sample_2325,Pressure has a significant effect on the solubility of what state of matter?,gases,gas,0,0.0,0,0,0.8552170395851135,0.9047124981880188
results_sciq_5000,BGE,high_similarity_wrong,morphology_or_inflection,sample_2346,"Reflected in their relatively high level of intelligence and their ability to learn new behaviors, what organs tend to be relatively large in primates?",brains,Brain,0,0.0,0,0,0.9335721731185913,0.9362756609916687
results_sciq_5000,BGE,high_similarity_wrong,synonym_or_paraphrase_labeling_artifact,sample_2353,What type of waste is likely to explode?,explosive waste,Combustible waste,0,0.5,0,0,0.7033308148384094,0.8145895004272461
results_sciq_5000,BGE,high_similarity_wrong,synonym_or_paraphrase_labeling_artifact,sample_2363,"Upon ovulation, the oocyte released by the ovary is swept into where?",uterine tube,Fallopian tube,0,0.5,0,0,0.6137303113937378,0.8477523326873779
results_sciq_5000,BGE,high_similarity_wrong,underspecified_or_overspecified_answer,sample_2365,The number of waves that pass a fixed point in a given amount of time is referred to as what?,wave frequency,Frequency,0,0.6666666666666666,0,0,0.7779580950737,0.8519145250320435
results_sciq_5000,BGE,high_similarity_wrong,underspecified_or_overspecified_answer,sample_2399,A complete ionic equation is a chemical equation in which the dissolved ionic compounds are written as what?,separated ions,ions,0,0.6666666666666666,0,0,0.7945472598075867,0.8135479688644409
results_sciq_5000,BGE,high_similarity_wrong,synonym_or_paraphrase_labeling_artifact,sample_2432,What type of reproduction produces offspring from a single parent that share the exact same genetic material as the parent?,asexual reproduction,Clonal reproduction,0,0.5,0,0,0.6434427499771118,0.8213065266609192
results_sciq_5000,BGE,high_similarity_wrong,numeric_equivalence,sample_2433,Invertebrates make up what percentage of all animal species?,95 percent,95%,0,0.6666666666666666,0,0,0.9459183812141418,0.9722510576248169
results_sciq_5000,BGE,high_similarity_wrong,morphology_or_inflection,sample_2452,What are the largest known proteins?,titins,Titin,0,0.0,0,0,0.9071529507637024,0.9007471799850464
results_sciq_5000,BGE,high_similarity_wrong,synonym_or_paraphrase_labeling_artifact,sample_2467,What determines the color of visible light?,exact wavelength,Wavelength of light,0,0.4,0,0,0.8148754835128784,0.8039413690567017
results_sciq_5000,BGE,high_similarity_wrong,synonym_or_paraphrase_labeling_artifact,sample_2469,Earth rotates on its axis once each day and revolves around the sun how often?,once each year,Once per year,0,0.6666666666666666,0,0,0.9256126880645752,0.9677950739860535
results_sciq_5000,BGE,high_similarity_wrong,semantic_relatedness_not_correctness,sample_2473,Statoliths are starch-filled plastids that enable plant roots to detect what force?,gravity,Gravitational force,0,0.0,0,0,0.7904049158096313,0.8508158922195435
results_sciq_5000,BGE,high_similarity_wrong,other_or_true_semantic_error,sample_2479,"In physics, resistance is opposition to the flow of what?",electrical charges,electricity,0,0.0,0,0,0.7039397358894348,0.8078262209892273
results_sciq_5000,BGE,high_similarity_wrong,morphology_or_inflection,sample_2490,What is tube-shaped and brings urine from the kidneys to the urinary bladder?,ureters,Ureter,0,0.0,0,0,0.9309200644493103,0.9043335914611816
results_sciq_5000,BGE,high_similarity_wrong,synonym_or_paraphrase_labeling_artifact,sample_2502,The elements in group 2 are called what?,alkaline earth metals,Alkali earth metals,0,0.6666666666666666,0,0,0.9837723970413208,0.9280537962913513
results_sciq_5000,BGE,high_similarity_wrong,underspecified_or_overspecified_answer,sample_2506,Neurons are classified based on the direction in which they carry what?,nerve impulses,impulses,0,0.6666666666666666,0,0,0.7418379187583923,0.8650689721107483
results_sciq_5000,BGE,high_similarity_wrong,other_or_true_semantic_error,sample_2508,What makes monotremes different than other mammals?,they lay eggs,Egg-laying,0,0.0,0,0,0.7440567016601562,0.8458276987075806
results_sciq_5000,BGE,high_similarity_wrong,morphology_or_inflection,sample_2514,Where are protons found in the atom?,in the nucleus,Nucleus,0,0.6666666666666666,0,0,0.8950222730636597,0.8869050741195679
results_sciq_5000,BGE,high_similarity_wrong,underspecified_or_overspecified_answer,sample_2528,What celestial events are the source of elements heavier than iron?,supernovas,Supernova explosions,0,0.0,0,0,0.8559051752090454,0.842420756816864
results_sciq_5000,BGE,high_similarity_wrong,other_or_true_semantic_error,sample_2540,What might a scientist do to confirm the work of another?,replicate their work,Replicate the experiment.,0,0.4,0,0,0.5066384673118591,0.8296712636947632
results_sciq_5000,BGE,high_similarity_wrong,underspecified_or_overspecified_answer,sample_2542,A diver's air bubbles increase in size as he approaches the surface because what decreases?,water pressure,Pressure,0,0.6666666666666666,0,0,0.741796612739563,0.8337113857269287
results_sciq_5000,BGE,high_similarity_wrong,morphology_or_inflection,sample_2559,What attaches a muscle to a bone?,tendons,Tendon,0,0.0,0,0,0.9216893315315247,0.9339125752449036
results_sciq_5000,BGE,high_similarity_wrong,other_or_true_semantic_error,sample_2560,What are two common weather characteristics of hurricanes?,high winds and rainfall,"Strong winds, heavy rain",0,0.25,0,0,0.8435556292533875,0.8318188190460205
results_sciq_5000,BGE,high_similarity_wrong,other_or_true_semantic_error,sample_2563,Zeros that appear in front of all of the nonzero digits are called what?,left-end zeros,Leading zeros,0,0.4,0,0,0.7847482562065125,0.8247076869010925
results_sciq_5000,BGE,high_similarity_wrong,other_or_true_semantic_error,sample_2581,When does coal release most of its energy?,when burning,During combustion.,0,0.0,0,0,0.6788289546966553,0.8476757407188416
results_sciq_5000,BGE,high_similarity_wrong,numeric_equivalence,sample_2589,The cubic crystal system is composed of how many different types of unit cells?,three,3,0,0.0,0,0,0.8656187057495117,0.9156867861747742
results_sciq_5000,BGE,high_similarity_wrong,numeric_equivalence,sample_2598,How many bones does the  mammalian middle ear have?,three,3,0,0.0,0,0,0.8656186461448669,0.915686845779419
results_sciq_5000,BGE,high_similarity_wrong,semantic_relatedness_not_correctness,sample_2659,"Sharing a phylum with insects, spiders, daddy-long-legs, scorpions, and ticks belong to what class?",arachnids,Arachnida,0,0.0,0,0,0.8550059199333191,0.8693667054176331
results_sciq_5000,BGE,high_similarity_wrong,numeric_equivalence,sample_2663,"In a carbon triple bond, how many pairs of electrons are shared?",three,3,0,0.0,0,0,0.8656187653541565,0.915686845779419
results_sciq_5000,BGE,high_similarity_wrong,synonym_or_paraphrase_labeling_artifact,sample_2672,What do you call the angle of the earth's axis of rotation?,axial tilt,Tilt angle,0,0.5,0,0,0.7657345533370972,0.8448617458343506
results_sciq_5000,BGE,high_similarity_wrong,semantic_relatedness_not_correctness,sample_2673,What kind of structure do purines have?,double ring structure,Ringed structure,0,0.4,0,0,0.800028920173645,0.8720105886459351
results_sciq_5000,BGE,high_similarity_wrong,other_or_true_semantic_error,sample_2678,What occurs at joints?,body movements,Movement and sometimes pain,0,0.0,0,0,0.6071910858154297,0.8075270056724548
results_sciq_5000,BGE,high_similarity_wrong,semantic_relatedness_not_correctness,sample_2689,"What component of an organism, made up of many cells, in turn makes up an organ?",tissues,Tissue,0,0.0,0,0,0.9345924258232117,0.9581660032272339
results_sciq_5000,BGE,high_similarity_wrong,semantic_relatedness_not_correctness,sample_2703,Some women experience cramping and pain before and during what monthly cycle?,menstruation,Menstrual cycle,0,0.0,0,0,0.8701512813568115,0.8728215098381042
results_sciq_5000,BGE,high_similarity_wrong,underspecified_or_overspecified_answer,sample_2709,"Because force and electric field are what, they have direction as well as their value?",vectors,vector quantities,0,0.0,0,0,0.8047008514404297,0.8460413813591003
results_sciq_5000,BGE,high_similarity_wrong,synonym_or_paraphrase_labeling_artifact,sample_2712,"How thick is the earth's continental crust, on average?",35 kilometers,30 kilometers,0,0.5,0,0,0.9218296408653259,0.8850321769714355
results_sciq_5000,BGE,high_similarity_wrong,underspecified_or_overspecified_answer,sample_2716,What do vectors possess that scalars do not?,magnitude and direction,Direction,0,0.5,0,0,0.6727269291877747,0.8273698687553406
results_sciq_5000,BGE,high_similarity_wrong,semantic_relatedness_not_correctness,sample_2723,"What are commonly used to control insect pests, but can have harmful effects on the environment?",insecticides,Pesticides,0,0.0,0,0,0.9135580062866211,0.871768057346344
results_sciq_5000,BGE,high_similarity_wrong,underspecified_or_overspecified_answer,sample_2729,What is the way animals act either alone or with other animals called?,animal behavior,Behavior,0,0.6666666666666666,0,0,0.6417500972747803,0.8903073668479919
results_sciq_5000,BGE,high_similarity_wrong,synonym_or_paraphrase_labeling_artifact,sample_2732,What is the main difference between eukaryotic and prokaryotic cells?,eukaryotic cells have a nucleus,Eukaryotic cells have membrane-bound organelles.,0,0.6,0,0,0.6839258074760437,0.8598375916481018
results_sciq_5000,BGE,high_similarity_wrong,underspecified_or_overspecified_answer,sample_2737,Which virus causes cold sores?,herpes virus,Herpes simplex virus 1 (HSV-1),0,0.5,0,0,0.7316734790802002,0.8551581501960754
results_sciq_5000,BGE,high_similarity_wrong,other_or_true_semantic_error,sample_2740,"The units of time, day and year are based on what?",motions of earth,Earth's rotation and orbit around the Sun,0,0.2,0,0,0.5651825070381165,0.8102854490280151
results_sciq_5000,BGE,high_similarity_wrong,synonym_or_paraphrase_labeling_artifact,sample_2745,A weak and temporary dipole that influences nearby atoms through electrostatic attraction and repulsion is known as what?,an instantaneous dipole,Induced dipole,0,0.5,0,0,0.7017553448677063,0.8631303906440735
results_sciq_5000,BGE,high_similarity_wrong,synonym_or_paraphrase_labeling_artifact,sample_2751,What type of climate is found mostly near the equator?,warm tropical,Tropical climate,0,0.5,0,0,0.7890596389770508,0.8074570298194885
results_sciq_5000,BGE,high_similarity_wrong,other_or_true_semantic_error,sample_2779,"The toothlessness of modern birds, which serves to trim the weight of the head, is an example of what?",adaptation,Adaptive evolution,0,0.0,0,0,0.6548064947128296,0.8146962523460388
results_sciq_5000,BGE,high_similarity_wrong,other_or_true_semantic_error,sample_2796,Pathogenic prokaryotes usually cause illness by producing what?,poisons,Toxins,0,0.0,0,0,0.6821106672286987,0.8076841235160828
results_sciq_5000,BGE,high_similarity_wrong,semantic_relatedness_not_correctness,sample_2807,What process is the opposite of nitrogen fixation?,denitrification,Nitrification,0,0.0,0,0,0.4492960274219513,0.8619223237037659
results_sciq_5000,BGE,high_similarity_wrong,morphology_or_inflection,sample_2816,Most metals exist in which form at room temperature?,solids,Solid,0,0.0,0,0,0.7101394534111023,0.8635469675064087
results_sciq_5000,BGE,high_similarity_wrong,other_or_true_semantic_error,sample_2823,What is the term for the direct manipulation of genes for practical purposes?,genetic engineering,Gene editing,0,0.0,0,0,0.6011425256729126,0.8213717937469482
results_sciq_5000,BGE,high_similarity_wrong,semantic_relatedness_not_correctness,sample_2827,"What is the group of all the eukaryotes that are not fungi, animals, or plants called?",protists,Protista,0,0.0,0,0,0.8939943313598633,0.8957152366638184
results_sciq_5000,BGE,high_similarity_wrong,morphology_or_inflection,sample_2843,"Because opposite charges attract, oppositely charged ions attract each other to form what?",ionic bonds,An ionic bond,0,0.5,0,0,0.9440774917602539,0.9362415671348572
results_sciq_5000,BGE,high_similarity_wrong,underspecified_or_overspecified_answer,sample_2848,Who invented the taxonomic classification system?,carl linnaeus,Linnaeus,0,0.6666666666666666,0,0,0.9340915083885193,0.9077774286270142
results_sciq_5000,BGE,high_similarity_wrong,other_or_true_semantic_error,sample_2851,"What are biochemical compounds, such as fats and oils, that consist of fatty acids and store energy?",lipids,Triglycerides,0,0.0,0,0,0.644785463809967,0.8096030354499817
results_sciq_5000,BGE,high_similarity_wrong,other_or_true_semantic_error,sample_2855,Fertilized mollusk eggs develop into what?,larvae,Larva,0,0.0,0,0,0.736648440361023,0.8432057499885559
results_sciq_5000,BGE,high_similarity_wrong,synonym_or_paraphrase_labeling_artifact,sample_2881,What is the term for dating a rock based on composition decay?,radioactive dating,Radiometric dating,0,0.5,0,0,0.8247750401496887,0.9147346615791321
results_sciq_5000,BGE,high_similarity_wrong,underspecified_or_overspecified_answer,sample_2898,What are named for major physical or climatic features and for their predominant vegetation?,terrestrial biomes,Biomes,0,0.6666666666666666,0,0,0.7907138466835022,0.873870849609375
results_sciq_5000,BGE,high_similarity_wrong,semantic_relatedness_not_correctness,sample_2900,Diabetes is a non-infectious disease in which the body is unable to control the amount of what in the blood?,sugar,glucose,0,0.0,0,0,0.7176222801208496,0.8502970337867737
results_sciq_5000,BGE,high_similarity_wrong,underspecified_or_overspecified_answer,sample_2917,"What part of a mature plant cell is responsible for storing substances like water, enzymes, and salts?",central vacuole,Vacuole,0,0.6666666666666666,0,0,0.8017652034759521,0.8645166158676147
results_sciq_5000,BGE,high_similarity_wrong,semantic_relatedness_not_correctness,sample_2932,What is the term for sheets of cells that form a boundary between a mass of cells and a cavity or space?,epithelia,Epithelium,0,0.0,0,0,0.7674655914306641,0.925398588180542
results_sciq_5000,BGE,high_similarity_wrong,synonym_or_paraphrase_labeling_artifact,sample_2941,Where does evidence that magnetic reversals occur come from?,rocks on ocean floor,Magnetic stripes on the ocean floor.,0,0.6666666666666665,0,0,0.5947911143302917,0.8026028275489807
results_sciq_5000,BGE,high_similarity_wrong,morphology_or_inflection,sample_2970,The similarity in biochemical compounds between living things provides evidence for the evolution of species from what?,common ancestors,common ancestor,0,0.5,0,0,0.9126662015914917,0.9406930804252625
results_sciq_5000,BGE,high_similarity_wrong,underspecified_or_overspecified_answer,sample_2980,What is the term for the skeletal structure of the head that supports the face and protects the brain?,cranium (skull),Cranium,0,0.6666666666666666,0,0,0.8856167197227478,0.964127242565155
results_sciq_5000,BGE,high_similarity_wrong,semantic_relatedness_not_correctness,sample_3009,"An unknown genotype can be determined by observing what, the term for characteristics of the resulting offspring?",phenotypes,Phenotype,0,0.0,0,0,0.9682037234306335,0.9221993088722229
results_sciq_5000,BGE,high_similarity_wrong,numeric_equivalence,sample_3011,How much electricity is generated by an average car battery?,twelve volts,12 volts,0,0.5,0,0,0.9561252593994141,0.9557172060012817
results_sciq_5000,BGE,high_similarity_wrong,synonym_or_paraphrase_labeling_artifact,sample_3031,What are the attractive forces that occur between polar molecules called?,dipole-dipole forces,Dipole-dipole interactions,0,0.6666666666666666,0,0,0.8572719693183899,0.9006580710411072
results_sciq_5000,BGE,high_similarity_wrong,other_or_true_semantic_error,sample_3034,Amoebas and paramecia are examples of what?,protozoa,protists,0,0.0,0,0,0.4838957190513611,0.8143023252487183
results_sciq_5000,BGE,high_similarity_wrong,underspecified_or_overspecified_answer,sample_3039,What is the opening formed between adjacent vertebrae for the exit of a spinal nerve called?,intervertebral foramen,Foramen,0,0.6666666666666666,0,0,0.6876571774482727,0.8370637893676758
results_sciq_5000,BGE,high_similarity_wrong,semantic_relatedness_not_correctness,sample_3078,What occurs when the immune system is not working properly?,immunodeficiency,Immune deficiency,0,0.0,0,0,0.6579803228378296,0.8614268898963928
results_sciq_5000,BGE,high_similarity_wrong,underspecified_or_overspecified_answer,sample_3088,Minerals that are not pure elements are made of what?,chemical compounds,Compounds,0,0.6666666666666666,0,0,0.9084242582321167,0.9127016663551331
results_sciq_5000,BGE,high_similarity_wrong,semantic_relatedness_not_correctness,sample_3102,What do some animals grow to protect themselves in winter?,thicker fur,Thick fur or fat,0,0.3333333333333333,0,0,0.8393128514289856,0.9034046530723572
results_sciq_5000,BGE,high_similarity_wrong,synonym_or_paraphrase_labeling_artifact,sample_3119,What causes continents to drift closer to the poles or the equator?,plate movements,Plate tectonics.,0,0.5,0,0,0.6320016384124756,0.850395143032074
results_sciq_5000,BGE,high_similarity_wrong,semantic_relatedness_not_correctness,sample_3139,What are  electromagnetic waves created by?,oscillating charges,Vibrating electric charges,0,0.4,0,0,0.6618019938468933,0.8576818704605103
results_sciq_5000,BGE,high_similarity_wrong,synonym_or_paraphrase_labeling_artifact,sample_3156,"What are liverworts with a flattened, ribbon-like body called?",thallose liverworts,foliose liverworts,0,0.5,0,0,0.6277257204055786,0.8266319632530212
results_sciq_5000,BGE,high_similarity_wrong,semantic_relatedness_not_correctness,sample_3178,What causes nitrate to go back to its gaseous nitrogen state?,denitrifying bacteria,Denitrification,0,0.0,0,0,0.77131187915802,0.9099531769752502
results_sciq_5000,BGE,high_similarity_wrong,synonym_or_paraphrase_labeling_artifact,sample_3182,What type of analysis is performed to study gene expression patterns in cells?,rna analysis,RNA sequencing,0,0.5,0,0,0.7375521063804626,0.8634045720100403
results_sciq_5000,BGE,high_similarity_wrong,underspecified_or_overspecified_answer,sample_3185,An electrical signal along a nerve cell triggers the secretion of what?,neurotransmitter molecules,Neurotransmitters,0,0.0,0,0,0.8806831240653992,0.9415820837020874
results_sciq_5000,BGE,high_similarity_wrong,underspecified_or_overspecified_answer,sample_3189,What do omnivores eat?,plants & animals,Both plants and animals.,0,0.6666666666666666,0,0,0.8615657091140747,0.8539370894432068
results_sciq_5000,BGE,high_similarity_wrong,synonym_or_paraphrase_labeling_artifact,sample_3204,Not even light can escape from what extremely dense object sometimes found in deep space?,black holes,Black hole,0,0.5,0,0,0.9441515207290649,0.9340886473655701
results_sciq_5000,BGE,high_similarity_wrong,synonym_or_paraphrase_labeling_artifact,sample_3214,What is produced when sulfur and oxygen combine?,sulfur oxides,Sulfur dioxide,0,0.5,0,0,0.7763897180557251,0.8752899765968323
results_sciq_5000,BGE,high_similarity_wrong,morphology_or_inflection,sample_3239,What do you call different organs working together?,organ systems,Organ system,0,0.5,0,0,0.9640015959739685,0.9612444639205933
results_sciq_5000,BGE,high_similarity_wrong,underspecified_or_overspecified_answer,sample_3240,A machine is any device that makes work easier by doing what?,changing a force,changing the amount of force or speed or both,0,0.4,0,0,0.7302554845809937,0.8702310919761658
results_sciq_5000,BGE,high_similarity_wrong,synonym_or_paraphrase_labeling_artifact,sample_3283,Chemical equations need to be balanced to satisfy the law of what?,conservation of matter,conservation of mass,0,0.6666666666666666,0,0,0.7170177102088928,0.8645877242088318
results_sciq_5000,BGE,high_similarity_wrong,synonym_or_paraphrase_labeling_artifact,sample_3286,"Connected to agriculture, forestry, mining, and urbanization, what is the single biggest cause of extinction today?",habitat loss,Habitat destruction,0,0.5,0,0,0.8640176653862,0.8849877715110779
results_sciq_5000,BGE,high_similarity_wrong,other_or_true_semantic_error,sample_3295,What is the name for birds that live on water like ducks?,waterfowl,Aquatic birds,0,0.0,0,0,0.5855927467346191,0.8091451525688171
results_sciq_5000,BGE,high_similarity_wrong,semantic_relatedness_not_correctness,sample_3307,What keeps earth in orbit around the sun?,gravity,Gravitational force,0,0.0,0,0,0.7904050946235657,0.8508160710334778
results_sciq_5000,BGE,high_similarity_wrong,underspecified_or_overspecified_answer,sample_3309,Living organisms release carbon dioxide into the atmosphere by what method?,cellular respiration,Respiration,0,0.6666666666666666,0,0,0.852426290512085,0.8717406392097473
results_sciq_5000,BGE,high_similarity_wrong,underspecified_or_overspecified_answer,sample_3332,What do fish eggs hatch to form?,fish eggs hatch to form larvae,Fish larvae,0,0.5,0,0,0.7281978130340576,0.8913401365280151
results_sciq_5000,BGE,high_similarity_wrong,semantic_relatedness_not_correctness,sample_3338,What is the chemical formula for a glucose molecule?,c6 h12 o6,C6H12O6,0,0.0,0,0,0.7935800552368164,0.8765629529953003
results_sciq_5000,BGE,high_similarity_wrong,underspecified_or_overspecified_answer,sample_3339,"In physics, the number of waves that pass a fixed point in a given amount time is referred to as what ?",wave frequency,Frequency,0,0.6666666666666666,0,0,0.7779580950737,0.8519147038459778
results_sciq_5000,BGE,high_similarity_wrong,other_or_true_semantic_error,sample_3347,What is in the inside of your mouth and nose instead of skin?,mucous membranes,Mucosa,0,0.0,0,0,0.47882065176963806,0.834625244140625
results_sciq_5000,BGE,high_similarity_wrong,morphology_or_inflection,sample_3356,There are three different types of rna. all three types are needed to make what?,proteins,Protein,0,0.0,0,0,0.9462403059005737,0.9190239906311035
results_sciq_5000,BGE,high_similarity_wrong,synonym_or_paraphrase_labeling_artifact,sample_3364,The carrying angle is larger in females to accommodate their what?,wider pelvis,wider hips,0,0.5,0,0,0.7248530387878418,0.8866046667098999
results_sciq_5000,BGE,high_similarity_wrong,synonym_or_paraphrase_labeling_artifact,sample_3368,What forms a barrier between the cytoplasm and the environment outside the cell?,plasma membrane,Cell membrane,0,0.5,0,0,0.7394430637359619,0.9140177369117737
results_sciq_5000,BGE,high_similarity_wrong,semantic_relatedness_not_correctness,sample_3381,Bacteria are what kind of cell?,prokaryotes,Prokaryotic,0,0.0,0,0,0.9271088242530823,0.929705023765564
results_sciq_5000,BGE,high_similarity_wrong,semantic_relatedness_not_correctness,sample_3410,What are carbonated beverages pressurized with?,co2,Carbon dioxide,0,0.0,0,0,0.8494597673416138,0.8872536420822144
results_sciq_5000,BGE,high_similarity_wrong,underspecified_or_overspecified_answer,sample_3412,What happens to the rate of chemical reactions in higher temperatures?,they increase,Increase,0,0.6666666666666666,0,0,0.8088505268096924,0.8963800668716431
results_sciq_5000,BGE,high_similarity_wrong,other_or_true_semantic_error,sample_3420,Where in the periodic table of elements are the nonmetals located?,top right,Upper right corner,0,0.4,0,0,0.6355277895927429,0.847801685333252
results_sciq_5000,BGE,high_similarity_wrong,synonym_or_paraphrase_labeling_artifact,sample_3437,"Besides increasing the potential, how else can you increase current in a circuit?",decreasing the resistance,Decrease resistance,0,0.5,0,0,0.9428079724311829,0.9414923787117004
results_sciq_5000,BGE,high_similarity_wrong,underspecified_or_overspecified_answer,sample_3449,Transport vesicles move what type of molecules from the rough endoplasmic reticulum to the golgi apparatus?,proteins,Protein molecules,0,0.0,0,0,0.8317539095878601,0.8882428407669067
results_sciq_5000,BGE,high_similarity_wrong,underspecified_or_overspecified_answer,sample_3471,The primary lymphoid organs are the bone marrow and what else?,thymus gland,Thymus,0,0.6666666666666666,0,0,0.8273571133613586,0.8808972239494324
results_sciq_5000,BGE,high_similarity_wrong,underspecified_or_overspecified_answer,sample_3477,How do oceans help control global warming?,absorbing carbon dioxide,By absorbing heat and carbon dioxide.,0,0.6666666666666666,0,0,0.6192403435707092,0.8749725222587585
results_sciq_5000,BGE,high_similarity_wrong,semantic_relatedness_not_correctness,sample_3498,"In celsius, what is the boiling point of water?",one hundred degrees,100 degrees,0,0.4,0,0,0.9171867370605469,0.8979480266571045
results_sciq_5000,BGE,high_similarity_wrong,underspecified_or_overspecified_answer,sample_3501,A solute generally does what to the freezing point of a solvent?,lowers it,Lowers,0,0.6666666666666666,0,0,0.6901056170463562,0.847968578338623
results_sciq_5000,BGE,high_similarity_wrong,other_or_true_semantic_error,sample_3520,"Despite their name, what scientists study the atmosphere rather than colliding space rocks?",meteorologists,Atmospheric scientists,0,0.0,0,0,0.6745346784591675,0.8220093250274658
results_sciq_5000,BGE,high_similarity_wrong,underspecified_or_overspecified_answer,sample_3522,What illnesses are caused by damage to the alveoli of the lungs?,pneumonia and emphysema,"Pneumonia, pulmonary edema, emphysema",0,0.5714285714285715,0,0,0.915399968624115,0.8300740718841553
results_sciq_5000,BGE,high_similarity_wrong,other_or_true_semantic_error,sample_3530,"What are two other terms for dizygotic twins, which make good study subjects because they share many environmental conditions, but only about half of their polymorphisms?","fraternal, non-identical",Fraternal twins,0,0.4,0,0,0.6966703534126282,0.819115161895752
results_sciq_5000,BGE,high_similarity_wrong,other_or_true_semantic_error,sample_3532,Pseudohypertrophic muscular dystrophy is an inherited disorder that causes gradual deterioration of what?,muscles,Muscle tissue,0,0.0,0,0,0.6957353353500366,0.8047266006469727
results_sciq_5000,BGE,high_similarity_wrong,morphology_or_inflection,sample_3536,The periodic table is an arrangement of the elements in order of increasing what?,atomic numbers,atomic number,0,0.5,0,0,0.9763473868370056,0.9749096035957336
results_sciq_5000,BGE,high_similarity_wrong,underspecified_or_overspecified_answer,sample_3539,What is caused by human actions that releases chemical substances and particles into the air?,air pollution,Pollution,0,0.6666666666666666,0,0,0.8512415289878845,0.8604536056518555
results_sciq_5000,BGE,high_similarity_wrong,other_or_true_semantic_error,sample_3540,"The human body has as many as two trillion lymphocytes, and lymphocytes make up about 25% of all of what?",leukocytes,white blood cells,0,0.0,0,0,0.6794993877410889,0.8463085293769836
results_sciq_5000,BGE,high_similarity_wrong,underspecified_or_overspecified_answer,sample_3581,Glucose and fructose are considered this type of sugar?,"monosaccharides, or simple",Monosaccharides,0,0.5,0,0,0.9428415298461914,0.8885919451713562
results_sciq_5000,BGE,high_similarity_wrong,other_or_true_semantic_error,sample_3586,Matching donor and recipient blood types is important because different blood types have different types of what?,antibodies,antigens,0,0.0,0,0,0.7017048001289368,0.8225724101066589
results_sciq_5000,BGE,high_similarity_wrong,morphology_or_inflection,sample_3625,What is used to measure current through a resistor?,ammeters,Ammeter,0,0.0,0,0,0.9684168696403503,0.9426761865615845
results_sciq_5000,BGE,high_similarity_wrong,morphology_or_inflection,sample_3656,What are colonies of cells stuck to a surface called?,biofilms,Biofilm,0,0.0,0,0,0.9653210639953613,0.9537596106529236
results_sciq_5000,BGE,high_similarity_wrong,other_or_true_semantic_error,sample_3668,What type of diseases in humans are caused by protozoa?,protist diseases,Protozoan infections or diseases.,0,0.3333333333333333,0,0,0.5213798880577087,0.8239342570304871
results_sciq_5000,BGE,high_similarity_wrong,underspecified_or_overspecified_answer,sample_3671,What is the term for proportion of amount of product actually produced in a chemical reaction versus predicted amount ?,percent yield,Yield,0,0.6666666666666666,0,0,0.8216129541397095,0.8411294221878052
results_sciq_5000,BGE,high_similarity_wrong,underspecified_or_overspecified_answer,sample_3678,Where does the christmas tree worm live?,tropical coral reefs,in coral reefs,0,0.6666666666666666,0,0,0.8347591757774353,0.8146368861198425
results_sciq_5000,BGE,high_similarity_wrong,synonym_or_paraphrase_labeling_artifact,sample_3687,What type of mapping is critical for identifying  the location of genes that cause genetic diseases?,linkage mapping,Genetic mapping,0,0.5,0,0,0.5759491324424744,0.8592048287391663
results_sciq_5000,BGE,high_similarity_wrong,underspecified_or_overspecified_answer,sample_3691,The product of a system’s mass multiplied by its velocity is called what?,linear momentum,Momentum,0,0.6666666666666666,0,0,0.7231834530830383,0.8140569925308228
results_sciq_5000,BGE,high_similarity_wrong,underspecified_or_overspecified_answer,sample_3704,The separation of compounds on the basis of their solubilities in a given solvent is known as what?,fractional crystallization,Crystallization,0,0.6666666666666666,0,0,0.7642862200737,0.8436273336410522
results_sciq_5000,BGE,high_similarity_wrong,semantic_relatedness_not_correctness,sample_3714,What part of the plant is the main site of photosynthesis?,leaf,leaves,0,0.0,0,0,0.8454664945602417,0.9029252529144287
results_sciq_5000,BGE,high_similarity_wrong,other_or_true_semantic_error,sample_3747,"The muscles of the anterior compartment of the lower leg are generally responsible for dorsiflexion, and the muscles of the posterior compartment of the lower leg are generally responsible for this?",plantar flexion,plantarflexion,0,0.0,0,0,0.5338547229766846,0.8374398946762085
results_sciq_5000,BGE,high_similarity_wrong,synonym_or_paraphrase_labeling_artifact,sample_3761,What do you call a simple machine consisting of a sloping surface that connects lower and higher elevations?,inclined plane,Incline plane,0,0.5,0,0,0.8872367739677429,0.9159032106399536
results_sciq_5000,BGE,high_similarity_wrong,underspecified_or_overspecified_answer,sample_3764,In which kind of species do open circulatory systems serve additional functions?,some invertebrates,Invertebrates,0,0.6666666666666666,0,0,0.9583507180213928,0.8804250359535217
results_sciq_5000,BGE,high_similarity_wrong,synonym_or_paraphrase_labeling_artifact,sample_3767,Sensory organs that respond to particular sensory stimuli contain cells called what?,sensory receptors,Receptor cells,0,0.0,0,0,0.6395268440246582,0.826240599155426
results_sciq_5000,BGE,high_similarity_wrong,numeric_equivalence,sample_3785,How many quarks are in each proton and neutron?,three,3,0,0.0,0,0,0.8656185865402222,0.9156867265701294
results_sciq_5000,BGE,high_similarity_wrong,semantic_relatedness_not_correctness,sample_3796,The point in the titration at which an indicator changes color is called what?,end point,Endpoint,0,0.0,0,0,0.7589436769485474,0.8872403502464294
results_sciq_5000,BGE,high_similarity_wrong,underspecified_or_overspecified_answer,sample_3805,What is the body of a roundworm covered with?,tough cuticle,Cuticle,0,0.6666666666666666,0,0,0.8713212609291077,0.8524376153945923
results_sciq_5000,BGE,high_similarity_wrong,synonym_or_paraphrase_labeling_artifact,sample_3817,Gene therapy is a type of what kind of engineering?,genetic engineering,biological engineering,0,0.5,0,0,0.7828680872917175,0.8355075716972351
results_sciq_5000,BGE,high_similarity_wrong,synonym_or_paraphrase_labeling_artifact,sample_3818,What is mass number?,the total number of protons and neutrons in a nucleus,Sum of protons and neutrons in an atom's nucleus.,0,0.7058823529411765,0,0,0.8166661858558655,0.9038902521133423
results_sciq_5000,BGE,high_similarity_wrong,morphology_or_inflection,sample_3822,Different colors of light differ in terms of which important attribute?,wavelengths,Wavelength,0,0.0,0,0,0.9035454988479614,0.9319876432418823
results_sciq_5000,BGE,high_similarity_wrong,underspecified_or_overspecified_answer,sample_3824,"For most waves, energy is proportional to what, a term that describes the height of the wave?",wave amplitude,Amplitude,0,0.6666666666666666,0,0,0.8758887648582458,0.9164584875106812
results_sciq_5000,BGE,high_similarity_wrong,other_or_true_semantic_error,sample_3842,What are the three forms of water as found in nature?,"solid, liquid, gas","Ice, liquid, vapor",0,0.3333333333333333,0,0,0.6676840782165527,0.8098086714744568
results_sciq_5000,BGE,high_similarity_wrong,numeric_equivalence,sample_3844,How many major massive extinctions have been since life began on earth?,five,5,0,0.0,0,0,0.9229784607887268,0.9198909997940063
results_sciq_5000,BGE,high_similarity_wrong,synonym_or_paraphrase_labeling_artifact,sample_3845,What tool do scientist's use to show the evolutionary pathways and connections among organisms?,phylogenetic tree,Evolutionary tree,0,0.5,0,0,0.7718279957771301,0.9295077323913574
results_sciq_5000,BGE,high_similarity_wrong,synonym_or_paraphrase_labeling_artifact,sample_3862,Our global ecological footprint depends on resource use per person and what population factor?,population density,Population size,0,0.5,0,0,0.7178425788879395,0.8147445321083069
results_sciq_5000,BGE,high_similarity_wrong,other_or_true_semantic_error,sample_3863,What do all sound waves begin with?,vibrating matter,Vibration,0,0.0,0,0,0.7183651924133301,0.8403486013412476
results_sciq_5000,BGE,high_similarity_wrong,other_or_true_semantic_error,sample_3873,Daughter cells divide by what?,meiosis,Mitosis,0,0.0,0,0,0.5994451642036438,0.8414521813392639
results_sciq_5000,BGE,high_similarity_wrong,synonym_or_paraphrase_labeling_artifact,sample_3893,What makes sunsets appear red?,rayleigh scattering,Sunlight scattering,0,0.5,0,0,0.5780277848243713,0.8005382418632507
results_sciq_5000,BGE,high_similarity_wrong,synonym_or_paraphrase_labeling_artifact,sample_3901,What are mars' moons thought to be?,captured asteroids,Capture asteroids,0,0.5,0,0,0.9399473071098328,0.9313305020332336
results_sciq_5000,BGE,high_similarity_wrong,underspecified_or_overspecified_answer,sample_3923,What are 3 types of light?,"infrared, visible, ultraviolet","Visible light, infrared light, ultraviolet light",0,0.6666666666666666,0,0,0.9188412427902222,0.929341733455658
results_sciq_5000,BGE,high_similarity_wrong,morphology_or_inflection,sample_3925,"What type of organism, including sea stars and sand dollars, is named for their spiny skin?",echinoderms,Echinoderm,0,0.0,0,0,0.9349908828735352,0.9539349675178528
results_sciq_5000,BGE,high_similarity_wrong,semantic_relatedness_not_correctness,sample_3926,What is the term for a disease that is not contagious?,noninfectious disease,Non-infectious disease,0,0.4,0,0,0.8845261335372925,0.8918201923370361
results_sciq_5000,BGE,high_similarity_wrong,semantic_relatedness_not_correctness,sample_3928,What is it called when you touch a charged object to the earth?,grounding,Earthing,0,0.0,0,0,0.6711880564689636,0.9031903743743896
results_sciq_5000,BGE,high_similarity_wrong,synonym_or_paraphrase_labeling_artifact,sample_3930,What are the three types of symbiotic relationships?,"mutualism, communalism, parasitism","Commensalism, mutualism, parasitism",0,0.6666666666666666,0,0,0.8240023851394653,0.9153673648834229
results_sciq_5000,BGE,high_similarity_wrong,other_or_true_semantic_error,sample_3939,"What structures formed of twisted actin chains are found in almost every cell, and are numerous in muscle cells and cells that move by changing shape?",microfilaments,Fibers or filaments,0,0.0,0,0,0.7165771126747131,0.8199788331985474
results_sciq_5000,BGE,high_similarity_wrong,semantic_relatedness_not_correctness,sample_3958,In a pedigree what shape symbolizes males?,squares,Square,0,0.0,0,0,0.8701223134994507,0.9151335954666138
results_sciq_5000,BGE,high_similarity_wrong,synonym_or_paraphrase_labeling_artifact,sample_4019,What laws regulate radiation doses to which people can be exposed?,radiation protection laws,Radiation Protection Regulations,0,0.6666666666666666,0,0,0.9299086332321167,0.889401376247406
results_sciq_5000,BGE,high_similarity_wrong,other_or_true_semantic_error,sample_4025,"Tropical, temperate, continental, and polar are all examples of what?",climates,climate types,0,0.0,0,0,0.6430866122245789,0.8063876628875732
results_sciq_5000,BGE,high_similarity_wrong,synonym_or_paraphrase_labeling_artifact,sample_4030,Some materials have negative heats of solution; the dissolution of one of these solutes in water is called?,exothermic process,Endothermic process,0,0.5,0,0,0.8119081854820251,0.8688526153564453
results_sciq_5000,BGE,high_similarity_wrong,underspecified_or_overspecified_answer,sample_4042,What is the breakdown of unstable elements into stable elements called?,radioactive decay,Decay,0,0.6666666666666666,0,0,0.8243292570114136,0.8439711928367615
results_sciq_5000,BGE,high_similarity_wrong,synonym_or_paraphrase_labeling_artifact,sample_4051,What type of ecologists work to identify and manipulate the processes that most limit recovery of ecosystems from disturbances?,restoration ecologists,Recovery ecologists,0,0.5,0,0,0.815884530544281,0.9040324091911316
results_sciq_5000,BGE,high_similarity_wrong,underspecified_or_overspecified_answer,sample_4052,Name the two types of nucleic acids.,dna (deoxyribonucleic acid) and rna (ribonucleic acid),DNA and RNA,0,0.6,0,0,0.7983358502388,0.9065008759498596
results_sciq_5000,BGE,high_similarity_wrong,synonym_or_paraphrase_labeling_artifact,sample_4069,"Atmospheric pressure is increased, causing a greater amount of oxygen than normal to diffuse into the bloodstream of the patient, in what type of therapy?",hyperbaric chamber therapy,Hyperbaric oxygen therapy,0,0.6666666666666666,0,0,0.8162155747413635,0.8726560473442078
results_sciq_5000,BGE,high_similarity_wrong,semantic_relatedness_not_correctness,sample_4077,Ionic bonds between two atoms require one metal and one what?,nonmetal,non-metal,0,0.0,0,0,0.6843363642692566,0.8709826469421387
results_sciq_5000,BGE,high_similarity_wrong,semantic_relatedness_not_correctness,sample_4078,The pressurized gas of earth's atmosphere is contained by what force?,gravity,gravitational force,0,0.0,0,0,0.7904050946235657,0.8508158922195435
results_sciq_5000,BGE,high_similarity_wrong,underspecified_or_overspecified_answer,sample_4083,Oceans are divided into zones bases on distance from shore and what other factor?,water depth,depth,0,0.6666666666666666,0,0,0.7199625372886658,0.8211399912834167
results_sciq_5000,BGE,high_similarity_wrong,morphology_or_inflection,sample_4112,Where does photosynthesis occur in plants?,in chloroplasts,chloroplasts,0,0.6666666666666666,0,0,0.9197863340377808,0.892095685005188
results_sciq_5000,BGE,high_similarity_wrong,other_or_true_semantic_error,sample_4141,"Fractures, osteoarthritis, and rickets are problems of which body system?",skeletal system,Skeleton,0,0.0,0,0,0.6833153963088989,0.822242021560669
results_sciq_5000,BGE,high_similarity_wrong,underspecified_or_overspecified_answer,sample_4150,Quantities have two parts: the number (how many) and what else?,he unit,unit,0,0.6666666666666666,0,0,0.8321412205696106,0.8213463425636292
results_sciq_5000,BGE,high_similarity_wrong,semantic_relatedness_not_correctness,sample_4164,"What group includes the simplest eukaryotes, including most single-celled eukaryotes?",protists,Protista,0,0.0,0,0,0.8939942717552185,0.8957152962684631
results_sciq_5000,BGE,high_similarity_wrong,other_or_true_semantic_error,sample_4171,"Like animals, protozoa are heterotrophic and capable of what?",moving,movement,0,0.0,0,0,0.7621713876724243,0.8063139915466309
results_sciq_5000,BGE,high_similarity_wrong,semantic_relatedness_not_correctness,sample_4189,What are the two types of cells?,prokaryotes and eukaryotes,Prokaryotic and eukaryotic,0,0.3333333333333333,0,0,0.9559884667396545,0.9698194265365601
results_sciq_5000,BGE,high_similarity_wrong,morphology_or_inflection,sample_4191,The pine tree is the sporophyte; its sporangia are located on scalelike structures packed densely where?,in cones,cones,0,0.6666666666666666,0,0,0.8883453011512756,0.8979940414428711
results_sciq_5000,BGE,high_similarity_wrong,other_or_true_semantic_error,sample_4194,What term is used to describe organelles that are found only in animal cells?,centrioles,Centrosome,0,0.0,0,0,0.4324375092983246,0.8193837404251099
results_sciq_5000,BGE,high_similarity_wrong,underspecified_or_overspecified_answer,sample_4211,What term describes a region of space around an atom that has a non-zero probability for an electron with a particular energy?,atomic orbital,Orbital,0,0.6666666666666666,0,0,0.8275675773620605,0.8773253560066223
results_sciq_5000,BGE,high_similarity_wrong,semantic_relatedness_not_correctness,sample_4224,What anatomical structure serves as the conduit of the oocyte from the ovary to the uterus?,uterine tubes,Fallopian tube,0,0.0,0,0,0.5248456001281738,0.8517700433731079
results_sciq_5000,BGE,high_similarity_wrong,underspecified_or_overspecified_answer,sample_4244,"The cytoplasm of prokaryotic cells has a high concentration of dissolved solutes. therefore, the osmotic pressure within the cell is what?",relatively high,High,0,0.6666666666666666,0,0,0.6979489326477051,0.8005506992340088
results_sciq_5000,BGE,high_similarity_wrong,semantic_relatedness_not_correctness,sample_4266,Many countries have attempted to reduce the human impact on climate change by reducing their emission of what greenhouse gas?,carbon dioxide,CO2,0,0.0,0,0,0.8494598269462585,0.8872537016868591
results_sciq_5000,BGE,high_similarity_wrong,synonym_or_paraphrase_labeling_artifact,sample_4270,Behaviors that are closely controlled by genes and have little to no environmental influence are called what kinds of behaviors?,innate behaviors,Genetic behaviors,0,0.5,0,0,0.6368685364723206,0.8001855611801147
results_sciq_5000,BGE,high_similarity_wrong,numeric_equivalence,sample_4287,How many valence electrons can be found in a carbon atom?,four,4,0,0.0,0,0,0.8942000865936279,0.863497257232666
results_sciq_5000,BGE,high_similarity_wrong,other_or_true_semantic_error,sample_4288,"Diaphragm, lungs, and trachea take air deep into the body and provide oxygen gas to what?",bloodstream,Blood,0,0.0,0,0,0.6519523859024048,0.8036140203475952
results_sciq_5000,BGE,high_similarity_wrong,semantic_relatedness_not_correctness,sample_4291,A refrigerator must do work to reverse the normal direction of what?,thermal energy flow,Heat flow,0,0.4,0,0,0.8212952613830566,0.873666524887085
results_sciq_5000,BGE,high_similarity_wrong,synonym_or_paraphrase_labeling_artifact,sample_4297,What is observed when two perpendicular flagella moves?,spinning motion,Spiral motion,0,0.5,0,0,0.6704861521720886,0.8227760791778564
results_sciq_5000,BGE,high_similarity_wrong,semantic_relatedness_not_correctness,sample_4305,"Like other bryophytes, moss plants spend most of their life cycle as what?",gametophytes,gametophyte,0,0.0,0,0,0.9248483180999756,0.9690386652946472
results_sciq_5000,BGE,high_similarity_wrong,morphology_or_inflection,sample_4307,What form because water erodes the outside of curves and deposits eroded material on the inside?,meanders,Meander,0,0.0,0,0,0.8479833006858826,0.9293734431266785
results_sciq_5000,BGE,high_similarity_wrong,underspecified_or_overspecified_answer,sample_4332,What do earth and the other planets in the solar system make around the sun?,elliptical orbits,orbits,0,0.6666666666666666,0,0,0.777245283126831,0.840770959854126
results_sciq_5000,BGE,high_similarity_wrong,synonym_or_paraphrase_labeling_artifact,sample_4333,"What do anglerfish use their glow-in-the-dark, rod-like structure for?",to attract prey,Attracting prey.,0,0.4,0,0,0.8114320635795593,0.9572481513023376
results_sciq_5000,BGE,high_similarity_wrong,other_or_true_semantic_error,sample_4342,What is the process that ventilates lungs called?,breathing,Respiration,0,0.0,0,0,0.6130258440971375,0.807898223400116
results_sciq_5000,BGE,high_similarity_wrong,synonym_or_paraphrase_labeling_artifact,sample_4344,What are drilled to monitor groundwater pollution?,test wells,Monitoring wells,0,0.5,0,0,0.7293471097946167,0.8094603419303894
results_sciq_5000,BGE,high_similarity_wrong,synonym_or_paraphrase_labeling_artifact,sample_4349,How do gametophyte plants form haploid gametes?,through mitosis,Through meiosis.,0,0.5,0,0,0.64664226770401,0.8657552003860474
results_sciq_5000,BGE,high_similarity_wrong,semantic_relatedness_not_correctness,sample_4363,The a in atp is short for what?,adenosine,adenine,0,0.0,0,0,0.8256505131721497,0.8563432693481445
results_sciq_5000,BGE,high_similarity_wrong,underspecified_or_overspecified_answer,sample_4381,What devices convert mechanical energy to electric energy?,electric generators,Generators,0,0.6666666666666666,0,0,0.7798417806625366,0.8986839652061462
results_sciq_5000,BGE,high_similarity_wrong,semantic_relatedness_not_correctness,sample_4395,"Reducing the production of what gas, or removing it from the air, are practices that could reduce global warming?",carbon dioxide,CO2,0,0.0,0,0,0.8494597673416138,0.8872535228729248
results_sciq_5000,BGE,high_similarity_wrong,synonym_or_paraphrase_labeling_artifact,sample_4396,"There are a series of rules for naming branched alkanes (and, ultimately, for all organic compounds). these rules make up the system of nomenclature for naming what?",organic molecules,organic compounds,0,0.5,0,0,0.8456540703773499,0.8812460899353027
results_sciq_5000,BGE,high_similarity_wrong,synonym_or_paraphrase_labeling_artifact,sample_4418,What should you use to protect your eyes from chemicals?,eye goggles,Safety goggles,0,0.5,0,0,0.8186445832252502,0.8675839304924011
results_sciq_5000,BGE,high_similarity_wrong,synonym_or_paraphrase_labeling_artifact,sample_4440,"Inside a cylinder, thermal energy is converted to what type of energy of the moving piston?",kinetic energy,Mechanical energy,0,0.5,0,0,0.6771306395530701,0.8085545301437378
results_sciq_5000,BGE,high_similarity_wrong,underspecified_or_overspecified_answer,sample_4449,What is the measure of an individual’s weight-to-height ratio called?,body mass index (bmi),BMI,0,0.4,0,0,0.7910577654838562,0.8845366835594177
results_sciq_5000,BGE,high_similarity_wrong,synonym_or_paraphrase_labeling_artifact,sample_4455,Which law explains why a ship weighing thousands of metric tons floats on water?,archimedes' law,Archimedes' Principle,0,0.5,0,0,0.8453656435012817,0.9054373502731323
results_sciq_5000,BGE,high_similarity_wrong,morphology_or_inflection,sample_4477,Chloroplasts and chromoplasts are examples of which membrane bound organelle containing their own dna?,plastids,plastid,0,0.0,0,0,0.9135439395904541,0.9440909624099731
results_sciq_5000,BGE,high_similarity_wrong,underspecified_or_overspecified_answer,sample_4479,Viruses were assumed to exist before they were first seen with an electron microscope in which decade?,1930 ' s,1930s,0,0.0,0,0,0.865946888923645,0.877060055732727
results_sciq_5000,BGE,high_similarity_wrong,underspecified_or_overspecified_answer,sample_4483,Where are the seeds in gymnosperms found?,in cones,On the surface of cones.,0,0.3333333333333333,0,0,0.8061579465866089,0.8766069412231445
results_sciq_5000,BGE,high_similarity_wrong,underspecified_or_overspecified_answer,sample_4486,Hydrogen and helium are specifically involved as reactants in what nuclear reaction that is useful for making energy?,nuclear fusion,fusion,0,0.6666666666666666,0,0,0.8390926718711853,0.8962836861610413
results_sciq_5000,BGE,high_similarity_wrong,underspecified_or_overspecified_answer,sample_4492,What does fluorine attract better than any other element?,shared electrons,Electrons,0,0.6666666666666666,0,0,0.7218265533447266,0.8092526197433472
results_sciq_5000,BGE,high_similarity_wrong,synonym_or_paraphrase_labeling_artifact,sample_4506,A convergent plate boundary is created when two plates do what?,come toward each other,move towards each other.,0,0.5,0,0,0.7389649152755737,0.9169676899909973
results_sciq_5000,BGE,high_similarity_wrong,underspecified_or_overspecified_answer,sample_4512,What is the largest organ of the human body?,your skin,Skin,0,0.6666666666666666,0,0,0.8429903984069824,0.8250535130500793
results_sciq_5000,BGE,high_similarity_wrong,semantic_relatedness_not_correctness,sample_4514,What are boggy regions with thick layers of peat called?,peatlands,Peat bogs,0,0.0,0,0,0.8101840615272522,0.8919268846511841
results_sciq_5000,BGE,high_similarity_wrong,other_or_true_semantic_error,sample_4527,Water that is lost through the skin through evaporation from the skin surface without overt sweating and from air expelled from the lungs is known as what?,insensible water loss,Insensible perspiration,0,0.4,0,0,0.3792107403278351,0.8060303926467896
results_sciq_5000,BGE,high_similarity_wrong,other_or_true_semantic_error,sample_4528,What are the only innate behaviors in humans?,reflex behaviors,"Blinking, grasping, and sucking reflexes",0,0.0,0,0,0.6826131939888,0.8020511269569397
results_sciq_5000,BGE,high_similarity_wrong,other_or_true_semantic_error,sample_4542,A chain of what structures form as an oceanic plate moves over a hotspot?,volcanoes,Volcanic islands,0,0.0,0,0,0.7903878688812256,0.8374453783035278
results_sciq_5000,BGE,high_similarity_wrong,semantic_relatedness_not_correctness,sample_4549,What do you call a carnivore that eats mainly insects?,insectivores,Insectivore,0,0.0,0,0,0.9249594807624817,0.936063289642334
results_sciq_5000,BGE,high_similarity_wrong,semantic_relatedness_not_correctness,sample_4568,What branch of science aims to understand all about our planet and its environments?,earth science,Geoscience,0,0.0,0,0,0.7273309230804443,0.8544322848320007
results_sciq_5000,BGE,high_similarity_wrong,underspecified_or_overspecified_answer,sample_4582,What do you call materials that have high resistance to electric current?,electric insulators,Insulators,0,0.6666666666666666,0,0,0.9104823470115662,0.9434416890144348
results_sciq_5000,BGE,high_similarity_wrong,underspecified_or_overspecified_answer,sample_4589,The ions in ionic compounds are arranged in rigid three-dimensional patterns called what?,crystal lattices,crystals,0,0.0,0,0,0.6893793344497681,0.8076046705245972
results_sciq_5000,BGE,high_similarity_wrong,synonym_or_paraphrase_labeling_artifact,sample_4594,"Where does growth in length occur, above the root cap?",primary meristem,Apical meristem,0,0.5,0,0,0.572255551815033,0.8283023834228516
results_sciq_5000,BGE,high_similarity_wrong,underspecified_or_overspecified_answer,sample_4605,The lipids that are connected to the glucose pathways are cholesterol and triglycerides. cholesterol is a lipid that contributes to cell membrane flexibility and is a precursor of this?,steroid hormones,steroids,0,0.0,0,0,0.7356007695198059,0.8308590650558472
results_sciq_5000,BGE,high_similarity_wrong,underspecified_or_overspecified_answer,sample_4629,What are typically named for their major physical or climatic factors in addition to their predominant vegetation?,terrestrial biomes,Biomes,0,0.6666666666666666,0,0,0.7907137870788574,0.8738707304000854
results_sciq_5000,BGE,high_similarity_wrong,semantic_relatedness_not_correctness,sample_4642,What are the two types of photoreceptors in the retina?,rods and cones,Rod cells and cone cells,0,0.25,0,0,0.7334429621696472,0.8872426152229309
results_sciq_5000,BGE,high_similarity_wrong,numeric_equivalence,sample_4645,What type of plug is generally used on metal appliances?,3 prong,Three-prong plug,0,0.4,0,0,0.7108229398727417,0.9113308191299438
results_sciq_5000,BGE,high_similarity_wrong,semantic_relatedness_not_correctness,sample_4654,"What class of animal, including hydras and jellies, is considered the simplest to contain a nervous system?",cnidarians,Cnidaria,0,0.0,0,0,0.819509744644165,0.929402768611908
results_sciq_5000,BGE,high_similarity_wrong,semantic_relatedness_not_correctness,sample_4671,Scientists can use what tool to determine an earthquake's strength?,seismogram,Seismograph,0,0.0,0,0,0.846021831035614,0.9055941104888916
results_sciq_5000,BGE,high_similarity_wrong,semantic_relatedness_not_correctness,sample_4675,Chemical elements and water are constantly recycled in the ecosystem through what?,biogeochemical cycles,Water cycle and biosphere,0,0.0,0,0,0.6179454922676086,0.8591136336326599
results_sciq_5000,BGE,high_similarity_wrong,synonym_or_paraphrase_labeling_artifact,sample_4689,What is the primary cause of air movement in the troposphere?,differences in heating,Temperature differences,0,0.4,0,0,0.6209686994552612,0.855283260345459
results_sciq_5000,BGE,high_similarity_wrong,semantic_relatedness_not_correctness,sample_4702,What kind of electricity can you generate with the energy found in flowing water?,hydroelectric power,Hydropower,0,0.0,0,0,0.8505027294158936,0.9157235026359558
results_sciq_5000,BGE,high_similarity_wrong,synonym_or_paraphrase_labeling_artifact,sample_4706,What is typical weather for chicago in winter?,cold & snow,Cold and snowy.,0,0.4,0,0,0.9068706631660461,0.8429551124572754
results_sciq_5000,BGE,high_similarity_wrong,semantic_relatedness_not_correctness,sample_4722,What keeps the earth orbiting the sun?,gravity,Gravitational force,0,0.0,0,0,0.7904049754142761,0.8508158326148987
results_sciq_5000,BGE,high_similarity_wrong,numeric_equivalence,sample_4739,How long can a large star be on the main sequence stage?,10 million years,10 million to 10 billion years,0,0.6666666666666666,0,0,0.9067550301551819,0.9440416097640991
results_sciq_5000,BGE,high_similarity_wrong,synonym_or_paraphrase_labeling_artifact,sample_4745,The joint that lies between the radius and the ulna is what kind of joint?,pivot joint,Hinge joint,0,0.5,0,0,0.5348824858665466,0.8016683459281921
results_sciq_5000,BGE,high_similarity_wrong,semantic_relatedness_not_correctness,sample_4758,Norovirus causes the inflammation of the stomach and what else?,intestines,small intestine,0,0.0,0,0,0.7915711402893066,0.878233790397644
results_sciq_5000,BGE,high_similarity_wrong,semantic_relatedness_not_correctness,sample_4766,What type of animal eats both plants and animals?,omnivores,Omnivore,0,0.0,0,0,0.9600167870521545,0.9447436928749084
results_sciq_5000,BGE,high_similarity_wrong,semantic_relatedness_not_correctness,sample_4774,What are genes that are close together on the same chromosome called?,linked genes,Linkedgenes,0,0.0,0,0,0.6307126879692078,0.8619064092636108
results_sciq_5000,BGE,high_similarity_wrong,synonym_or_paraphrase_labeling_artifact,sample_4801,Which two basic parts of a plant develop tough outer coatings to protect the plant from the environment?,leaves and stems,Roots and stems,0,0.6666666666666666,0,0,0.7807021737098694,0.876903235912323
results_sciq_5000,BGE,high_similarity_wrong,other_or_true_semantic_error,sample_4803,"Oxygenated air, taken in during inhalation, diffuses across the surface of the lungs into the what?",bloodstream,blood,0,0.0,0,0,0.6519524455070496,0.8036139011383057
results_sciq_5000,BGE,high_similarity_wrong,underspecified_or_overspecified_answer,sample_4805,What is the type of plant called when its leaves seasonally turn color and fall off?,deciduous plant,Deciduous,0,0.6666666666666666,0,0,0.8972094058990479,0.8925638198852539
results_sciq_5000,BGE,high_similarity_wrong,numeric_equivalence,sample_4812,How many oxygen ions make up an ozone molecule?,three,3,0,0.0,0,0,0.8656187057495117,0.9156867265701294
results_sciq_5000,BGE,high_similarity_wrong,morphology_or_inflection,sample_4830,What are the two best known baryons?,protons and neutrons,"Proton, neutron",0,0.0,0,0,0.8760635852813721,0.9204132556915283
results_sciq_5000,BGE,high_similarity_wrong,underspecified_or_overspecified_answer,sample_4834,What are the two components of the autonomic nervous system?,parasympathetic and sympathetic,Sympathetic and parasympathetic nervous systems.,0,0.7499999999999999,0,0,0.9107546806335449,0.9004029035568237
results_sciq_5000,BGE,high_similarity_wrong,synonym_or_paraphrase_labeling_artifact,sample_4835,Where do lancelets live?,shallow ocean water,In shallow marine waters.,0,0.28571428571428575,0,0,0.7662824392318726,0.8918801546096802
results_sciq_5000,BGE,high_similarity_wrong,semantic_relatedness_not_correctness,sample_4838,In what unit is heat measured in?,joules,Joule,0,0.0,0,0,0.6452125310897827,0.9371069669723511
results_sciq_5000,BGE,high_similarity_wrong,other_or_true_semantic_error,sample_4876,"What single-celled organism can be either a predator, decomposer, herbivore, or parasite in the food chain?",protozoa,Protist,0,0.0,0,0,0.5158454775810242,0.8217954635620117
results_sciq_5000,BGE,high_similarity_wrong,semantic_relatedness_not_correctness,sample_4894,"During labor, what do contractions of the muscular walls of the uterus cause?",cervical dilation,Dilation and effacement of the cervix.,0,0.28571428571428575,0,0,0.7684822082519531,0.8594244718551636
results_sciq_5000,BGE,high_similarity_wrong,semantic_relatedness_not_correctness,sample_4901,What molecules with a nitrogen base are the basic components of nucleic acids?,nucleiotides,Nucleotides,0,0.0,0,0,0.9130929112434387,0.9511591792106628
results_sciq_5000,BGE,high_similarity_wrong,other_or_true_semantic_error,sample_4914,"Modern taxonomy is based on many hypotheses' of the evolutionary history of organisms, known as this?",phylogeny,Phylogenetic trees,0,0.0,0,0,0.6583510637283325,0.8434277176856995
results_sciq_5000,BGE,high_similarity_wrong,semantic_relatedness_not_correctness,sample_4915,What method plays a role in determining the approximate age of the earth and makes use of uranium?,radioactive dating,Uranium-lead dating,0,0.4,0,0,0.7453992962837219,0.8647478818893433
results_sciq_5000,BGE,high_similarity_wrong,synonym_or_paraphrase_labeling_artifact,sample_4938,What are the two classifications of natural resources?,renewable and nonrenewable,Renewable and Non-renewable,0,0.5714285714285715,0,0,0.8856490850448608,0.9126787185668945
results_sciq_5000,BGE,high_similarity_wrong,morphology_or_inflection,sample_4950,"Strangeness, charm, bottomness, and topness are properties of what subatomic particle?",quarks,quark,0,0.0,0,0,0.944909393787384,0.9345479011535645
results_sciq_5000,BGE,high_similarity_wrong,synonym_or_paraphrase_labeling_artifact,sample_4954,What are the most common types of compounds found on earth?,carbon-based compounds,Water and carbon compounds.,0,0.5714285714285715,0,0,0.7152007222175598,0.8287543654441833
results_sciq_5000,BGE,high_similarity_wrong,synonym_or_paraphrase_labeling_artifact,sample_4957,What happens to the volume of a gas as the kelvin temperature increases?,it increases,Volume increases.,0,0.5,0,0,0.722366213798523,0.8423750400543213
results_sciq_5000,BGE,high_similarity_wrong,other_or_true_semantic_error,sample_4960,What produces all the cells of the root and the root cap?,apical meristem,Meristematic tissue,0,0.0,0,0,0.6318630576133728,0.8472900390625
results_sciq_5000,BGE,high_similarity_wrong,underspecified_or_overspecified_answer,sample_4975,Introduction of antigens into the body through immunization can confer what benefit?,active immunity,Immunity,0,0.6666666666666666,0,0,0.876952052116394,0.8133411407470703
results_sciq_5000,BGE,high_similarity_wrong,morphology_or_inflection,sample_4977,What is the cause of most ocean waves?,winds,Wind.,0,0.0,0,0,0.8602063655853271,0.8806688189506531
results_sciq_5000,BGE,high_similarity_wrong,synonym_or_paraphrase_labeling_artifact,sample_4990,"These types of cella support young, growing parts of a plant?",collenchyma cells,Parenchyma cells,0,0.5,0,0,0.6981832385063171,0.8113583922386169
results_sciq_5000,BGE,high_similarity_wrong,synonym_or_paraphrase_labeling_artifact,sample_4991,What can be used to convert the energy provided by the sun to usable electrical energy?,solar cells,Solar panels,0,0.5,0,0,0.8423741459846497,0.8469173312187195
results_sciq_5000,MiniLM,high_similarity_wrong,morphology_or_inflection,sample_30,Where do angiosperms produce seeds in flowers?,ovaries,Ovary,0,0.0,0,0,0.8327299952507019,0.8951191902160645
results_sciq_5000,MiniLM,high_similarity_wrong,underspecified_or_overspecified_answer,sample_63,What's the term for the gradual progression from simple plants to larger more complex ones in an area?,primary succession,Succession,0,0.6666666666666666,0,0,0.8740105032920837,0.8195450901985168
results_sciq_5000,MiniLM,high_similarity_wrong,synonym_or_paraphrase_labeling_artifact,sample_88,Most of the pathogens that cause stis enter the body through mucous membranes of which organs?,reproductive organs,Sexual organs,0,0.5,0,0,0.8387917280197144,0.8908389210700989
results_sciq_5000,MiniLM,high_similarity_wrong,synonym_or_paraphrase_labeling_artifact,sample_95,"When water goes above and below its freezing point, what rock-breaking phenomenon is common?",ice wedging,Frost wedging,0,0.5,0,0,0.8144583702087402,0.8935737609863281
results_sciq_5000,MiniLM,high_similarity_wrong,numeric_equivalence,sample_108,How many different types of taste can be detected by taste buds?,five,5,0,0.0,0,0,0.9229784607887268,0.9198909997940063
results_sciq_5000,MiniLM,high_similarity_wrong,semantic_relatedness_not_correctness,sample_124,"A few earthquakes take place away from plate boundaries, these are called what?",intraplate earthquakes,Intra-plate earthquakes,0,0.4,0,0,0.8981689214706421,0.976912796497345
results_sciq_5000,MiniLM,high_similarity_wrong,underspecified_or_overspecified_answer,sample_152,What do ranchers fear will happen if wolves return?,livestock predation,Increase in predation on livestock.,0,0.5714285714285715,0,0,0.9333083629608154,0.9194748401641846
results_sciq_5000,MiniLM,high_similarity_wrong,other_or_true_semantic_error,sample_196,How many variables are used to describe the condition of a gas?,four,Three,0,0.0,0,0,0.8232482671737671,0.6993282437324524
results_sciq_5000,MiniLM,high_similarity_wrong,synonym_or_paraphrase_labeling_artifact,sample_216,Global warming will raise ocean levels due to melt water from glaciers and the greater volume of what?,warmer water,warm water,0,0.5,0,0,0.9005038738250732,0.9438206553459167
results_sciq_5000,MiniLM,high_similarity_wrong,morphology_or_inflection,sample_217,What are groups of young stars loosely held together by gravity called?,open clusters,Open cluster,0,0.5,0,0,0.9454847574234009,0.9744434952735901
results_sciq_5000,MiniLM,high_similarity_wrong,synonym_or_paraphrase_labeling_artifact,sample_220,What does the driving of turbines by the heating of water to steam accomplish?,generation of electricity,Generates electricity.,0,0.4,0,0,0.8558413982391357,0.8841770887374878
results_sciq_5000,MiniLM,high_similarity_wrong,underspecified_or_overspecified_answer,sample_221,What is a device that changes kinetic energy to electrical energy through electromagnetic induction?,an electric generator,Generator,0,0.6666666666666666,0,0,0.8309646248817444,0.8594815135002136
results_sciq_5000,MiniLM,high_similarity_wrong,synonym_or_paraphrase_labeling_artifact,sample_265,What are formed by the attraction between oppositely charged ions?,ionic bonds,Ionic compounds,0,0.5,0,0,0.8100942969322205,0.8575112819671631
results_sciq_5000,MiniLM,high_similarity_wrong,semantic_relatedness_not_correctness,sample_292,What are the two distinct types of cells found in the animal kingdom?,prokaryotes and eukaryotes,Eukaryotic and prokaryotic,0,0.3333333333333333,0,0,0.9513199925422668,0.9660742878913879
results_sciq_5000,MiniLM,high_similarity_wrong,other_or_true_semantic_error,sample_330,What are the 2 primary hosts of ebola in central africa?,apes and bats,"African fruit bats, non-human primates",0,0.2222222222222222,0,0,0.8035752177238464,0.7962236404418945
results_sciq_5000,MiniLM,high_similarity_wrong,morphology_or_inflection,sample_352,The function of which organ is to filter blood and form urine?,kidneys,Kidney,0,0.0,0,0,0.8868282437324524,0.9030758738517761
results_sciq_5000,MiniLM,high_similarity_wrong,other_or_true_semantic_error,sample_353,The attraction between all objects in the universe is known as ______.,gravity,gravitation,0,0.0,0,0,0.8280613422393799,0.8495526313781738
results_sciq_5000,MiniLM,high_similarity_wrong,underspecified_or_overspecified_answer,sample_372,Both diffusion and effusion are related to the speed at which what objects move?,gas molecules,molecules,0,0.6666666666666666,0,0,0.8015528917312622,0.8762996792793274
results_sciq_5000,MiniLM,high_similarity_wrong,semantic_relatedness_not_correctness,sample_383,"Different forms, or allotropes, of carbon are diamond, graphite, and what?",fullerenes,fullerene,0,0.0,0,0,0.8909990787506104,0.9689473509788513
results_sciq_5000,MiniLM,high_similarity_wrong,other_or_true_semantic_error,sample_396,"What property is characterized by eddies and swirls that mix layers of fluid together, unlike laminar flow?",turbulence,Turbulent flow,0,0.0,0,0,0.8127654790878296,0.8657864332199097
results_sciq_5000,MiniLM,high_similarity_wrong,numeric_equivalence,sample_405,The body is made up of how many types of tissue?,four,4,0,0.0,0,0,0.8942002058029175,0.8634973168373108
results_sciq_5000,MiniLM,high_similarity_wrong,semantic_relatedness_not_correctness,sample_415,"This heat is used to convert water into steam, which is then used to turn a turbine, thus generating what?",electrical power,Electricity,0,0.0,0,0,0.8583700060844421,0.8643051981925964
results_sciq_5000,MiniLM,high_similarity_wrong,underspecified_or_overspecified_answer,sample_438,What temperature scale is obtained by adding 273 degrees from the corresponding celsius temperature?,kelvin scale,Kelvin,0,0.6666666666666666,0,0,0.8134966492652893,0.9069657921791077
results_sciq_5000,MiniLM,high_similarity_wrong,other_or_true_semantic_error,sample_486,How many different types of stresses are there?,four,Three,0,0.0,0,0,0.8232482671737671,0.6993283033370972
results_sciq_5000,MiniLM,high_similarity_wrong,other_or_true_semantic_error,sample_494,Producers at the base of ecological food webs are also known as?,autotrophic,Autotrophs,0,0.0,0,0,0.8083309531211853,0.8845455646514893
results_sciq_5000,MiniLM,high_similarity_wrong,underspecified_or_overspecified_answer,sample_497,What is the study of the similarities and differences in the embryos of different species?,comparative embryology,Embryology,0,0.6666666666666666,0,0,0.8779030442237854,0.8416478037834167
results_sciq_5000,MiniLM,high_similarity_wrong,other_or_true_semantic_error,sample_508,Emissions of what gas into the atmosphere from fossil fuel burning have been rising for the past several decades?,carbon dioxide,CO2,0,0.0,0,0,0.8494598269462585,0.8872535824775696
results_sciq_5000,MiniLM,high_similarity_wrong,morphology_or_inflection,sample_564,What is the name for a biologist who studies fungi?,mycologists,Mycologist,0,0.0,0,0,0.9269847869873047,0.8971847295761108
results_sciq_5000,MiniLM,high_similarity_wrong,numeric_equivalence,sample_565,How many different kinds of ions are produced when sodium chloride dissociates ?,two,2,0,0.0,0,0,0.8183469772338867,0.8677992224693298
results_sciq_5000,MiniLM,high_similarity_wrong,semantic_relatedness_not_correctness,sample_599,"Like other bryophytes, moss plants spend most of their life cycle as?",gametophytes,gametophyte,0,0.0,0,0,0.9248483180999756,0.969038724899292
results_sciq_5000,MiniLM,high_similarity_wrong,synonym_or_paraphrase_labeling_artifact,sample_634,"During karyogamy, the haploid nuclei contributed by the two parents fuse, which produces what?",diploid cells,Diploid nucleus,0,0.5,0,0,0.8178846836090088,0.85603266954422
results_sciq_5000,MiniLM,high_similarity_wrong,underspecified_or_overspecified_answer,sample_682,What device changes kinetic energy to electrical energy through electromagnetic induction?,electric generator,Generator,0,0.6666666666666666,0,0,0.849216103553772,0.8966141939163208
results_sciq_5000,MiniLM,high_similarity_wrong,morphology_or_inflection,sample_720,What forms when an atom gains electrons?,anions,Anion,0,0.0,0,0,0.8634363412857056,0.9486968517303467
results_sciq_5000,MiniLM,high_similarity_wrong,synonym_or_paraphrase_labeling_artifact,sample_725,Examples of acute forms of what type of diseases include the common cold and influenza?,viral diseases,Viral infections,0,0.5,0,0,0.868356466293335,0.897668182849884
results_sciq_5000,MiniLM,high_similarity_wrong,underspecified_or_overspecified_answer,sample_735,"According to law, what must packaged foods carry?",nutrition facts label,Nutrition labels,0,0.4,0,0,0.8418704867362976,0.912082314491272
results_sciq_5000,MiniLM,high_similarity_wrong,numeric_equivalence,sample_742,"What is the ph level of neutral, pure water?",seven,7,0,0.0,0,0,0.9258615970611572,0.904780387878418
results_sciq_5000,MiniLM,high_similarity_wrong,synonym_or_paraphrase_labeling_artifact,sample_797,The tidal forces near what celestial phenomena are so great they can actually tear matter from a companion star?,black holes,Black hole,0,0.5,0,0,0.9441515803337097,0.9340886473655701
results_sciq_5000,MiniLM,high_similarity_wrong,morphology_or_inflection,sample_805,What creates charged regions in a water molecule?,polar covalent bonds,Polar covalent bond,0,0.6666666666666666,0,0,0.9792749285697937,0.9824459552764893
results_sciq_5000,MiniLM,high_similarity_wrong,synonym_or_paraphrase_labeling_artifact,sample_842,"What title is used to describe health professionals who use nonsurgical techniques to help patients with musculoskeletal system problems that involve the bones, muscles, ligaments, tendons, or nervous system?",chiropractor chiropractors,Chiropractor,0,0.6666666666666666,0,0,0.9310474395751953,0.9531294107437134
results_sciq_5000,MiniLM,high_similarity_wrong,underspecified_or_overspecified_answer,sample_844,Fog disappears when the water droplets change back to what?,water vapor,vapor,0,0.6666666666666666,0,0,0.8686754703521729,0.8532510995864868
results_sciq_5000,MiniLM,high_similarity_wrong,underspecified_or_overspecified_answer,sample_851,"When we move down a group of elements on the periodic table, what happens to their electronegativity?",it decreases,Decreases,0,0.6666666666666666,0,0,0.8701293468475342,0.9141074419021606
results_sciq_5000,MiniLM,high_similarity_wrong,synonym_or_paraphrase_labeling_artifact,sample_858,What occurs when a substance diffuses through a cell membrane without any help from other molecules?,simple diffusion,Facilitated diffusion,0,0.5,0,0,0.8016706109046936,0.7593908905982971
results_sciq_5000,MiniLM,high_similarity_wrong,semantic_relatedness_not_correctness,sample_867,Which kinds of cells have nuclei and other membrane bound organelles?,eukaryotes,Eukaryotic cells,0,0.0,0,0,0.8649791479110718,0.9388816952705383
results_sciq_5000,MiniLM,high_similarity_wrong,other_or_true_semantic_error,sample_875,What gas is released into the atmosphere when fossil fuels are burned?,co2,Carbon dioxide,0,0.0,0,0,0.8494598865509033,0.8872537612915039
results_sciq_5000,MiniLM,high_similarity_wrong,synonym_or_paraphrase_labeling_artifact,sample_917,Alkaline earth metals are what color?,silvery grey,Silvery white,0,0.5,0,0,0.8433994054794312,0.8366063833236694
results_sciq_5000,MiniLM,high_similarity_wrong,underspecified_or_overspecified_answer,sample_924,"When light is absorbed by a material, what may increase?",its temperature,Temperature,0,0.6666666666666666,0,0,0.8518869280815125,0.8228618502616882
results_sciq_5000,MiniLM,high_similarity_wrong,other_or_true_semantic_error,sample_950,Is the progeny produced by asexual reproduction stronger or weaker than seedlings produced by sexual reproduction?,stronger,Weaker,0,0.0,0,0,0.8366962671279907,0.8162902593612671
results_sciq_5000,MiniLM,high_similarity_wrong,morphology_or_inflection,sample_955,What takes the shape of the container they are placed in and have a definite volume?,liquids,Liquid,0,0.0,0,0,0.899107038974762,0.9444253444671631
results_sciq_5000,MiniLM,high_similarity_wrong,underspecified_or_overspecified_answer,sample_964,Corals build hard exoskeletons that grow to become what?,coral reefs,Reefs,0,0.6666666666666666,0,0,0.932502031326294,0.8988808989524841
results_sciq_5000,MiniLM,high_similarity_wrong,other_or_true_semantic_error,sample_979,All of the monatomic ions have oxidation numbers equal to their?,charges,charge,0,0.0,0,0,0.8498682975769043,0.9130043387413025
results_sciq_5000,MiniLM,high_similarity_wrong,semantic_relatedness_not_correctness,sample_981,Give an example of benthos that live near vents on the deep ocean floor.,tubeworms,Tube worms,0,0.0,0,0,0.9147738814353943,0.9121432900428772
results_sciq_5000,MiniLM,high_similarity_wrong,semantic_relatedness_not_correctness,sample_1016,What type of thin lava forms shapes and tubes as it flows?,pāhoehoe,Pahoehoe,0,0.0,0,0,1.0,1.0
results_sciq_5000,MiniLM,high_similarity_wrong,underspecified_or_overspecified_answer,sample_1023,Hydrogen peroxide will decompose over time to produce _______ gas.,water and oxygen,Oxygen,0,0.5,0,0,0.8272407054901123,0.8562201857566833
results_sciq_5000,MiniLM,high_similarity_wrong,morphology_or_inflection,sample_1042,The chemical behavior of elements can largely be explained by what?,electron configurations,Electron configuration,0,0.5,0,0,0.9687708616256714,0.976202666759491
results_sciq_5000,MiniLM,high_similarity_wrong,synonym_or_paraphrase_labeling_artifact,sample_1060,What causes fertilization to occur?,sperm and an egg fuse,Sperm meets and fuses with an egg.,0,0.6,0,0,0.8910300135612488,0.9501231908798218
results_sciq_5000,MiniLM,high_similarity_wrong,underspecified_or_overspecified_answer,sample_1062,Proto-oncogenes normally help regulate what?,cell division,cell growth and division,0,0.6666666666666666,0,0,0.8432657122612,0.9221116304397583
results_sciq_5000,MiniLM,high_similarity_wrong,underspecified_or_overspecified_answer,sample_1085,Nearly all of what are constructed from a set of just 20 common amino acids?,biological proteins,Proteins,0,0.6666666666666666,0,0,0.9084293842315674,0.8311052918434143
results_sciq_5000,MiniLM,high_similarity_wrong,numeric_equivalence,sample_1097,Superconductors are materials with a resistivity of?,zero,0,0,0.0,0,0,0.8644563555717468,0.5478475689888
results_sciq_5000,MiniLM,high_similarity_wrong,morphology_or_inflection,sample_1119,What is the hardest of all minerals?,diamonds,Diamond,0,0.0,0,0,0.9040918350219727,0.9470739960670471
results_sciq_5000,MiniLM,high_similarity_wrong,semantic_relatedness_not_correctness,sample_1131,What is the term for long carbohydrate molecules of repeated monomer units joined together by glycosidic bonds?,polysaccharides,Polysaccharide,0,0.0,0,0,0.9641982913017273,0.9616138339042664
results_sciq_5000,MiniLM,high_similarity_wrong,underspecified_or_overspecified_answer,sample_1134,What speeds up the reactions of chemical digestion?,digestive enzymes,Enzymes,0,0.6666666666666666,0,0,0.8428895473480225,0.8863117694854736
results_sciq_5000,MiniLM,high_similarity_wrong,underspecified_or_overspecified_answer,sample_1163,Lenses make use of what to create images?,refraction of light,Refraction,0,0.5,0,0,0.8429913520812988,0.9260873794555664
results_sciq_5000,MiniLM,high_similarity_wrong,other_or_true_semantic_error,sample_1174,What are the three classifications of elements?,"metals, non-metals and metaloids","Metals, nonmetals, metalloids",0,0.25,0,0,0.8375270366668701,0.8967441916465759
results_sciq_5000,MiniLM,high_similarity_wrong,morphology_or_inflection,sample_1203,What is the term for the remains or traces of living organisms?,fossils,Fossil,0,0.0,0,0,0.9358166456222534,0.8892495036125183
results_sciq_5000,MiniLM,high_similarity_wrong,synonym_or_paraphrase_labeling_artifact,sample_1204,What type of disease is caused by pathogens?,infectious diseases,Infectious disease,0,0.5,0,0,0.9727953672409058,0.9619743227958679
results_sciq_5000,MiniLM,high_similarity_wrong,synonym_or_paraphrase_labeling_artifact,sample_1207,"Of the three basic types of emissions, which has the highest penetrating power?",gamma radiation,Gamma rays,0,0.5,0,0,0.8812044858932495,0.9409534931182861
results_sciq_5000,MiniLM,high_similarity_wrong,underspecified_or_overspecified_answer,sample_1239,What are the two types of fermentation?,lactic acid and alcoholic,"Alcoholic fermentation, Lactic acid fermentation",0,0.6666666666666665,0,0,0.8281095027923584,0.8962010741233826
results_sciq_5000,MiniLM,high_similarity_wrong,underspecified_or_overspecified_answer,sample_1259,"For most of a star’s life, hydrogen atoms fuse to form what?",helium atoms,helium,0,0.6666666666666666,0,0,0.8302637934684753,0.909991979598999
results_sciq_5000,MiniLM,high_similarity_wrong,underspecified_or_overspecified_answer,sample_1265,Elements are pure substances that make up what?,all matter,matter,0,0.6666666666666666,0,0,0.8418278098106384,0.8272978663444519
results_sciq_5000,MiniLM,high_similarity_wrong,underspecified_or_overspecified_answer,sample_1276,People with osteoporosis have an increase risk of what?,bone fractures,fractures,0,0.6666666666666666,0,0,0.9021431803703308,0.8907286524772644
results_sciq_5000,MiniLM,high_similarity_wrong,underspecified_or_overspecified_answer,sample_1347,The water in some springs are hot because they're heated by what?,hot magma,magma,0,0.6666666666666666,0,0,0.8715517520904541,0.8768808841705322
results_sciq_5000,MiniLM,high_similarity_wrong,underspecified_or_overspecified_answer,sample_1364,What occurs in a formerly inhabited area that was disturbed?,secondary succession,Succession,0,0.6666666666666666,0,0,0.8747928142547607,0.7994877696037292
results_sciq_5000,MiniLM,high_similarity_wrong,underspecified_or_overspecified_answer,sample_1377,What carries the instructions from the nucleus to the cytoplasm?,messenger rna,RNA,0,0.6666666666666666,0,0,0.8352532982826233,0.8440054059028625
results_sciq_5000,MiniLM,high_similarity_wrong,underspecified_or_overspecified_answer,sample_1385,What consists of one or two closed loops through which current can flow?,electric circuit,Circuit,0,0.6666666666666666,0,0,0.8617344498634338,0.8564429879188538
results_sciq_5000,MiniLM,high_similarity_wrong,underspecified_or_overspecified_answer,sample_1396,Covalent bond energies can be used to estimate the enthalpy changes of what?,chemical reactions,reactions,0,0.6666666666666666,0,0,0.9083080291748047,0.8563743829727173
results_sciq_5000,MiniLM,high_similarity_wrong,synonym_or_paraphrase_labeling_artifact,sample_1491,What is produced when sulfur and oxygen combine?,sulfur oxide,Sulfur dioxide,0,0.5,0,0,0.8005786538124084,0.906377375125885
results_sciq_5000,MiniLM,high_similarity_wrong,semantic_relatedness_not_correctness,sample_1516,Which organ of the body do large tapeworms attack or block?,intestines,Intestine,0,0.0,0,0,0.9506204724311829,0.9723537564277649
results_sciq_5000,MiniLM,high_similarity_wrong,underspecified_or_overspecified_answer,sample_1539,How does the number of protons compare to the number of electrons in an electrically neutral atom?,they are equal,Equal,0,0.5,0,0,0.820079505443573,0.8751109838485718
results_sciq_5000,MiniLM,high_similarity_wrong,morphology_or_inflection,sample_1559,What type of butterfly do birds avoid eating since it makes them sick?,monarch butterflies,Monarch Butterfly,0,0.5,0,0,0.9257292151451111,0.9756098985671997
results_sciq_5000,MiniLM,high_similarity_wrong,underspecified_or_overspecified_answer,sample_1598,What is the term for when a substance boils and changes to gas?,boiling point,Boiling,0,0.6666666666666666,0,0,0.8388190269470215,0.8267056941986084
results_sciq_5000,MiniLM,high_similarity_wrong,underspecified_or_overspecified_answer,sample_1636,What is necessary for new alleles to be created?,new mutations,Mutation,0,0.0,0,0,0.88157719373703,0.8481096029281616
results_sciq_5000,MiniLM,high_similarity_wrong,synonym_or_paraphrase_labeling_artifact,sample_1656,What do you call chemical reactions that take place inside living things?,biochemical reactions,Metabolic reactions,0,0.5,0,0,0.8086364269256592,0.8706371784210205
results_sciq_5000,MiniLM,high_similarity_wrong,morphology_or_inflection,sample_1678,What takes both the shape and the volume of their container?,gases,Gas,0,0.0,0,0,0.8552169799804688,0.9047124981880188
results_sciq_5000,MiniLM,high_similarity_wrong,synonym_or_paraphrase_labeling_artifact,sample_1683,What do electromagnetic receptors detect?,electromagnetic radiation,Electromagnetic waves,0,0.5,0,0,0.8187431693077087,0.9126628041267395
results_sciq_5000,MiniLM,high_similarity_wrong,synonym_or_paraphrase_labeling_artifact,sample_1688,What is the process in which unstable nuclei become stable by emitting particles and energy and changing to different elements called?,radioactive decay,Nuclear decay,0,0.5,0,0,0.8623130917549133,0.8996140956878662
results_sciq_5000,MiniLM,high_similarity_wrong,morphology_or_inflection,sample_1700,"As with other organic compounds that form hydrogen bonds, water solubility of amines is reflected in the length of what?",carbon chains,carbon chain,0,0.5,0,0,0.9612225294113159,0.9691903591156006
results_sciq_5000,MiniLM,high_similarity_wrong,underspecified_or_overspecified_answer,sample_1714,What is it called when electrons are shared equally?,nonpolar bonds,Nonpolar covalent bond,0,0.4,0,0,0.8671671152114868,0.9387082457542419
results_sciq_5000,MiniLM,high_similarity_wrong,underspecified_or_overspecified_answer,sample_1768,What are chemical messengers that control sexual development and reproduction?,sex hormones,Hormones,0,0.6666666666666666,0,0,0.8863123059272766,0.8600571155548096
results_sciq_5000,MiniLM,high_similarity_wrong,underspecified_or_overspecified_answer,sample_1804,What are materials that are poor thermal conductors called?,thermal insulators,Poor thermal conductors are called insulators.,0,0.5,0,0,0.8067763447761536,0.8472177386283875
results_sciq_5000,MiniLM,high_similarity_wrong,semantic_relatedness_not_correctness,sample_1817,"In police radar, a radar gun sends out short bursts of which waves?",microwaves,microwave,0,0.0,0,0,0.9358713030815125,0.9469925165176392
results_sciq_5000,MiniLM,high_similarity_wrong,morphology_or_inflection,sample_1850,Reversing the orientation of a chromosomal segment is called what?,inversions,Inversion,0,0.0,0,0,0.9534246921539307,0.9493474960327148
results_sciq_5000,MiniLM,high_similarity_wrong,underspecified_or_overspecified_answer,sample_1851,"What does the clitellum secrete, while the sperm received are stored temporarily?",cocoon of mucus,Mucus to form the cocoon,0,0.5714285714285715,0,0,0.9430035948753357,0.91996169090271
results_sciq_5000,MiniLM,high_similarity_wrong,underspecified_or_overspecified_answer,sample_1873,Different clouds are associated with different types of what?,weather conditions,weather,0,0.6666666666666666,0,0,0.8520411849021912,0.867810845375061
results_sciq_5000,MiniLM,high_similarity_wrong,semantic_relatedness_not_correctness,sample_1899,"Farsightedness, or hyperopia, is the condition in which distant objects are seen clearly, but nearby objects are?",blurry,blurred,0,0.0,0,0,0.8593360781669617,0.8755369186401367
results_sciq_5000,MiniLM,high_similarity_wrong,semantic_relatedness_not_correctness,sample_1935,The majority of solids are what in nature?,crystalline,crystals,0,0.0,0,0,0.850743293762207,0.8640325665473938
results_sciq_5000,MiniLM,high_similarity_wrong,underspecified_or_overspecified_answer,sample_1939,The term science comes from a latin word that means?,having knowledge,knowledge,0,0.6666666666666666,0,0,0.8402136564254761,0.8546446561813354
results_sciq_5000,MiniLM,high_similarity_wrong,morphology_or_inflection,sample_1997,When naming this type of ion the ending of the element’s name is dropped and replaced with the – ide suffix?,anions,Anion,0,0.0,0,0,0.8634364008903503,0.9486969113349915
results_sciq_5000,MiniLM,high_similarity_wrong,underspecified_or_overspecified_answer,sample_2013,What device uses electromagnetic induction to change the voltage of electric current?,electric transformer,Transformer,0,0.6666666666666666,0,0,0.8875646591186523,0.9015758037567139
results_sciq_5000,MiniLM,high_similarity_wrong,synonym_or_paraphrase_labeling_artifact,sample_2015,Which type of glaciers form in high mountains and travel through valleys?,alpine glaciers,Valley glaciers,0,0.5,0,0,0.8667333126068115,0.7861183881759644
results_sciq_5000,MiniLM,high_similarity_wrong,other_or_true_semantic_error,sample_2019,Gene expression is regulated primarily at the what level?,transcriptional,transcription level,0,0.0,0,0,0.8008646368980408,0.7966772317886353
results_sciq_5000,MiniLM,high_similarity_wrong,semantic_relatedness_not_correctness,sample_2036,Many species in rhizaria are among the organisms referred to as what?,amoebas,Amoebae,0,0.0,0,0,0.8676393032073975,0.8741535544395447
results_sciq_5000,MiniLM,high_similarity_wrong,morphology_or_inflection,sample_2053,What does the human heart do?,pump blood,Pumps blood.,0,0.5,0,0,0.857200562953949,0.9254079461097717
results_sciq_5000,MiniLM,high_similarity_wrong,morphology_or_inflection,sample_2072,What do you call taxes placed on products that produce carbon dioxide?,carbon taxes,Carbon tax,0,0.5,0,0,0.9760969877243042,0.9786095023155212
results_sciq_5000,MiniLM,high_similarity_wrong,synonym_or_paraphrase_labeling_artifact,sample_2096,What is the term for the use of radioactive decay to estimate the ages of fossils and rock?,radioactive dating,Radiometric dating,0,0.5,0,0,0.8247750401496887,0.9147346615791321
results_sciq_5000,MiniLM,high_similarity_wrong,synonym_or_paraphrase_labeling_artifact,sample_2111,What happens when a sodium atom loses an electron?,becomes sodium ion,Sodium ion (Na+) is formed.,0,0.5,0,0,0.8367732167243958,0.8965371251106262
results_sciq_5000,MiniLM,high_similarity_wrong,other_or_true_semantic_error,sample_2118,What is the part of a plant whose primary role is to collect sunlight and make food by photosynthesis?,leaves,Leaf,0,0.0,0,0,0.8454664349555969,0.9029253125190735
results_sciq_5000,MiniLM,high_similarity_wrong,other_or_true_semantic_error,sample_2145,Is the digestive tract of many sharks longer or shorter than many other vertebrates?,shorter,Longer,0,0.0,0,0,0.8041277527809143,0.8187181353569031
results_sciq_5000,MiniLM,high_similarity_wrong,synonym_or_paraphrase_labeling_artifact,sample_2157,Carbon behaves as a metal because it conducts which two things well?,heat and electricity,electrical charge and heat,0,0.5714285714285715,0,0,0.819657564163208,0.8885772824287415
results_sciq_5000,MiniLM,high_similarity_wrong,synonym_or_paraphrase_labeling_artifact,sample_2160,Fruit fly and brine shrimp hox genes have evolved independently for how long?,400 million years,over 500 million years,0,0.5714285714285715,0,0,0.8940204381942749,0.881159782409668
results_sciq_5000,MiniLM,high_similarity_wrong,underspecified_or_overspecified_answer,sample_2162,What do tadpoles change into?,adult frogs,Frogs,0,0.6666666666666666,0,0,0.8245847225189209,0.8368039727210999
results_sciq_5000,MiniLM,high_similarity_wrong,other_or_true_semantic_error,sample_2172,How many pathways do plants have for carbon fixation?,three,Two,0,0.0,0,0,0.8061562776565552,0.6696772575378418
results_sciq_5000,MiniLM,high_similarity_wrong,morphology_or_inflection,sample_2196,What is less dense then either solids or liquids?,gases,Gas,0,0.0,0,0,0.8552170395851135,0.9047124981880188
results_sciq_5000,MiniLM,high_similarity_wrong,underspecified_or_overspecified_answer,sample_2225,What type of device uses electromagnetic induction to change the voltage of electric current?,electronic transformer,Transformer,0,0.6666666666666666,0,0,0.8530305027961731,0.8640910983085632
results_sciq_5000,MiniLM,high_similarity_wrong,synonym_or_paraphrase_labeling_artifact,sample_2233,What type of behavior is most flexible?,learned behavior,Learning behavior,0,0.5,0,0,0.8839156627655029,0.9460225105285645
results_sciq_5000,MiniLM,high_similarity_wrong,underspecified_or_overspecified_answer,sample_2267,What helps treat bacterial infections in people?,antibiotic drugs,Antibiotics,0,0.0,0,0,0.8989872336387634,0.8838993906974792
results_sciq_5000,MiniLM,high_similarity_wrong,other_or_true_semantic_error,sample_2289,What are the largest phylum in the animal kingdom?,arthropods,Arthropoda,0,0.0,0,0,0.8000447154045105,0.8586482405662537
results_sciq_5000,MiniLM,high_similarity_wrong,synonym_or_paraphrase_labeling_artifact,sample_2294,What is the biogeochemical cycle that recycles water called?,water cycle,Hydrologic cycle,0,0.5,0,0,0.8207811713218689,0.8979246020317078
results_sciq_5000,MiniLM,high_similarity_wrong,semantic_relatedness_not_correctness,sample_2311,What term is used to describe birds that mate for an entire season or even stay paired for their entire life?,monogamous,Monogamy,0,0.0,0,0,0.9394605159759521,0.9084257483482361
results_sciq_5000,MiniLM,high_similarity_wrong,underspecified_or_overspecified_answer,sample_2312,What branch of science offers an overview of the physiology of humans?,human biology,Biology,0,0.6666666666666666,0,0,0.8723206520080566,0.8573541045188904
results_sciq_5000,MiniLM,high_similarity_wrong,synonym_or_paraphrase_labeling_artifact,sample_2313,"In atherosclerosis, thickening of an arterial wall due to this can restrict blood flow through the artery?",plaque formation,Plaque buildup,0,0.5,0,0,0.8571742177009583,0.9060393571853638
results_sciq_5000,MiniLM,high_similarity_wrong,semantic_relatedness_not_correctness,sample_2321,What make distant objects appear both nearer and larger?,telescopes,Telescope,0,0.0,0,0,0.9252793192863464,0.9149565696716309
results_sciq_5000,MiniLM,high_similarity_wrong,morphology_or_inflection,sample_2325,Pressure has a significant effect on the solubility of what state of matter?,gases,gas,0,0.0,0,0,0.8552170395851135,0.9047124981880188
results_sciq_5000,MiniLM,high_similarity_wrong,morphology_or_inflection,sample_2346,"Reflected in their relatively high level of intelligence and their ability to learn new behaviors, what organs tend to be relatively large in primates?",brains,Brain,0,0.0,0,0,0.9335721731185913,0.9362756609916687
results_sciq_5000,MiniLM,high_similarity_wrong,numeric_equivalence,sample_2433,Invertebrates make up what percentage of all animal species?,95 percent,95%,0,0.6666666666666666,0,0,0.9459183812141418,0.9722510576248169
results_sciq_5000,MiniLM,high_similarity_wrong,morphology_or_inflection,sample_2452,What are the largest known proteins?,titins,Titin,0,0.0,0,0,0.9071529507637024,0.9007471799850464
results_sciq_5000,MiniLM,high_similarity_wrong,synonym_or_paraphrase_labeling_artifact,sample_2467,What determines the color of visible light?,exact wavelength,Wavelength of light,0,0.4,0,0,0.8148754835128784,0.8039413690567017
results_sciq_5000,MiniLM,high_similarity_wrong,synonym_or_paraphrase_labeling_artifact,sample_2469,Earth rotates on its axis once each day and revolves around the sun how often?,once each year,Once per year,0,0.6666666666666666,0,0,0.9256126880645752,0.9677950739860535
results_sciq_5000,MiniLM,high_similarity_wrong,morphology_or_inflection,sample_2490,What is tube-shaped and brings urine from the kidneys to the urinary bladder?,ureters,Ureter,0,0.0,0,0,0.9309200644493103,0.9043335914611816
results_sciq_5000,MiniLM,high_similarity_wrong,synonym_or_paraphrase_labeling_artifact,sample_2502,The elements in group 2 are called what?,alkaline earth metals,Alkali earth metals,0,0.6666666666666666,0,0,0.9837723970413208,0.9280537962913513
results_sciq_5000,MiniLM,high_similarity_wrong,morphology_or_inflection,sample_2514,Where are protons found in the atom?,in the nucleus,Nucleus,0,0.6666666666666666,0,0,0.8950222730636597,0.8869050741195679
results_sciq_5000,MiniLM,high_similarity_wrong,underspecified_or_overspecified_answer,sample_2528,What celestial events are the source of elements heavier than iron?,supernovas,Supernova explosions,0,0.0,0,0,0.8559051752090454,0.842420756816864
results_sciq_5000,MiniLM,high_similarity_wrong,morphology_or_inflection,sample_2559,What attaches a muscle to a bone?,tendons,Tendon,0,0.0,0,0,0.9216893315315247,0.9339125752449036
results_sciq_5000,MiniLM,high_similarity_wrong,other_or_true_semantic_error,sample_2560,What are two common weather characteristics of hurricanes?,high winds and rainfall,"Strong winds, heavy rain",0,0.25,0,0,0.8435556292533875,0.8318188190460205
results_sciq_5000,MiniLM,high_similarity_wrong,numeric_equivalence,sample_2589,The cubic crystal system is composed of how many different types of unit cells?,three,3,0,0.0,0,0,0.8656187057495117,0.9156867861747742
results_sciq_5000,MiniLM,high_similarity_wrong,numeric_equivalence,sample_2598,How many bones does the  mammalian middle ear have?,three,3,0,0.0,0,0,0.8656186461448669,0.915686845779419
results_sciq_5000,MiniLM,high_similarity_wrong,semantic_relatedness_not_correctness,sample_2659,"Sharing a phylum with insects, spiders, daddy-long-legs, scorpions, and ticks belong to what class?",arachnids,Arachnida,0,0.0,0,0,0.8550059199333191,0.8693667054176331
results_sciq_5000,MiniLM,high_similarity_wrong,numeric_equivalence,sample_2663,"In a carbon triple bond, how many pairs of electrons are shared?",three,3,0,0.0,0,0,0.8656187653541565,0.915686845779419
results_sciq_5000,MiniLM,high_similarity_wrong,other_or_true_semantic_error,sample_2673,What kind of structure do purines have?,double ring structure,Ringed structure,0,0.4,0,0,0.800028920173645,0.8720105886459351
results_sciq_5000,MiniLM,high_similarity_wrong,semantic_relatedness_not_correctness,sample_2689,"What component of an organism, made up of many cells, in turn makes up an organ?",tissues,Tissue,0,0.0,0,0,0.9345924258232117,0.9581660032272339
results_sciq_5000,MiniLM,high_similarity_wrong,other_or_true_semantic_error,sample_2697,How many pathways do plants have for carbon fixation?,three,Two,0,0.0,0,0,0.8061562776565552,0.6696773171424866
results_sciq_5000,MiniLM,high_similarity_wrong,semantic_relatedness_not_correctness,sample_2703,Some women experience cramping and pain before and during what monthly cycle?,menstruation,Menstrual cycle,0,0.0,0,0,0.8701512813568115,0.8728215098381042
results_sciq_5000,MiniLM,high_similarity_wrong,underspecified_or_overspecified_answer,sample_2709,"Because force and electric field are what, they have direction as well as their value?",vectors,vector quantities,0,0.0,0,0,0.8047008514404297,0.8460413813591003
results_sciq_5000,MiniLM,high_similarity_wrong,synonym_or_paraphrase_labeling_artifact,sample_2712,"How thick is the earth's continental crust, on average?",35 kilometers,30 kilometers,0,0.5,0,0,0.9218296408653259,0.8850321769714355
results_sciq_5000,MiniLM,high_similarity_wrong,semantic_relatedness_not_correctness,sample_2723,"What are commonly used to control insect pests, but can have harmful effects on the environment?",insecticides,Pesticides,0,0.0,0,0,0.9135580062866211,0.871768057346344
results_sciq_5000,MiniLM,high_similarity_wrong,semantic_relatedness_not_correctness,sample_2827,"What is the group of all the eukaryotes that are not fungi, animals, or plants called?",protists,Protista,0,0.0,0,0,0.8939943313598633,0.8957152366638184
results_sciq_5000,MiniLM,high_similarity_wrong,morphology_or_inflection,sample_2843,"Because opposite charges attract, oppositely charged ions attract each other to form what?",ionic bonds,An ionic bond,0,0.5,0,0,0.9440774917602539,0.9362415671348572
results_sciq_5000,MiniLM,high_similarity_wrong,underspecified_or_overspecified_answer,sample_2848,Who invented the taxonomic classification system?,carl linnaeus,Linnaeus,0,0.6666666666666666,0,0,0.9340915083885193,0.9077774286270142
results_sciq_5000,MiniLM,high_similarity_wrong,other_or_true_semantic_error,sample_2850,How many underlying principles does the science of biology have?,four,Three,0,0.0,0,0,0.8232482075691223,0.6993281245231628
results_sciq_5000,MiniLM,high_similarity_wrong,synonym_or_paraphrase_labeling_artifact,sample_2881,What is the term for dating a rock based on composition decay?,radioactive dating,Radiometric dating,0,0.5,0,0,0.8247750401496887,0.9147346615791321
results_sciq_5000,MiniLM,high_similarity_wrong,underspecified_or_overspecified_answer,sample_2917,"What part of a mature plant cell is responsible for storing substances like water, enzymes, and salts?",central vacuole,Vacuole,0,0.6666666666666666,0,0,0.8017652034759521,0.8645166158676147
results_sciq_5000,MiniLM,high_similarity_wrong,morphology_or_inflection,sample_2970,The similarity in biochemical compounds between living things provides evidence for the evolution of species from what?,common ancestors,common ancestor,0,0.5,0,0,0.9126662015914917,0.9406930804252625
results_sciq_5000,MiniLM,high_similarity_wrong,underspecified_or_overspecified_answer,sample_2980,What is the term for the skeletal structure of the head that supports the face and protects the brain?,cranium (skull),Cranium,0,0.6666666666666666,0,0,0.8856167197227478,0.964127242565155
results_sciq_5000,MiniLM,high_similarity_wrong,other_or_true_semantic_error,sample_3003,In how many basic was can substances cross the plasma membrane?,two,Three,0,0.0,0,0,0.8061562180519104,0.6696772575378418
results_sciq_5000,MiniLM,high_similarity_wrong,semantic_relatedness_not_correctness,sample_3009,"An unknown genotype can be determined by observing what, the term for characteristics of the resulting offspring?",phenotypes,Phenotype,0,0.0,0,0,0.9682037234306335,0.9221993088722229
results_sciq_5000,MiniLM,high_similarity_wrong,numeric_equivalence,sample_3011,How much electricity is generated by an average car battery?,twelve volts,12 volts,0,0.5,0,0,0.9561252593994141,0.9557172060012817
results_sciq_5000,MiniLM,high_similarity_wrong,synonym_or_paraphrase_labeling_artifact,sample_3031,What are the attractive forces that occur between polar molecules called?,dipole-dipole forces,Dipole-dipole interactions,0,0.6666666666666666,0,0,0.8572719693183899,0.9006580710411072
results_sciq_5000,MiniLM,high_similarity_wrong,underspecified_or_overspecified_answer,sample_3088,Minerals that are not pure elements are made of what?,chemical compounds,Compounds,0,0.6666666666666666,0,0,0.9084242582321167,0.9127016663551331
results_sciq_5000,MiniLM,high_similarity_wrong,other_or_true_semantic_error,sample_3102,What do some animals grow to protect themselves in winter?,thicker fur,Thick fur or fat,0,0.3333333333333333,0,0,0.8393128514289856,0.9034046530723572
results_sciq_5000,MiniLM,high_similarity_wrong,underspecified_or_overspecified_answer,sample_3185,An electrical signal along a nerve cell triggers the secretion of what?,neurotransmitter molecules,Neurotransmitters,0,0.0,0,0,0.8806831240653992,0.9415820837020874
results_sciq_5000,MiniLM,high_similarity_wrong,underspecified_or_overspecified_answer,sample_3189,What do omnivores eat?,plants & animals,Both plants and animals.,0,0.6666666666666666,0,0,0.8615657091140747,0.8539370894432068
results_sciq_5000,MiniLM,high_similarity_wrong,synonym_or_paraphrase_labeling_artifact,sample_3204,Not even light can escape from what extremely dense object sometimes found in deep space?,black holes,Black hole,0,0.5,0,0,0.9441515207290649,0.9340886473655701
results_sciq_5000,MiniLM,high_similarity_wrong,morphology_or_inflection,sample_3239,What do you call different organs working together?,organ systems,Organ system,0,0.5,0,0,0.9640015959739685,0.9612444639205933
results_sciq_5000,MiniLM,high_similarity_wrong,synonym_or_paraphrase_labeling_artifact,sample_3286,"Connected to agriculture, forestry, mining, and urbanization, what is the single biggest cause of extinction today?",habitat loss,Habitat destruction,0,0.5,0,0,0.8640176653862,0.8849877715110779
results_sciq_5000,MiniLM,high_similarity_wrong,underspecified_or_overspecified_answer,sample_3309,Living organisms release carbon dioxide into the atmosphere by what method?,cellular respiration,Respiration,0,0.6666666666666666,0,0,0.852426290512085,0.8717406392097473
results_sciq_5000,MiniLM,high_similarity_wrong,morphology_or_inflection,sample_3356,There are three different types of rna. all three types are needed to make what?,proteins,Protein,0,0.0,0,0,0.9462403059005737,0.9190239906311035
results_sciq_5000,MiniLM,high_similarity_wrong,semantic_relatedness_not_correctness,sample_3381,Bacteria are what kind of cell?,prokaryotes,Prokaryotic,0,0.0,0,0,0.9271088242530823,0.929705023765564
results_sciq_5000,MiniLM,high_similarity_wrong,other_or_true_semantic_error,sample_3410,What are carbonated beverages pressurized with?,co2,Carbon dioxide,0,0.0,0,0,0.8494597673416138,0.8872536420822144
results_sciq_5000,MiniLM,high_similarity_wrong,underspecified_or_overspecified_answer,sample_3412,What happens to the rate of chemical reactions in higher temperatures?,they increase,Increase,0,0.6666666666666666,0,0,0.8088505268096924,0.8963800668716431
results_sciq_5000,MiniLM,high_similarity_wrong,synonym_or_paraphrase_labeling_artifact,sample_3437,"Besides increasing the potential, how else can you increase current in a circuit?",decreasing the resistance,Decrease resistance,0,0.5,0,0,0.9428079724311829,0.9414923787117004
results_sciq_5000,MiniLM,high_similarity_wrong,underspecified_or_overspecified_answer,sample_3449,Transport vesicles move what type of molecules from the rough endoplasmic reticulum to the golgi apparatus?,proteins,Protein molecules,0,0.0,0,0,0.8317539095878601,0.8882428407669067
results_sciq_5000,MiniLM,high_similarity_wrong,underspecified_or_overspecified_answer,sample_3471,The primary lymphoid organs are the bone marrow and what else?,thymus gland,Thymus,0,0.6666666666666666,0,0,0.8273571133613586,0.8808972239494324
results_sciq_5000,MiniLM,high_similarity_wrong,semantic_relatedness_not_correctness,sample_3498,"In celsius, what is the boiling point of water?",one hundred degrees,100 degrees,0,0.4,0,0,0.9171867370605469,0.8979480266571045
results_sciq_5000,MiniLM,high_similarity_wrong,underspecified_or_overspecified_answer,sample_3522,What illnesses are caused by damage to the alveoli of the lungs?,pneumonia and emphysema,"Pneumonia, pulmonary edema, emphysema",0,0.5714285714285715,0,0,0.915399968624115,0.8300740718841553
results_sciq_5000,MiniLM,high_similarity_wrong,morphology_or_inflection,sample_3536,The periodic table is an arrangement of the elements in order of increasing what?,atomic numbers,atomic number,0,0.5,0,0,0.9763473868370056,0.9749096035957336
results_sciq_5000,MiniLM,high_similarity_wrong,underspecified_or_overspecified_answer,sample_3539,What is caused by human actions that releases chemical substances and particles into the air?,air pollution,Pollution,0,0.6666666666666666,0,0,0.8512415289878845,0.8604536056518555
results_sciq_5000,MiniLM,high_similarity_wrong,underspecified_or_overspecified_answer,sample_3581,Glucose and fructose are considered this type of sugar?,"monosaccharides, or simple",Monosaccharides,0,0.5,0,0,0.9428415298461914,0.8885919451713562
results_sciq_5000,MiniLM,high_similarity_wrong,morphology_or_inflection,sample_3625,What is used to measure current through a resistor?,ammeters,Ammeter,0,0.0,0,0,0.9684168696403503,0.9426761865615845
results_sciq_5000,MiniLM,high_similarity_wrong,morphology_or_inflection,sample_3656,What are colonies of cells stuck to a surface called?,biofilms,Biofilm,0,0.0,0,0,0.9653210639953613,0.9537596106529236
results_sciq_5000,MiniLM,high_similarity_wrong,underspecified_or_overspecified_answer,sample_3671,What is the term for proportion of amount of product actually produced in a chemical reaction versus predicted amount ?,percent yield,Yield,0,0.6666666666666666,0,0,0.8216129541397095,0.8411294221878052
results_sciq_5000,MiniLM,high_similarity_wrong,underspecified_or_overspecified_answer,sample_3678,Where does the christmas tree worm live?,tropical coral reefs,in coral reefs,0,0.6666666666666666,0,0,0.8347591757774353,0.8146368861198425
results_sciq_5000,MiniLM,high_similarity_wrong,other_or_true_semantic_error,sample_3714,What part of the plant is the main site of photosynthesis?,leaf,leaves,0,0.0,0,0,0.8454664945602417,0.9029252529144287
results_sciq_5000,MiniLM,high_similarity_wrong,synonym_or_paraphrase_labeling_artifact,sample_3761,What do you call a simple machine consisting of a sloping surface that connects lower and higher elevations?,inclined plane,Incline plane,0,0.5,0,0,0.8872367739677429,0.9159032106399536
results_sciq_5000,MiniLM,high_similarity_wrong,underspecified_or_overspecified_answer,sample_3764,In which kind of species do open circulatory systems serve additional functions?,some invertebrates,Invertebrates,0,0.6666666666666666,0,0,0.9583507180213928,0.8804250359535217
results_sciq_5000,MiniLM,high_similarity_wrong,numeric_equivalence,sample_3785,How many quarks are in each proton and neutron?,three,3,0,0.0,0,0,0.8656185865402222,0.9156867265701294
results_sciq_5000,MiniLM,high_similarity_wrong,underspecified_or_overspecified_answer,sample_3805,What is the body of a roundworm covered with?,tough cuticle,Cuticle,0,0.6666666666666666,0,0,0.8713212609291077,0.8524376153945923
results_sciq_5000,MiniLM,high_similarity_wrong,synonym_or_paraphrase_labeling_artifact,sample_3818,What is mass number?,the total number of protons and neutrons in a nucleus,Sum of protons and neutrons in an atom's nucleus.,0,0.7058823529411765,0,0,0.8166661858558655,0.9038902521133423
results_sciq_5000,MiniLM,high_similarity_wrong,morphology_or_inflection,sample_3822,Different colors of light differ in terms of which important attribute?,wavelengths,Wavelength,0,0.0,0,0,0.9035454988479614,0.9319876432418823
results_sciq_5000,MiniLM,high_similarity_wrong,underspecified_or_overspecified_answer,sample_3824,"For most waves, energy is proportional to what, a term that describes the height of the wave?",wave amplitude,Amplitude,0,0.6666666666666666,0,0,0.8758887648582458,0.9164584875106812
results_sciq_5000,MiniLM,high_similarity_wrong,numeric_equivalence,sample_3844,How many major massive extinctions have been since life began on earth?,five,5,0,0.0,0,0,0.9229784607887268,0.9198909997940063
results_sciq_5000,MiniLM,high_similarity_wrong,synonym_or_paraphrase_labeling_artifact,sample_3901,What are mars' moons thought to be?,captured asteroids,Capture asteroids,0,0.5,0,0,0.9399473071098328,0.9313305020332336
results_sciq_5000,MiniLM,high_similarity_wrong,underspecified_or_overspecified_answer,sample_3923,What are 3 types of light?,"infrared, visible, ultraviolet","Visible light, infrared light, ultraviolet light",0,0.6666666666666666,0,0,0.9188412427902222,0.929341733455658
results_sciq_5000,MiniLM,high_similarity_wrong,morphology_or_inflection,sample_3925,"What type of organism, including sea stars and sand dollars, is named for their spiny skin?",echinoderms,Echinoderm,0,0.0,0,0,0.9349908828735352,0.9539349675178528
results_sciq_5000,MiniLM,high_similarity_wrong,semantic_relatedness_not_correctness,sample_3926,What is the term for a disease that is not contagious?,noninfectious disease,Non-infectious disease,0,0.4,0,0,0.8845261335372925,0.8918201923370361
results_sciq_5000,MiniLM,high_similarity_wrong,synonym_or_paraphrase_labeling_artifact,sample_3930,What are the three types of symbiotic relationships?,"mutualism, communalism, parasitism","Commensalism, mutualism, parasitism",0,0.6666666666666666,0,0,0.8240023851394653,0.9153673648834229
results_sciq_5000,MiniLM,high_similarity_wrong,semantic_relatedness_not_correctness,sample_3958,In a pedigree what shape symbolizes males?,squares,Square,0,0.0,0,0,0.8701223134994507,0.9151335954666138
results_sciq_5000,MiniLM,high_similarity_wrong,synonym_or_paraphrase_labeling_artifact,sample_4019,What laws regulate radiation doses to which people can be exposed?,radiation protection laws,Radiation Protection Regulations,0,0.6666666666666666,0,0,0.9299086332321167,0.889401376247406
results_sciq_5000,MiniLM,high_similarity_wrong,synonym_or_paraphrase_labeling_artifact,sample_4030,Some materials have negative heats of solution; the dissolution of one of these solutes in water is called?,exothermic process,Endothermic process,0,0.5,0,0,0.8119081854820251,0.8688526153564453
results_sciq_5000,MiniLM,high_similarity_wrong,underspecified_or_overspecified_answer,sample_4042,What is the breakdown of unstable elements into stable elements called?,radioactive decay,Decay,0,0.6666666666666666,0,0,0.8243292570114136,0.8439711928367615
results_sciq_5000,MiniLM,high_similarity_wrong,synonym_or_paraphrase_labeling_artifact,sample_4051,What type of ecologists work to identify and manipulate the processes that most limit recovery of ecosystems from disturbances?,restoration ecologists,Recovery ecologists,0,0.5,0,0,0.815884530544281,0.9040324091911316
results_sciq_5000,MiniLM,high_similarity_wrong,synonym_or_paraphrase_labeling_artifact,sample_4069,"Atmospheric pressure is increased, causing a greater amount of oxygen than normal to diffuse into the bloodstream of the patient, in what type of therapy?",hyperbaric chamber therapy,Hyperbaric oxygen therapy,0,0.6666666666666666,0,0,0.8162155747413635,0.8726560473442078
results_sciq_5000,MiniLM,high_similarity_wrong,morphology_or_inflection,sample_4112,Where does photosynthesis occur in plants?,in chloroplasts,chloroplasts,0,0.6666666666666666,0,0,0.9197863340377808,0.892095685005188
results_sciq_5000,MiniLM,high_similarity_wrong,underspecified_or_overspecified_answer,sample_4150,Quantities have two parts: the number (how many) and what else?,he unit,unit,0,0.6666666666666666,0,0,0.8321412205696106,0.8213463425636292
results_sciq_5000,MiniLM,high_similarity_wrong,semantic_relatedness_not_correctness,sample_4164,"What group includes the simplest eukaryotes, including most single-celled eukaryotes?",protists,Protista,0,0.0,0,0,0.8939942717552185,0.8957152962684631
results_sciq_5000,MiniLM,high_similarity_wrong,semantic_relatedness_not_correctness,sample_4189,What are the two types of cells?,prokaryotes and eukaryotes,Prokaryotic and eukaryotic,0,0.3333333333333333,0,0,0.9559884667396545,0.9698194265365601
results_sciq_5000,MiniLM,high_similarity_wrong,morphology_or_inflection,sample_4191,The pine tree is the sporophyte; its sporangia are located on scalelike structures packed densely where?,in cones,cones,0,0.6666666666666666,0,0,0.8883453011512756,0.8979940414428711
results_sciq_5000,MiniLM,high_similarity_wrong,underspecified_or_overspecified_answer,sample_4211,What term describes a region of space around an atom that has a non-zero probability for an electron with a particular energy?,atomic orbital,Orbital,0,0.6666666666666666,0,0,0.8275675773620605,0.8773253560066223
results_sciq_5000,MiniLM,high_similarity_wrong,other_or_true_semantic_error,sample_4266,Many countries have attempted to reduce the human impact on climate change by reducing their emission of what greenhouse gas?,carbon dioxide,CO2,0,0.0,0,0,0.8494598269462585,0.8872537016868591
results_sciq_5000,MiniLM,high_similarity_wrong,numeric_equivalence,sample_4287,How many valence electrons can be found in a carbon atom?,four,4,0,0.0,0,0,0.8942000865936279,0.863497257232666
results_sciq_5000,MiniLM,high_similarity_wrong,other_or_true_semantic_error,sample_4291,A refrigerator must do work to reverse the normal direction of what?,thermal energy flow,Heat flow,0,0.4,0,0,0.8212952613830566,0.873666524887085
results_sciq_5000,MiniLM,high_similarity_wrong,semantic_relatedness_not_correctness,sample_4305,"Like other bryophytes, moss plants spend most of their life cycle as what?",gametophytes,gametophyte,0,0.0,0,0,0.9248483180999756,0.9690386652946472
results_sciq_5000,MiniLM,high_similarity_wrong,morphology_or_inflection,sample_4307,What form because water erodes the outside of curves and deposits eroded material on the inside?,meanders,Meander,0,0.0,0,0,0.8479833006858826,0.9293734431266785
results_sciq_5000,MiniLM,high_similarity_wrong,synonym_or_paraphrase_labeling_artifact,sample_4333,"What do anglerfish use their glow-in-the-dark, rod-like structure for?",to attract prey,Attracting prey.,0,0.4,0,0,0.8114320635795593,0.9572481513023376
results_sciq_5000,MiniLM,high_similarity_wrong,other_or_true_semantic_error,sample_4363,The a in atp is short for what?,adenosine,adenine,0,0.0,0,0,0.8256505131721497,0.8563432693481445
results_sciq_5000,MiniLM,high_similarity_wrong,other_or_true_semantic_error,sample_4395,"Reducing the production of what gas, or removing it from the air, are practices that could reduce global warming?",carbon dioxide,CO2,0,0.0,0,0,0.8494597673416138,0.8872535228729248
results_sciq_5000,MiniLM,high_similarity_wrong,synonym_or_paraphrase_labeling_artifact,sample_4396,"There are a series of rules for naming branched alkanes (and, ultimately, for all organic compounds). these rules make up the system of nomenclature for naming what?",organic molecules,organic compounds,0,0.5,0,0,0.8456540703773499,0.8812460899353027
results_sciq_5000,MiniLM,high_similarity_wrong,synonym_or_paraphrase_labeling_artifact,sample_4418,What should you use to protect your eyes from chemicals?,eye goggles,Safety goggles,0,0.5,0,0,0.8186445832252502,0.8675839304924011
results_sciq_5000,MiniLM,high_similarity_wrong,synonym_or_paraphrase_labeling_artifact,sample_4455,Which law explains why a ship weighing thousands of metric tons floats on water?,archimedes' law,Archimedes' Principle,0,0.5,0,0,0.8453656435012817,0.9054373502731323
results_sciq_5000,MiniLM,high_similarity_wrong,morphology_or_inflection,sample_4477,Chloroplasts and chromoplasts are examples of which membrane bound organelle containing their own dna?,plastids,plastid,0,0.0,0,0,0.9135439395904541,0.9440909624099731
results_sciq_5000,MiniLM,high_similarity_wrong,underspecified_or_overspecified_answer,sample_4479,Viruses were assumed to exist before they were first seen with an electron microscope in which decade?,1930 ' s,1930s,0,0.0,0,0,0.865946888923645,0.877060055732727
results_sciq_5000,MiniLM,high_similarity_wrong,underspecified_or_overspecified_answer,sample_4483,Where are the seeds in gymnosperms found?,in cones,On the surface of cones.,0,0.3333333333333333,0,0,0.8061579465866089,0.8766069412231445
results_sciq_5000,MiniLM,high_similarity_wrong,underspecified_or_overspecified_answer,sample_4486,Hydrogen and helium are specifically involved as reactants in what nuclear reaction that is useful for making energy?,nuclear fusion,fusion,0,0.6666666666666666,0,0,0.8390926718711853,0.8962836861610413
results_sciq_5000,MiniLM,high_similarity_wrong,underspecified_or_overspecified_answer,sample_4512,What is the largest organ of the human body?,your skin,Skin,0,0.6666666666666666,0,0,0.8429903984069824,0.8250535130500793
results_sciq_5000,MiniLM,high_similarity_wrong,other_or_true_semantic_error,sample_4514,What are boggy regions with thick layers of peat called?,peatlands,Peat bogs,0,0.0,0,0,0.8101840615272522,0.8919268846511841
results_sciq_5000,MiniLM,high_similarity_wrong,semantic_relatedness_not_correctness,sample_4549,What do you call a carnivore that eats mainly insects?,insectivores,Insectivore,0,0.0,0,0,0.9249594807624817,0.936063289642334
results_sciq_5000,MiniLM,high_similarity_wrong,underspecified_or_overspecified_answer,sample_4582,What do you call materials that have high resistance to electric current?,electric insulators,Insulators,0,0.6666666666666666,0,0,0.9104823470115662,0.9434416890144348
results_sciq_5000,MiniLM,high_similarity_wrong,other_or_true_semantic_error,sample_4654,"What class of animal, including hydras and jellies, is considered the simplest to contain a nervous system?",cnidarians,Cnidaria,0,0.0,0,0,0.819509744644165,0.929402768611908
results_sciq_5000,MiniLM,high_similarity_wrong,other_or_true_semantic_error,sample_4671,Scientists can use what tool to determine an earthquake's strength?,seismogram,Seismograph,0,0.0,0,0,0.846021831035614,0.9055941104888916
results_sciq_5000,MiniLM,high_similarity_wrong,semantic_relatedness_not_correctness,sample_4702,What kind of electricity can you generate with the energy found in flowing water?,hydroelectric power,Hydropower,0,0.0,0,0,0.8505027294158936,0.9157235026359558
results_sciq_5000,MiniLM,high_similarity_wrong,synonym_or_paraphrase_labeling_artifact,sample_4706,What is typical weather for chicago in winter?,cold & snow,Cold and snowy.,0,0.4,0,0,0.9068706631660461,0.8429551124572754
results_sciq_5000,MiniLM,high_similarity_wrong,numeric_equivalence,sample_4739,How long can a large star be on the main sequence stage?,10 million years,10 million to 10 billion years,0,0.6666666666666666,0,0,0.9067550301551819,0.9440416097640991
results_sciq_5000,MiniLM,high_similarity_wrong,semantic_relatedness_not_correctness,sample_4766,What type of animal eats both plants and animals?,omnivores,Omnivore,0,0.0,0,0,0.9600167870521545,0.9447436928749084
results_sciq_5000,MiniLM,high_similarity_wrong,underspecified_or_overspecified_answer,sample_4805,What is the type of plant called when its leaves seasonally turn color and fall off?,deciduous plant,Deciduous,0,0.6666666666666666,0,0,0.8972094058990479,0.8925638198852539
results_sciq_5000,MiniLM,high_similarity_wrong,numeric_equivalence,sample_4812,How many oxygen ions make up an ozone molecule?,three,3,0,0.0,0,0,0.8656187057495117,0.9156867265701294
results_sciq_5000,MiniLM,high_similarity_wrong,morphology_or_inflection,sample_4830,What are the two best known baryons?,protons and neutrons,"Proton, neutron",0,0.0,0,0,0.8760635852813721,0.9204132556915283
results_sciq_5000,MiniLM,high_similarity_wrong,underspecified_or_overspecified_answer,sample_4834,What are the two components of the autonomic nervous system?,parasympathetic and sympathetic,Sympathetic and parasympathetic nervous systems.,0,0.7499999999999999,0,0,0.9107546806335449,0.9004029035568237
results_sciq_5000,MiniLM,high_similarity_wrong,semantic_relatedness_not_correctness,sample_4901,What molecules with a nitrogen base are the basic components of nucleic acids?,nucleiotides,Nucleotides,0,0.0,0,0,0.9130929112434387,0.9511591792106628
results_sciq_5000,MiniLM,high_similarity_wrong,synonym_or_paraphrase_labeling_artifact,sample_4938,What are the two classifications of natural resources?,renewable and nonrenewable,Renewable and Non-renewable,0,0.5714285714285715,0,0,0.8856490850448608,0.9126787185668945
results_sciq_5000,MiniLM,high_similarity_wrong,morphology_or_inflection,sample_4950,"Strangeness, charm, bottomness, and topness are properties of what subatomic particle?",quarks,quark,0,0.0,0,0,0.944909393787384,0.9345479011535645
results_sciq_5000,MiniLM,high_similarity_wrong,underspecified_or_overspecified_answer,sample_4975,Introduction of antigens into the body through immunization can confer what benefit?,active immunity,Immunity,0,0.6666666666666666,0,0,0.876952052116394,0.8133411407470703
results_sciq_5000,MiniLM,high_similarity_wrong,morphology_or_inflection,sample_4977,What is the cause of most ocean waves?,winds,Wind.,0,0.0,0,0,0.8602063655853271,0.8806688189506531
results_sciq_5000,MiniLM,high_similarity_wrong,synonym_or_paraphrase_labeling_artifact,sample_4991,What can be used to convert the energy provided by the sun to usable electrical energy?,solar cells,Solar panels,0,0.5,0,0,0.8423741459846497,0.8469173312187195
results_sciq_5000,MiniLM,low_similarity_correct,overly_long_answer_context_dilution,sample_341,What basic plant structure facilitates dispersal of pollen and fruit by raising reproductive structures?,stem,"Stigma and style in flowers, stem in fruits.",0,0.2222222222222222,1,1,0.4193468987941742,0.5612135529518127
results_sciq_5000,MiniLM,low_similarity_correct,numeric_equivalence,sample_685,How many types of galaxies are there?,three,"Three main types: elliptical, spiral, and irregular.",0,0.25,1,1,0.19018766283988953,0.7116066813468933
results_sciq_5000,MiniLM,low_similarity_correct,answer_containment_low_embedding_score,sample_715,The oxygen regions of the water molecules have what kind of charge?,negative,Partial negative charge,0,0.5,1,1,0.3766888380050659,0.7054961919784546
results_sciq_5000,MiniLM,low_similarity_correct,numeric_equivalence,sample_849,How many calories of energy does one gram of sugar or starch provide?,4,4 calories,0,0.6666666666666666,1,1,0.37400469183921814,0.7618676424026489
results_sciq_5000,MiniLM,low_similarity_correct,overly_long_answer_context_dilution,sample_885,What is it called when bones get longer and bigger?,growth,Growth plates or epiphyseal plates,0,0.33333333333333337,1,1,0.36670491099357605,0.6909453868865967
results_sciq_5000,MiniLM,low_similarity_correct,answer_containment_low_embedding_score,sample_888,What do skeletal muscles enable the body to do?,move,Enable movement.,0,0.0,1,1,0.40438738465309143,0.7631568312644958
results_sciq_5000,MiniLM,low_similarity_correct,answer_containment_low_embedding_score,sample_1237,Are bones considered living or dead tissues?,living,Living tissues,0,0.6666666666666666,1,1,0.48152509331703186,0.7090209722518921
results_sciq_5000,MiniLM,low_similarity_correct,answer_containment_low_embedding_score,sample_1274,How much distance can beta particles travel through air?,meter,A few centimeters,0,0.0,1,1,0.4039217531681061,0.6169153451919556
results_sciq_5000,MiniLM,low_similarity_correct,answer_containment_low_embedding_score,sample_1290,Homologous chromosomes move toward what poles?,opposite,Opposite poles,0,0.6666666666666666,1,1,0.4063134789466858,0.8109198212623596
results_sciq_5000,MiniLM,low_similarity_correct,overly_long_answer_context_dilution,sample_1294,Yogurt is made from milk fermented with what type of organism?,bacteria,Yogurt is made from milk fermented with bacteria.,0,0.2222222222222222,1,1,0.3989391028881073,0.6979832649230957
results_sciq_5000,MiniLM,low_similarity_correct,answer_containment_low_embedding_score,sample_1394,The logistics of carrying out cellular metabolism sets limits on what physical property of the cell?,size,Cell size,0,0.6666666666666666,1,1,0.4905663728713989,0.7156122922897339
results_sciq_5000,MiniLM,low_similarity_correct,overly_long_answer_context_dilution,sample_1481,What property are alkali metals at room temperature?,solid,Solid elements except for lithium.,0,0.33333333333333337,1,1,0.4927574098110199,0.6927046775817871
results_sciq_5000,MiniLM,low_similarity_correct,answer_containment_low_embedding_score,sample_1659,What is the fracture called when rocks on both sides move?,a fault,Strike-slip fault,0,0.5,1,1,0.4988851547241211,0.7019821405410767
results_sciq_5000,MiniLM,low_similarity_correct,answer_containment_low_embedding_score,sample_1818,"Oxides of small, highly charged ions of what type tend to be acidic?",metal,Oxides of non-metals.,0,0.0,1,1,0.42684435844421387,0.6288269758224487
results_sciq_5000,MiniLM,low_similarity_correct,answer_containment_low_embedding_score,sample_1893,"What is the term for  tough, flexible connective tissue that contains the protein collagen?",cartilage,Fibrocartilage,0,0.0,1,1,0.44332101941108704,0.7263253331184387
results_sciq_5000,MiniLM,low_similarity_correct,answer_containment_low_embedding_score,sample_2146,"In the case of the thyroid hormone pathway, thyroid hormone itself carries out what kind of feedback?",negative,Negative feedback,0,0.6666666666666666,1,1,0.4880053699016571,0.7862151861190796
results_sciq_5000,MiniLM,low_similarity_correct,answer_containment_low_embedding_score,sample_2198,A multiaxial ball-and-socket joint has much more mobility than a what hinge joint?,uniaxial,uniaxial hinge joint,0,0.5,1,1,0.4356139004230499,0.7941997051239014
results_sciq_5000,MiniLM,low_similarity_correct,answer_containment_low_embedding_score,sample_2255,What type of winds blow only over a limited area?,local,Local winds,0,0.6666666666666666,1,1,0.4769901931285858,0.5736185312271118
results_sciq_5000,MiniLM,low_similarity_correct,answer_containment_low_embedding_score,sample_2643,"Condensation, melting, deposition, sublimation, vaporization, and freezing are all considered changes in what?",state,states of matter,0,0.0,1,1,0.4911094009876251,0.6946631669998169
results_sciq_5000,MiniLM,low_similarity_correct,overly_long_answer_context_dilution,sample_3106,What is hole that is dug or drilled through the ground down to an aquifer?,well,"Well, that's a borehole.",0,0.4,1,1,0.285294771194458,0.6031580567359924
results_sciq_5000,MiniLM,low_similarity_correct,overly_long_answer_context_dilution,sample_3148,A plane mirror has a flat reflective surface and forms only which kind of images?,virtual,"Virtual, laterally inverted images.",0,0.4,1,1,0.480133056640625,0.6823902726173401
results_sciq_5000,MiniLM,low_similarity_correct,answer_containment_low_embedding_score,sample_3166,Researchers have also used insect courtship to explore genetic variation underlying differences in what?,behavior,mating behavior,0,0.6666666666666666,1,1,0.48360809683799744,0.8145832419395447
results_sciq_5000,MiniLM,low_similarity_correct,answer_containment_low_embedding_score,sample_3296,Spores are generally produced through what type of reproduction?,sexual,Asexual reproduction,0,0.0,1,1,0.4312811493873596,0.6539949178695679
results_sciq_5000,MiniLM,low_similarity_correct,answer_containment_low_embedding_score,sample_3310,Excretory organs that conserve what essential substance help terrestrial animals to avoid desiccation?,water,Kidneys conserve water.,0,0.5,1,1,0.4520890712738037,0.6847836971282959
results_sciq_5000,MiniLM,low_similarity_correct,answer_containment_low_embedding_score,sample_3366,"Most hormones are controlled by what type of feedback, which causes the hormone to decrease its own production?",negative,Negative feedback,0,0.6666666666666666,1,1,0.4880053400993347,0.7862151861190796
results_sciq_5000,MiniLM,low_similarity_correct,numeric_equivalence,sample_3385,How many alleles comes from each parent?,one,One allele from each parent.,0,0.33333333333333337,1,1,0.29464858770370483,0.6043398976325989
results_sciq_5000,MiniLM,low_similarity_correct,answer_containment_low_embedding_score,sample_3405,What is the most common type of capillary?,continuous,Continuous capillary,0,0.6666666666666666,1,1,0.4480212330818176,0.7837310433387756
results_sciq_5000,MiniLM,low_similarity_correct,overly_long_answer_context_dilution,sample_3567,"Within a bud, what is spaced close together because the internodes are very short?",leaves,Buds contain immature leaves and floral parts densely packed.,0,0.19999999999999998,1,1,0.48243123292922974,0.6483632326126099
results_sciq_5000,MiniLM,low_similarity_correct,answer_containment_low_embedding_score,sample_3843,What type of digestion is chewing an example of?,mechanical,Mechanical digestion,0,0.6666666666666666,1,1,0.3961436152458191,0.7036324739456177
results_sciq_5000,MiniLM,low_similarity_correct,answer_containment_low_embedding_score,sample_3846,What kind of bonds are there between carbon atoms in saturated fatty acids?,single,Single bonds,0,0.6666666666666666,1,1,0.3857199251651764,0.7477173805236816
results_sciq_5000,MiniLM,low_similarity_correct,overly_long_answer_context_dilution,sample_4124,How are electrons shared in covalent bonds?,equally,Electrons are shared equally between atoms.,0,0.2857142857142857,1,1,0.32370153069496155,0.6792581081390381
results_sciq_5000,MiniLM,low_similarity_correct,overly_long_answer_context_dilution,sample_4338,When a lower energy level is ______ electrons are added to the next higher energy level.,full,"When a lower energy level is full, electrons are added to the next higher energy level.",0,0.13333333333333333,1,1,0.2344810664653778,0.583279013633728
results_sciq_5000,MiniLM,low_similarity_correct,answer_containment_low_embedding_score,sample_4360,What is algae easier to covert into that corn is currently used for?,fuel,biofuel,0,0.0,1,1,0.49416297674179077,0.7373673319816589
results_sciq_5000,MiniLM,low_similarity_correct,answer_containment_low_embedding_score,sample_4526,The rest of the energy stored in glucose is lost as what?,heat,heat and waste products,0,0.4,1,1,0.48060399293899536,0.7195454835891724
results_sciq_5000,MiniLM,low_similarity_correct,overly_long_answer_context_dilution,sample_4614,What is the limiting factor for bacteria in a dish?,space,"Resources (food, space, oxygen)",0,0.4,1,1,0.3680990934371948,0.7413885593414307
results_sciq_5000,MiniLM,low_similarity_correct,overly_long_answer_context_dilution,sample_4757,The motor thus acts as a generator whenever its coil does what?,rotates,The motor thus acts as a generator whenever its coil rotates in a magnetic field.,0,0.15384615384615385,1,1,0.3351847529411316,0.6037092804908752
results_sciq_5000,MiniLM,low_similarity_correct,overly_long_answer_context_dilution,sample_4910,What is cholera?,bacteria,Bacterial infection causing severe diarrhea.,0,0.0,1,1,0.48015934228897095,0.7051649689674377
