dataset,model,failure_kind,heuristic_type,id,question,ground_truth,prediction,exact_match,token_f1,contains_ground_truth,correct_label,similarity_sentence_transformers_all_MiniLM_L6_v2,similarity_BAAI_bge_base_en_v1.5
results_wiki,BGE,high_similarity_wrong,underspecified_or_overspecified_answer,sample_11,What is controlled by both genes and experiences in a given envionment?,animal behaviors,Behavior,0,0.0,0,0,0.6072869300842285,0.876394510269165
results_wiki,BGE,high_similarity_wrong,synonym_or_paraphrase_labeling_artifact,sample_14,What is controlled by regulatory proteins that bind to regulatory elements on dna?,gene transcription,Gene expression,0,0.5,0,0,0.7839294672012329,0.861060380935669
results_wiki,BGE,high_similarity_wrong,morphology_or_inflection,sample_30,Where do angiosperms produce seeds in flowers?,ovaries,Ovary,0,0.0,0,0,0.8327299952507019,0.895119309425354
results_wiki,BGE,high_similarity_wrong,synonym_or_paraphrase_labeling_artifact,sample_57,"Whether the organism is a bacterium, plant, or animal, all living things access energy by breaking down these?",carbohydrate molecules,food molecules,0,0.5,0,0,0.6959046125411987,0.8517605662345886
results_wiki,BGE,high_similarity_wrong,underspecified_or_overspecified_answer,sample_63,What's the term for the gradual progression from simple plants to larger more complex ones in an area?,primary succession,Succession,0,0.6666666666666666,0,0,0.874010443687439,0.8195450305938721
results_wiki,BGE,high_similarity_wrong,underspecified_or_overspecified_answer,sample_66,What consequence of a tornado is responsible for most injuries and deaths?,flying debris,Debris and flying objects.,0,0.6666666666666666,0,0,0.9253425002098083,0.9343302249908447
results_wiki,BGE,high_similarity_wrong,synonym_or_paraphrase_labeling_artifact,sample_88,Most of the pathogens that cause stis enter the body through mucous membranes of which organs?,reproductive organs,Sexual organs,0,0.5,0,0,0.8387916088104248,0.8908389806747437
results_wiki,BGE,high_similarity_wrong,synonym_or_paraphrase_labeling_artifact,sample_95,"When water goes above and below its freezing point, what rock-breaking phenomenon is common?",ice wedging,Frost wedging,0,0.5,0,0,0.814458429813385,0.8935737609863281
results_wiki,BGE,high_similarity_wrong,synonym_or_paraphrase_labeling_artifact,sample_97,What type of reactions form compounds?,chemical reactions,Synthesis reactions,0,0.5,0,0,0.7546691298484802,0.836662769317627
results_wiki,BGE,high_similarity_wrong,numeric_equivalence,sample_108,How many different types of taste can be detected by taste buds?,five,5,0,0.0,0,0,0.922978401184082,0.9198909997940063
results_wiki,BGE,high_similarity_wrong,synonym_or_paraphrase_labeling_artifact,sample_115,What renewable energy source converts energy from the sunlight into electricity?,solar energy,Solar panels,0,0.5,0,0,0.7587158679962158,0.8369267582893372
results_wiki,BGE,high_similarity_wrong,semantic_relatedness_not_correctness,sample_120,Phosphate-containing ocean sediments form primarily from the bodies of ocean organisms and from their what?,excretions,excreta,0,0.0,0,0,0.8667148351669312,0.8599008917808533
results_wiki,BGE,high_similarity_wrong,semantic_relatedness_not_correctness,sample_124,"A few earthquakes take place away from plate boundaries, these are called what?",intraplate earthquakes,Intra-plate earthquakes,0,0.4,0,0,0.8981689214706421,0.9769126772880554
results_wiki,BGE,high_similarity_wrong,synonym_or_paraphrase_labeling_artifact,sample_131,"First, high temperature denatures proteins and does what to cells?",kills them,Kills cells,0,0.5,0,0,0.5021902918815613,0.8010230660438538
results_wiki,BGE,high_similarity_wrong,synonym_or_paraphrase_labeling_artifact,sample_136,What occurs when groups from the same species stop mating because of something other than physical or geographic separation?,sympatric speciation,Allopatric speciation,0,0.5,0,0,0.6714089512825012,0.8873975872993469
results_wiki,BGE,high_similarity_wrong,other_or_true_semantic_error,sample_144,What are made of long chains consisting almost solely of carbon and hydrogen?,lipids,Fats,0,0.0,0,0,0.6038416028022766,0.822271466255188
results_wiki,BGE,high_similarity_wrong,other_or_true_semantic_error,sample_149,What science includes many fields of science related to our home planet?,earth science,Geosciences,0,0.0,0,0,0.6996361613273621,0.8240726590156555
results_wiki,BGE,high_similarity_wrong,other_or_true_semantic_error,sample_188,What does the cell cycle do?,divide and reproduce cells,Generates new cells through division.,0,0.22222222222222224,0,0,0.7762211561203003,0.8176991939544678
results_wiki,BGE,high_similarity_wrong,underspecified_or_overspecified_answer,sample_189,"Inside the nasal area of the skull, the nasal cavity is divided into halves by the what?",nasal septum,septum,0,0.6666666666666666,0,0,0.7941709160804749,0.9226486086845398
results_wiki,BGE,high_similarity_wrong,other_or_true_semantic_error,sample_214,What is a mass spectrometer used to measure?,relative atomic masses,Mass and abundance of isotopes,0,0.0,0,0,0.5479756593704224,0.8028210401535034
results_wiki,BGE,high_similarity_wrong,synonym_or_paraphrase_labeling_artifact,sample_216,Global warming will raise ocean levels due to melt water from glaciers and the greater volume of what?,warmer water,hotter water,0,0.5,0,0,0.8546098470687866,0.8820931315422058
results_wiki,BGE,high_similarity_wrong,morphology_or_inflection,sample_217,What are groups of young stars loosely held together by gravity called?,open clusters,Open cluster,0,0.5,0,0,0.9454848170280457,0.9744434356689453
results_wiki,BGE,high_similarity_wrong,synonym_or_paraphrase_labeling_artifact,sample_220,What does the driving of turbines by the heating of water to steam accomplish?,generation of electricity,Generates electricity.,0,0.4,0,0,0.8558413982391357,0.8841770887374878
results_wiki,BGE,high_similarity_wrong,underspecified_or_overspecified_answer,sample_221,What is a device that changes kinetic energy to electrical energy through electromagnetic induction?,an electric generator,Generator,0,0.6666666666666666,0,0,0.8309644460678101,0.8594814538955688
results_wiki,BGE,high_similarity_wrong,semantic_relatedness_not_correctness,sample_227,What property of warm air causes it to rise above cold air?,lower density,Less dense,0,0.0,0,0,0.7964803576469421,0.8733506798744202
results_wiki,BGE,high_similarity_wrong,synonym_or_paraphrase_labeling_artifact,sample_233,What are fibers that depend on aerobic respiration called?,oxidative fibers,Aerobic fibers,0,0.5,0,0,0.6363409161567688,0.8410002589225769
results_wiki,BGE,high_similarity_wrong,other_or_true_semantic_error,sample_247,The simplest class of organic compounds is the what?,hydrocarbons,alkanes,0,0.0,0,0,0.692003071308136,0.8434638381004333
results_wiki,BGE,high_similarity_wrong,synonym_or_paraphrase_labeling_artifact,sample_255,What is the name of the two metalloids in the carbon group called?,silicon and germanium,Boron and Silicon,0,0.6666666666666666,0,0,0.6699081063270569,0.8600959181785583
results_wiki,BGE,high_similarity_wrong,synonym_or_paraphrase_labeling_artifact,sample_262,"While climate change in earth history was due to natural processes, what is primarily to blame for recent global warming?",human actions,Human activities,0,0.5,0,0,0.7371179461479187,0.9247584939002991
results_wiki,BGE,high_similarity_wrong,synonym_or_paraphrase_labeling_artifact,sample_265,What are formed by the attraction between oppositely charged ions?,ionic bonds,Ionic compounds,0,0.5,0,0,0.81009441614151,0.8575112819671631
results_wiki,BGE,high_similarity_wrong,synonym_or_paraphrase_labeling_artifact,sample_271,For what purpose does liver use the excess carbohydrate?,to synthesize glycogen,To store as glycogen,0,0.5714285714285715,0,0,0.776299238204956,0.8482056260108948
results_wiki,BGE,high_similarity_wrong,morphology_or_inflection,sample_301,What is another name for composite volcanos?,stratovolcanoes,Stratovolcanos,0,0.0,0,0,0.9743903875350952,0.9663833975791931
results_wiki,BGE,high_similarity_wrong,synonym_or_paraphrase_labeling_artifact,sample_303,What type of winds occur when air is forced over a mountain range?,chinook winds,Mountain winds,0,0.5,0,0,0.6242203712463379,0.8243448734283447
results_wiki,BGE,high_similarity_wrong,underspecified_or_overspecified_answer,sample_316,What is likely to happen to a parasite if it kills its host?,it dies,It will die.,0,0.4,0,0,0.7376376986503601,0.9156816005706787
results_wiki,BGE,high_similarity_wrong,underspecified_or_overspecified_answer,sample_334,What occurs when some members of a species become geographically separated?,allopatric speciation,Speciation,0,0.6666666666666666,0,0,0.7573438882827759,0.8772562742233276
results_wiki,BGE,high_similarity_wrong,morphology_or_inflection,sample_352,The function of which organ is to filter blood and form urine?,kidneys,Kidney,0,0.0,0,0,0.8868283629417419,0.9030759334564209
results_wiki,BGE,high_similarity_wrong,other_or_true_semantic_error,sample_353,The attraction between all objects in the universe is known as ______.,gravity,gravitation,0,0.0,0,0,0.8280612826347351,0.8495526313781738
results_wiki,BGE,high_similarity_wrong,numeric_equivalence,sample_366,The kinetic-molecular theory as it applies to gases has how many basic assumptions?,five,5,0,0.0,0,0,0.9229784607887268,0.9198909997940063
results_wiki,BGE,high_similarity_wrong,underspecified_or_overspecified_answer,sample_372,Both diffusion and effusion are related to the speed at which what objects move?,gas molecules,molecules,0,0.6666666666666666,0,0,0.801552951335907,0.8762996196746826
results_wiki,BGE,high_similarity_wrong,synonym_or_paraphrase_labeling_artifact,sample_380,The heart and a network of blood vessels that run throughout the body make up what organ system?,cardiovascular system,Circulatory System,0,0.5,0,0,0.7532528638839722,0.8704527616500854
results_wiki,BGE,high_similarity_wrong,semantic_relatedness_not_correctness,sample_383,"Different forms, or allotropes, of carbon are diamond, graphite, and what?",fullerenes,fullerene,0,0.0,0,0,0.8909990191459656,0.9689473509788513
results_wiki,BGE,high_similarity_wrong,other_or_true_semantic_error,sample_391,Many of the hormones are secreted in response to what signals of the body?,nervous system signals,Signals from the hypothalamus or changes in bodily conditions.,0,0.18181818181818182,0,0,0.6318296790122986,0.8079732060432434
results_wiki,BGE,high_similarity_wrong,semantic_relatedness_not_correctness,sample_396,"What property is characterized by eddies and swirls that mix layers of fluid together, unlike laminar flow?",turbulence,Turbulent flow,0,0.0,0,0,0.8127654790878296,0.8657864332199097
results_wiki,BGE,high_similarity_wrong,underspecified_or_overspecified_answer,sample_403,What are the two main divisions of the human nervous system?,central and peripheral,Central nervous system and peripheral nervous system,0,0.6,0,0,0.6675896644592285,0.8212366700172424
results_wiki,BGE,high_similarity_wrong,numeric_equivalence,sample_405,The body is made up of how many types of tissue?,four,4,0,0.0,0,0,0.8942000865936279,0.8634971380233765
results_wiki,BGE,high_similarity_wrong,underspecified_or_overspecified_answer,sample_409,What type of bonds do alkanes only contain?,carbon-carbon single bonds,Carbon-carbon and carbon-hydrogen single bonds,0,0.7272727272727273,0,0,0.9053760170936584,0.936651349067688
results_wiki,BGE,high_similarity_wrong,semantic_relatedness_not_correctness,sample_415,"This heat is used to convert water into steam, which is then used to turn a turbine, thus generating what?",electrical power,Electricity,0,0.0,0,0,0.8583698272705078,0.8643052577972412
results_wiki,BGE,high_similarity_wrong,underspecified_or_overspecified_answer,sample_458,Where are aerofoils found?,birds and airplanes,Airplanes,0,0.5,0,0,0.7588648200035095,0.8245498538017273
results_wiki,BGE,high_similarity_wrong,underspecified_or_overspecified_answer,sample_466,What happens to the temperature of matter as light is absorbed?,it increases,Increases,0,0.6666666666666666,0,0,0.8541367053985596,0.8775575757026672
results_wiki,BGE,high_similarity_wrong,synonym_or_paraphrase_labeling_artifact,sample_469,An action potential that starts at the axon hillock moves along the axon only toward what?,the synaptic terminals,axon terminals,0,0.5,0,0,0.5886073112487793,0.8400039672851562
results_wiki,BGE,high_similarity_wrong,semantic_relatedness_not_correctness,sample_470,Fission is a type of radioactivity in which large nuclei spontaneously break apart into what?,smaller nuclei,small nuclei and release energy,0,0.28571428571428575,0,0,0.7469356656074524,0.8893733620643616
results_wiki,BGE,high_similarity_wrong,underspecified_or_overspecified_answer,sample_484,"The coccyx, or tailbone, results from the fusion of four small what?",coccygeal vertebrae,vertebrae,0,0.6666666666666666,0,0,0.7477850914001465,0.8137715458869934
results_wiki,BGE,high_similarity_wrong,semantic_relatedness_not_correctness,sample_494,Producers at the base of ecological food webs are also known as?,autotrophic,Autotrophs,0,0.0,0,0,0.8083308339118958,0.8845455050468445
results_wiki,BGE,high_similarity_wrong,underspecified_or_overspecified_answer,sample_497,What is the study of the similarities and differences in the embryos of different species?,comparative embryology,Embryology,0,0.6666666666666666,0,0,0.8779030442237854,0.8416478037834167
results_wiki,BGE,high_similarity_wrong,synonym_or_paraphrase_labeling_artifact,sample_502,What type of fibers are made mostly of protein in living things?,muscle fibers,Collagen fibers,0,0.5,0,0,0.6850510835647583,0.8231680989265442
results_wiki,BGE,high_similarity_wrong,synonym_or_paraphrase_labeling_artifact,sample_506,"What kind of cells have positive cell potentials, and all the reduction reactions are reversible?",galvanic cells,Electrochemical cells,0,0.5,0,0,0.6916986703872681,0.8300342559814453
results_wiki,BGE,high_similarity_wrong,semantic_relatedness_not_correctness,sample_535,The gender of a baby is determined by what special pair of chromosomes?,sex chromosomes,X and Y chromosomes,0,0.3333333333333333,0,0,0.6877295970916748,0.8598277568817139
results_wiki,BGE,high_similarity_wrong,other_or_true_semantic_error,sample_547,What is the term for an infection caused by a fungal parasite?,mycosis,Fungal infection,0,0.0,0,0,0.5650200843811035,0.8098028898239136
results_wiki,BGE,high_similarity_wrong,other_or_true_semantic_error,sample_555,Where do germline mutations occur in?,in gametes,In reproductive cells or germ cells.,0,0.25,0,0,0.3960859477519989,0.8063384890556335
results_wiki,BGE,high_similarity_wrong,synonym_or_paraphrase_labeling_artifact,sample_561,Certain medications can suppress the immune system. this is an intended effect of drugs given to people with what?,transplanted organs,Organ transplants.,0,0.0,0,0,0.8420719504356384,0.8762086033821106
results_wiki,BGE,high_similarity_wrong,morphology_or_inflection,sample_564,What is the name for a biologist who studies fungi?,mycologists,Mycologist,0,0.0,0,0,0.9269847273826599,0.8971846699714661
results_wiki,BGE,high_similarity_wrong,numeric_equivalence,sample_565,How many different kinds of ions are produced when sodium chloride dissociates ?,two,2,0,0.0,0,0,0.8183469772338867,0.8677993416786194
results_wiki,BGE,high_similarity_wrong,other_or_true_semantic_error,sample_572,What do we call zeros that appear after nonzero digits?,right-end zeros,Significant zeros,0,0.4,0,0,0.6283512115478516,0.8454105257987976
results_wiki,BGE,high_similarity_wrong,semantic_relatedness_not_correctness,sample_577,The mass of the objects and the distance between them affect the strength of what universal force?,gravity,Gravitational force,0,0.0,0,0,0.7904049754142761,0.8508159518241882
results_wiki,BGE,high_similarity_wrong,other_or_true_semantic_error,sample_579,Constantly going through some form of growth and repair is a characteristic of all what?,living things,all living organisms,0,0.4,0,0,0.5955219864845276,0.8222383856773376
results_wiki,BGE,high_similarity_wrong,synonym_or_paraphrase_labeling_artifact,sample_589,What is the process by which the egg is fertilized by the pollen of the same flower?,self pollination,Self-fertilization,0,0.5,0,0,0.5694940686225891,0.8049847483634949
results_wiki,BGE,high_similarity_wrong,underspecified_or_overspecified_answer,sample_597,Atherosclerosis and coronary heart disease are examples of what type of body system disease?,cardiovascular system,Cardiovascular,0,0.6666666666666666,0,0,0.7723233103752136,0.8531553745269775
results_wiki,BGE,high_similarity_wrong,other_or_true_semantic_error,sample_598,"When cats mark their territory by rubbing their face against an object, they deposit chemicals released by what structures?",scent glands,"Pheromones from glands in their cheeks, face, and paws.",0,0.1818181818181818,0,0,0.6237218976020813,0.8235873579978943
results_wiki,BGE,high_similarity_wrong,semantic_relatedness_not_correctness,sample_599,"Like other bryophytes, moss plants spend most of their life cycle as?",gametophytes,gametophyte,0,0.0,0,0,0.9248482584953308,0.9690386652946472
results_wiki,BGE,high_similarity_wrong,semantic_relatedness_not_correctness,sample_600,What is a benefit of low sulfur coal over high sulfur coal?,less pollution,Reduces air pollution,0,0.4,0,0,0.7435668706893921,0.8840916156768799
results_wiki,BGE,high_similarity_wrong,synonym_or_paraphrase_labeling_artifact,sample_606,What can damage the hair cells lining the cochlea of the inner ear?,loud sounds,Loud noise,0,0.5,0,0,0.8557156920433044,0.9345128536224365
results_wiki,BGE,high_similarity_wrong,synonym_or_paraphrase_labeling_artifact,sample_626,The prevalence of cervical cancer in the united states is very low because of regular screening exams called what?,pap smears,Pap tests,0,0.5,0,0,0.7709831595420837,0.8807278871536255
results_wiki,BGE,high_similarity_wrong,other_or_true_semantic_error,sample_629,"As per hutton's unconformity, what happened to the intermediate layers of rock?",they eroded away,Worn away by erosion.,0,0.28571428571428575,0,0,0.6366637945175171,0.8485239744186401
results_wiki,BGE,high_similarity_wrong,synonym_or_paraphrase_labeling_artifact,sample_632,Cilia and flagella are extensions of what?,plasma membrane,cell membrane,0,0.5,0,0,0.7394431233406067,0.9140178561210632
results_wiki,BGE,high_similarity_wrong,synonym_or_paraphrase_labeling_artifact,sample_634,"During karyogamy, the haploid nuclei contributed by the two parents fuse, which produces what?",diploid cells,Diploid nucleus,0,0.5,0,0,0.8178847432136536,0.85603266954422
results_wiki,BGE,high_similarity_wrong,underspecified_or_overspecified_answer,sample_671,A species is a subdivision of a genus in what classification system?,linnaean system,Linnaean,0,0.6666666666666666,0,0,0.7500929832458496,0.8919354677200317
results_wiki,BGE,high_similarity_wrong,other_or_true_semantic_error,sample_679,What kind of rays can travel thousands of meters through air and can penetrate and damage cells deep inside the body?,gamma rays,Ionizing radiation,0,0.0,0,0,0.4526554346084595,0.8161904215812683
results_wiki,BGE,high_similarity_wrong,underspecified_or_overspecified_answer,sample_682,What device changes kinetic energy to electrical energy through electromagnetic induction?,electric generator,Generator,0,0.6666666666666666,0,0,0.8492159843444824,0.8966141939163208
results_wiki,BGE,high_similarity_wrong,underspecified_or_overspecified_answer,sample_701,How does air pressure change as altitude increases?,it decreases,Decreases,0,0.6666666666666666,0,0,0.8701293468475342,0.9141074419021606
results_wiki,BGE,high_similarity_wrong,synonym_or_paraphrase_labeling_artifact,sample_702,"In harmonic motion there is always what force, which acts in the opposite direction of the velocity?",restorative force,Restoring force,0,0.5,0,0,0.6523768901824951,0.8520134091377258
results_wiki,BGE,high_similarity_wrong,underspecified_or_overspecified_answer,sample_716,"Humans use many compounds that were first discovered or derived from living organisms as medicines: secondary plant compounds, animal toxins, and antibiotics produced by these?",bacteria and fungi,bacteria,0,0.5,0,0,0.7601220011711121,0.8058286309242249
results_wiki,BGE,high_similarity_wrong,morphology_or_inflection,sample_720,What forms when an atom gains electrons?,anions,Anion,0,0.0,0,0,0.8634361624717712,0.9486968517303467
results_wiki,BGE,high_similarity_wrong,synonym_or_paraphrase_labeling_artifact,sample_725,Examples of acute forms of what type of diseases include the common cold and influenza?,viral diseases,Viral infections,0,0.5,0,0,0.868356466293335,0.897668182849884
results_wiki,BGE,high_similarity_wrong,underspecified_or_overspecified_answer,sample_739,What do angiosperms produce?,flowers and fruit,"Flowers, fruits, and seeds",0,0.5714285714285715,0,0,0.8871837854385376,0.8959071636199951
results_wiki,BGE,high_similarity_wrong,numeric_equivalence,sample_742,"What is the ph level of neutral, pure water?",seven,7,0,0.0,0,0,0.9258615374565125,0.9047802686691284
results_wiki,BGE,high_similarity_wrong,synonym_or_paraphrase_labeling_artifact,sample_759,What is paleobotany?,study of extinct plants,Study of ancient plants.,0,0.75,0,0,0.6668160557746887,0.8790304660797119
results_wiki,BGE,high_similarity_wrong,semantic_relatedness_not_correctness,sample_764,In the tropics what are the prevailing winds called?,tradewinds,trade winds,0,0.0,0,0,0.7885814905166626,0.850843608379364
results_wiki,BGE,high_similarity_wrong,semantic_relatedness_not_correctness,sample_781,What state occurs when the amount of solute dissolved exceeds the solubility?,supersaturation,Supersaturated,0,0.0,0,0,0.7548056840896606,0.8674440383911133
results_wiki,BGE,high_similarity_wrong,synonym_or_paraphrase_labeling_artifact,sample_797,The tidal forces near what celestial phenomena are so great they can actually tear matter from a companion star?,black holes,Black hole,0,0.5,0,0,0.9441515803337097,0.9340886473655701
results_wiki,BGE,high_similarity_wrong,morphology_or_inflection,sample_805,What creates charged regions in a water molecule?,polar covalent bonds,Polar covalent bond,0,0.6666666666666666,0,0,0.9792749881744385,0.9824459552764893
results_wiki,BGE,high_similarity_wrong,other_or_true_semantic_error,sample_807,What is the term for environmental causes of mutations?,mutagens,Mutagenic factors,0,0.0,0,0,0.7379396557807922,0.8232553601264954
results_wiki,BGE,high_similarity_wrong,other_or_true_semantic_error,sample_827,What do farmers use greenhouses for?,to extend the growing season,To grow plants year-round.,0,0.22222222222222224,0,0,0.7427243590354919,0.8432896733283997
results_wiki,BGE,high_similarity_wrong,synonym_or_paraphrase_labeling_artifact,sample_842,"What title is used to describe health professionals who use nonsurgical techniques to help patients with musculoskeletal system problems that involve the bones, muscles, ligaments, tendons, or nervous system?",chiropractor chiropractors,Chiropractor,0,0.6666666666666666,0,0,0.9310474395751953,0.953129231929779
results_wiki,BGE,high_similarity_wrong,underspecified_or_overspecified_answer,sample_851,"When we move down a group of elements on the periodic table, what happens to their electronegativity?",it decreases,Decreases,0,0.6666666666666666,0,0,0.8701293468475342,0.9141075611114502
results_wiki,BGE,high_similarity_wrong,semantic_relatedness_not_correctness,sample_867,Which kinds of cells have nuclei and other membrane bound organelles?,eukaryotes,Eukaryotic cells,0,0.0,0,0,0.8649792671203613,0.9388816952705383
results_wiki,BGE,high_similarity_wrong,semantic_relatedness_not_correctness,sample_875,What gas is released into the atmosphere when fossil fuels are burned?,co2,Carbon dioxide,0,0.0,0,0,0.8494598269462585,0.8872536420822144
results_wiki,BGE,high_similarity_wrong,underspecified_or_overspecified_answer,sample_891,What kind of molecule is made from one or more long chains of amino acids?,protein molecule,Protein,0,0.6666666666666666,0,0,0.7665034532546997,0.8523245453834534
results_wiki,BGE,high_similarity_wrong,underspecified_or_overspecified_answer,sample_915,What type of charge does a neutron have?,neutral or no charge,No charge,0,0.6666666666666666,0,0,0.5951952934265137,0.8006253838539124
results_wiki,BGE,high_similarity_wrong,synonym_or_paraphrase_labeling_artifact,sample_917,Alkaline earth metals are what color?,silvery grey,Silvery gray,0,0.5,0,0,0.9822336435317993,0.955269992351532
results_wiki,BGE,high_similarity_wrong,underspecified_or_overspecified_answer,sample_924,"When light is absorbed by a material, what may increase?",its temperature,Temperature,0,0.6666666666666666,0,0,0.8518868684768677,0.822861909866333
results_wiki,BGE,high_similarity_wrong,underspecified_or_overspecified_answer,sample_926,"Connective tissues typically have three characteristic components in common: cells, large amounts of amorphous ground substance, and what else?",protein fibers,fibers,0,0.6666666666666666,0,0,0.7849147915840149,0.858410120010376
results_wiki,BGE,high_similarity_wrong,underspecified_or_overspecified_answer,sample_943,Mutations that lead to cancer usually occur in genes that control the cell cycle. these include tumor-suppressor genes and what?,proto-oncogenes,oncogenes,0,0.6666666666666666,0,0,0.7713516354560852,0.8349339962005615
results_wiki,BGE,high_similarity_wrong,other_or_true_semantic_error,sample_950,Is the progeny produced by asexual reproduction stronger or weaker than seedlings produced by sexual reproduction?,stronger,Weaker,0,0.0,0,0,0.8366963267326355,0.8162901401519775
results_wiki,BGE,high_similarity_wrong,morphology_or_inflection,sample_955,What takes the shape of the container they are placed in and have a definite volume?,liquids,Liquid,0,0.0,0,0,0.8991069793701172,0.9444252252578735
results_wiki,BGE,high_similarity_wrong,synonym_or_paraphrase_labeling_artifact,sample_956,What is produced when a colorless solution of lead nitrate is added to a colorless solution of potassium iodide?,yellow solid precipitate,Yellow lead iodide precipitate,0,0.5714285714285715,0,0,0.7027081847190857,0.834591269493103
results_wiki,BGE,high_similarity_wrong,semantic_relatedness_not_correctness,sample_963,Why do players with more mass often have a larger impact in football?,momentum is larger,Greater momentum affects impact.,0,0.28571428571428575,0,0,0.7377790212631226,0.8848178386688232
results_wiki,BGE,high_similarity_wrong,underspecified_or_overspecified_answer,sample_964,Corals build hard exoskeletons that grow to become what?,coral reefs,Reefs,0,0.6666666666666666,0,0,0.9325021505355835,0.8988809585571289
results_wiki,BGE,high_similarity_wrong,synonym_or_paraphrase_labeling_artifact,sample_973,What encloses the border of animal cells?,plasma membrane,Cell membrane,0,0.5,0,0,0.7394430637359619,0.9140178561210632
results_wiki,BGE,high_similarity_wrong,semantic_relatedness_not_correctness,sample_979,All of the monatomic ions have oxidation numbers equal to their?,charges,charge,0,0.0,0,0,0.8498682975769043,0.9130042791366577
results_wiki,BGE,high_similarity_wrong,semantic_relatedness_not_correctness,sample_981,Give an example of benthos that live near vents on the deep ocean floor.,tubeworms,Tube worms,0,0.0,0,0,0.9147738814353943,0.9121432304382324
results_wiki,BGE,high_similarity_wrong,other_or_true_semantic_error,sample_986,What do electric motors use to change electrical energy into kinetic?,electromagnets,Magnetic fields,0,0.0,0,0,0.6388459801673889,0.8013059496879578
results_wiki,BGE,high_similarity_wrong,synonym_or_paraphrase_labeling_artifact,sample_1001,What is the term for the energy of movement?,mechanical energy,Kinetic Energy,0,0.5,0,0,0.6771305799484253,0.8085545301437378
results_wiki,BGE,high_similarity_wrong,other_or_true_semantic_error,sample_1009,What happens to charges whenever they are accelerated?,they radiate,Radiate electromagnetic waves.,0,0.4,0,0,0.6517032980918884,0.8082607984542847
results_wiki,BGE,high_similarity_wrong,semantic_relatedness_not_correctness,sample_1015,What is biomass made into fuel called?,bio fuel,Biofuel,0,0.0,0,0,0.7164958119392395,0.8720186352729797
results_wiki,BGE,high_similarity_wrong,semantic_relatedness_not_correctness,sample_1016,What type of thin lava forms shapes and tubes as it flows?,pāhoehoe,Pahoehoe,0,0.0,0,0,1.0,1.0
results_wiki,BGE,high_similarity_wrong,synonym_or_paraphrase_labeling_artifact,sample_1022,Increasing voltage with a higher-volt battery does what to the current?,increases it,Increases current,0,0.5,0,0,0.6224654912948608,0.8171634078025818
results_wiki,BGE,high_similarity_wrong,underspecified_or_overspecified_answer,sample_1023,Hydrogen peroxide will decompose over time to produce _______ gas.,water and oxygen,Oxygen,0,0.5,0,0,0.8272406458854675,0.8562201857566833
results_wiki,BGE,high_similarity_wrong,synonym_or_paraphrase_labeling_artifact,sample_1026,Boiling points increase with which kind of mass?,molar mass,Molecular mass,0,0.5,0,0,0.631174623966217,0.8094658255577087
results_wiki,BGE,high_similarity_wrong,morphology_or_inflection,sample_1042,The chemical behavior of elements can largely be explained by what?,electron configurations,electron configuration,0,0.5,0,0,0.9687708616256714,0.9762026071548462
results_wiki,BGE,high_similarity_wrong,synonym_or_paraphrase_labeling_artifact,sample_1055,What theory explains the physical behavior of gases?,kinetic theory of gases,Kinetic Molecular Theory,0,0.5714285714285715,0,0,0.7724248766899109,0.9140296578407288
results_wiki,BGE,high_similarity_wrong,synonym_or_paraphrase_labeling_artifact,sample_1060,What causes fertilization to occur?,sperm and an egg fuse,Sperm meets and fuses with an egg.,0,0.6,0,0,0.891029953956604,0.9501231908798218
results_wiki,BGE,high_similarity_wrong,underspecified_or_overspecified_answer,sample_1062,Proto-oncogenes normally help regulate what?,cell division,cell growth and division,0,0.6666666666666666,0,0,0.8432656526565552,0.9221115708351135
results_wiki,BGE,high_similarity_wrong,other_or_true_semantic_error,sample_1065,What is the outer core made of?,liquid metal,Liquid iron and nickel,0,0.3333333333333333,0,0,0.6757637858390808,0.8131174445152283
results_wiki,BGE,high_similarity_wrong,other_or_true_semantic_error,sample_1068,The pressure of a sample of gas is measured with an open-end what?,manometer,barometer,0,0.0,0,0,0.7297384738922119,0.8184785842895508
results_wiki,BGE,high_similarity_wrong,underspecified_or_overspecified_answer,sample_1085,Nearly all of what are constructed from a set of just 20 common amino acids?,biological proteins,Proteins,0,0.6666666666666666,0,0,0.9084292650222778,0.8311053514480591
results_wiki,BGE,high_similarity_wrong,other_or_true_semantic_error,sample_1092,How is carbon dioxide and water vapor that is produced by cellular respiration released?,exhalation,Exhaled through lungs.,0,0.0,0,0,0.673630952835083,0.810830295085907
results_wiki,BGE,high_similarity_wrong,underspecified_or_overspecified_answer,sample_1101,Single bonds allow the atoms they join to rotate freely about the what?,bond axis,axis,0,0.6666666666666666,0,0,0.6708236336708069,0.8453742265701294
results_wiki,BGE,high_similarity_wrong,morphology_or_inflection,sample_1119,What is the hardest of all minerals?,diamonds,Diamond,0,0.0,0,0,0.9040918946266174,0.9470739960670471
results_wiki,BGE,high_similarity_wrong,semantic_relatedness_not_correctness,sample_1131,What is the term for long carbohydrate molecules of repeated monomer units joined together by glycosidic bonds?,polysaccharides,Polysaccharide,0,0.0,0,0,0.9641982913017273,0.9616138339042664
results_wiki,BGE,high_similarity_wrong,underspecified_or_overspecified_answer,sample_1134,What speeds up the reactions of chemical digestion?,digestive enzymes,Enzymes,0,0.6666666666666666,0,0,0.8428896069526672,0.8863117098808289
results_wiki,BGE,high_similarity_wrong,synonym_or_paraphrase_labeling_artifact,sample_1145,What is a strombolian eruption named for?,mt. stromboli,Stromboli volcano,0,0.5,0,0,0.7962018251419067,0.9002038240432739
results_wiki,BGE,high_similarity_wrong,underspecified_or_overspecified_answer,sample_1163,Lenses make use of what to create images?,refraction of light,Refraction,0,0.5,0,0,0.8429912328720093,0.9260874390602112
results_wiki,BGE,high_similarity_wrong,semantic_relatedness_not_correctness,sample_1174,What are the three classifications of elements?,"metals, non-metals and metaloids","Metals, nonmetals, metalloids.",0,0.25,0,0,0.8169543743133545,0.8902285695075989
results_wiki,BGE,high_similarity_wrong,morphology_or_inflection,sample_1203,What is the term for the remains or traces of living organisms?,fossils,Fossil,0,0.0,0,0,0.9358166456222534,0.8892495036125183
results_wiki,BGE,high_similarity_wrong,synonym_or_paraphrase_labeling_artifact,sample_1204,What type of disease is caused by pathogens?,infectious diseases,Infectious disease,0,0.5,0,0,0.9727953672409058,0.9619742631912231
results_wiki,BGE,high_similarity_wrong,synonym_or_paraphrase_labeling_artifact,sample_1207,"Of the three basic types of emissions, which has the highest penetrating power?",gamma radiation,Gamma rays,0,0.5,0,0,0.8812045454978943,0.9409534335136414
results_wiki,BGE,high_similarity_wrong,semantic_relatedness_not_correctness,sample_1218,"Occuring throughout the lifespan of the organism, what stages proceed in a certain order?",life cycle stages,Developmental stages,0,0.4,0,0,0.6070546507835388,0.8654327392578125
results_wiki,BGE,high_similarity_wrong,underspecified_or_overspecified_answer,sample_1239,What are the two types of fermentation?,lactic acid and alcoholic,"Alcoholic fermentation, lactic acid fermentation",0,0.6666666666666665,0,0,0.8281095027923584,0.8962010741233826
results_wiki,BGE,high_similarity_wrong,other_or_true_semantic_error,sample_1245,Gravitropism ensures that roots grow into the soil and that shoots grow toward what?,sunlight,light,0,0.0,0,0,0.6176567673683167,0.8082440495491028
results_wiki,BGE,high_similarity_wrong,other_or_true_semantic_error,sample_1255,Opposite charges attract and like charges do what?,repulse,repel,0,0.0,0,0,0.7327120900154114,0.8256976008415222
results_wiki,BGE,high_similarity_wrong,underspecified_or_overspecified_answer,sample_1265,Elements are pure substances that make up what?,all matter,matter,0,0.6666666666666666,0,0,0.8418278098106384,0.8272978663444519
results_wiki,BGE,high_similarity_wrong,synonym_or_paraphrase_labeling_artifact,sample_1271,What causes eutrophication to occur?,excess of fertilizers and other nutrients,Excess nutrient runoff.,0,0.2222222222222222,0,0,0.5733579397201538,0.8427849411964417
results_wiki,BGE,high_similarity_wrong,underspecified_or_overspecified_answer,sample_1276,People with osteoporosis have an increase risk of what?,bone fractures,fractures,0,0.6666666666666666,0,0,0.902143120765686,0.8907287120819092
results_wiki,BGE,high_similarity_wrong,synonym_or_paraphrase_labeling_artifact,sample_1291,Why are the stems of many xerophytes fleshy?,stores water,To store water.,0,0.4,0,0,0.6834700107574463,0.8999088406562805
results_wiki,BGE,high_similarity_wrong,other_or_true_semantic_error,sample_1310,Average global temperature has been doing what for the past several decades?,rising,increasing,0,0.0,0,0,0.5928134918212891,0.8147403597831726
results_wiki,BGE,high_similarity_wrong,synonym_or_paraphrase_labeling_artifact,sample_1316,What makes the realized niche of chthamalus much smaller than its fundamental niche?,interspecific competition,Competition and predation,0,0.4,0,0,0.6300503611564636,0.8454384207725525
results_wiki,BGE,high_similarity_wrong,underspecified_or_overspecified_answer,sample_1335,Enzymes speed up the rate of a specific chemical reaction and is therefore known as what?,biochemical catalysts,Catalysts,0,0.6666666666666666,0,0,0.6948969960212708,0.8285439014434814
results_wiki,BGE,high_similarity_wrong,underspecified_or_overspecified_answer,sample_1347,The water in some springs are hot because they're heated by what?,hot magma,magma,0,0.6666666666666666,0,0,0.8715518116950989,0.876880943775177
results_wiki,BGE,high_similarity_wrong,semantic_relatedness_not_correctness,sample_1358,What is the term for organisms that have adaptations to both salty and basic conditions?,haloalkaliphiles,Halophiles,0,0.0,0,0,0.6918576955795288,0.9067075848579407
results_wiki,BGE,high_similarity_wrong,synonym_or_paraphrase_labeling_artifact,sample_1363,What two systems are the lungs part of?,respiratory and excretory,Respiratory and circulatory systems.,0,0.5714285714285715,0,0,0.7109448909759521,0.8019565939903259
results_wiki,BGE,high_similarity_wrong,underspecified_or_overspecified_answer,sample_1377,What carries the instructions from the nucleus to the cytoplasm?,messenger rna,RNA,0,0.6666666666666666,0,0,0.835253119468689,0.8440055251121521
results_wiki,BGE,high_similarity_wrong,underspecified_or_overspecified_answer,sample_1385,What consists of one or two closed loops through which current can flow?,electric circuit,Circuit,0,0.6666666666666666,0,0,0.8617346286773682,0.8564430475234985
results_wiki,BGE,high_similarity_wrong,underspecified_or_overspecified_answer,sample_1396,Covalent bond energies can be used to estimate the enthalpy changes of what?,chemical reactions,reactions,0,0.6666666666666666,0,0,0.9083079695701599,0.8563744425773621
results_wiki,BGE,high_similarity_wrong,synonym_or_paraphrase_labeling_artifact,sample_1400,"Graded potentials are temporary changes in what, the characteristics of which depend on the size of the stimuli?",membrane voltage,membrane potential,0,0.5,0,0,0.7795472145080566,0.8306664228439331
results_wiki,BGE,high_similarity_wrong,numeric_equivalence,sample_1401,How many different types of taste neurons does the tongue contain?,five,5,0,0.0,0,0,0.922978401184082,0.9198909997940063
results_wiki,BGE,high_similarity_wrong,underspecified_or_overspecified_answer,sample_1426,Where do biochemical reactions take place?,inside the organisms' cells,In cells.,0,0.4,0,0,0.6683864593505859,0.8741540908813477
results_wiki,BGE,high_similarity_wrong,semantic_relatedness_not_correctness,sample_1454,What term simply means sensitive beyond normal levels of activation?,hypersensitivity,HyperSensitive,0,0.0,0,0,0.9629901051521301,0.9278804063796997
results_wiki,BGE,high_similarity_wrong,synonym_or_paraphrase_labeling_artifact,sample_1491,What is produced when sulfur and oxygen combine?,sulfur oxide,Sulfur dioxide,0,0.5,0,0,0.8005785942077637,0.9063772559165955
results_wiki,BGE,high_similarity_wrong,semantic_relatedness_not_correctness,sample_1505,What are the two components of a mixture called?,solute and a solvent,Components and solutes/solvents,0,0.28571428571428575,0,0,0.7778046131134033,0.8755959272384644
results_wiki,BGE,high_similarity_wrong,underspecified_or_overspecified_answer,sample_1507,What is the arch called that forms when plasma of the sun flows along the loop that connects sunspots?,solar prominence,Prominence,0,0.6666666666666666,0,0,0.7206995487213135,0.862613320350647
results_wiki,BGE,high_similarity_wrong,synonym_or_paraphrase_labeling_artifact,sample_1528,Carbon is a nonmetal with a significantly higher electronegativity; it is therefore more likely to accept electrons in what kind of reaction?,redox reaction,Oxidation reaction,0,0.5,0,0,0.6950967311859131,0.8148335814476013
results_wiki,BGE,high_similarity_wrong,underspecified_or_overspecified_answer,sample_1534,When can mutations occur in genes?,during dna replication,During cell division or DNA replication.,0,0.6666666666666666,0,0,0.7726422548294067,0.9150924682617188
results_wiki,BGE,high_similarity_wrong,underspecified_or_overspecified_answer,sample_1539,How does the number of protons compare to the number of electrons in an electrically neutral atom?,they are equal,Equal,0,0.5,0,0,0.8200795650482178,0.8751110434532166
results_wiki,BGE,high_similarity_wrong,other_or_true_semantic_error,sample_1548,What determines which type of precipitation falls?,air temperature,Temperature and atmospheric conditions,0,0.3333333333333333,0,0,0.772742509841919,0.8139128684997559
results_wiki,BGE,high_similarity_wrong,morphology_or_inflection,sample_1559,What type of butterfly do birds avoid eating since it makes them sick?,monarch butterflies,Monarch Butterfly,0,0.5,0,0,0.9257291555404663,0.9756097793579102
results_wiki,BGE,high_similarity_wrong,underspecified_or_overspecified_answer,sample_1598,What is the term for when a substance boils and changes to gas?,boiling point,Boiling,0,0.6666666666666666,0,0,0.8388190865516663,0.8267056941986084
results_wiki,BGE,high_similarity_wrong,synonym_or_paraphrase_labeling_artifact,sample_1630,What does fiber help keep at normal levels in the body?,sugar and lipids,Blood sugar and cholesterol levels,0,0.5,0,0,0.5655949115753174,0.8302288055419922
results_wiki,BGE,high_similarity_wrong,other_or_true_semantic_error,sample_1632,Fossil fuels and nuclear power are what type of resource?,nonrenewable,Non-renewable,0,0.0,0,0,0.5962483286857605,0.8195157647132874
results_wiki,BGE,high_similarity_wrong,underspecified_or_overspecified_answer,sample_1636,What is necessary for new alleles to be created?,new mutations,Mutation,0,0.0,0,0,0.8815770745277405,0.8481096029281616
results_wiki,BGE,high_similarity_wrong,synonym_or_paraphrase_labeling_artifact,sample_1642,What is the shape of the thyroid gland?,butterfly-shaped,Horseshoe-shaped,0,0.5,0,0,0.5541231632232666,0.8038546442985535
results_wiki,BGE,high_similarity_wrong,semantic_relatedness_not_correctness,sample_1650,"There is a positive correlation between the ability to conduct thermal energy and what other energy, as exemplified by metals?",electricity,Electrical energy,0,0.0,0,0,0.831010639667511,0.8713441491127014
results_wiki,BGE,high_similarity_wrong,other_or_true_semantic_error,sample_1653,"The uranium series is a chain constituting one what, which encompass naturally occurring isotopes of the heaviest elements?",radioactive decay family,nuclear decay series,0,0.3333333333333333,0,0,0.730259358882904,0.8189248442649841
results_wiki,BGE,high_similarity_wrong,synonym_or_paraphrase_labeling_artifact,sample_1656,What do you call chemical reactions that take place inside living things?,biochemical reactions,Metabolic reactions,0,0.5,0,0,0.808636486530304,0.870637059211731
results_wiki,BGE,high_similarity_wrong,synonym_or_paraphrase_labeling_artifact,sample_1669,Some consumers such as the mushroom get their energy from what?,dead organic matter,Decomposing organic matter,0,0.6666666666666666,0,0,0.7669438123703003,0.8118022680282593
results_wiki,BGE,high_similarity_wrong,morphology_or_inflection,sample_1678,What takes both the shape and the volume of their container?,gases,Gas,0,0.0,0,0,0.8552170395851135,0.9047123193740845
results_wiki,BGE,high_similarity_wrong,underspecified_or_overspecified_answer,sample_1686,"The stomach mucosa’s epithelial lining consists only of surface mucus cells, which secrete a protective coat of what?",alkaline mucus,mucus,0,0.6666666666666666,0,0,0.7499781847000122,0.8389375805854797
results_wiki,BGE,high_similarity_wrong,synonym_or_paraphrase_labeling_artifact,sample_1693,The partial pressure of each gas in a mixture is proportional to its what?,mole fraction,proportion by mole,0,0.4,0,0,0.8052524924278259,0.83540940284729
results_wiki,BGE,high_similarity_wrong,underspecified_or_overspecified_answer,sample_1695,When is melatonin secreted?,at night,During darkness or night.,0,0.3333333333333333,0,0,0.753390908241272,0.8898121118545532
results_wiki,BGE,high_similarity_wrong,morphology_or_inflection,sample_1700,"As with other organic compounds that form hydrogen bonds, water solubility of amines is reflected in the length of what?",carbon chains,carbon chain,0,0.5,0,0,0.9612225294113159,0.9691903591156006
results_wiki,BGE,high_similarity_wrong,underspecified_or_overspecified_answer,sample_1714,What is it called when electrons are shared equally?,nonpolar bonds,Nonpolar covalent bond,0,0.4,0,0,0.8671671152114868,0.9387082457542419
results_wiki,BGE,high_similarity_wrong,synonym_or_paraphrase_labeling_artifact,sample_1730,What causes continents to drift closer to the poles or the equator?,plate movements,Plate tectonics.,0,0.5,0,0,0.6320016384124756,0.8503950238227844
results_wiki,BGE,high_similarity_wrong,semantic_relatedness_not_correctness,sample_1759,What type of cells make up tumors?,cancer cells,Malignant or benign tumor cells.,0,0.28571428571428575,0,0,0.6942899227142334,0.8525842428207397
results_wiki,BGE,high_similarity_wrong,underspecified_or_overspecified_answer,sample_1768,What are chemical messengers that control sexual development and reproduction?,sex hormones,Hormones,0,0.6666666666666666,0,0,0.8863123655319214,0.8600571155548096
results_wiki,BGE,high_similarity_wrong,underspecified_or_overspecified_answer,sample_1804,What are materials that are poor thermal conductors called?,thermal insulators,Poor thermal conductors are called insulators.,0,0.5,0,0,0.8067762851715088,0.8472177386283875
results_wiki,BGE,high_similarity_wrong,semantic_relatedness_not_correctness,sample_1817,"In police radar, a radar gun sends out short bursts of which waves?",microwaves,microwave,0,0.0,0,0,0.935871422290802,0.9469923973083496
results_wiki,BGE,high_similarity_wrong,underspecified_or_overspecified_answer,sample_1830,Where is the food stored before being mixed with the chyme?,fundus of the stomach,Stomach,0,0.5,0,0,0.6818380355834961,0.8048628568649292
results_wiki,BGE,high_similarity_wrong,synonym_or_paraphrase_labeling_artifact,sample_1846,What system protects the soft organs of the body?,skeletal system,Skeleton system,0,0.5,0,0,0.8707072734832764,0.8959831595420837
results_wiki,BGE,high_similarity_wrong,morphology_or_inflection,sample_1850,Reversing the orientation of a chromosomal segment is called what?,inversions,Inversion,0,0.0,0,0,0.9534245729446411,0.9493474364280701
results_wiki,BGE,high_similarity_wrong,underspecified_or_overspecified_answer,sample_1851,"What does the clitellum secrete, while the sperm received are stored temporarily?",cocoon of mucus,Mucus for cocoon and spermatenizaion products,0,0.4444444444444444,0,0,0.7631152272224426,0.8201367259025574
results_wiki,BGE,high_similarity_wrong,semantic_relatedness_not_correctness,sample_1857,What type of light has shorter wavelengths than visible light and has enough energy to kill bacteria?,ultraviolet,UV light,0,0.0,0,0,0.7532998323440552,0.8872067332267761
results_wiki,BGE,high_similarity_wrong,underspecified_or_overspecified_answer,sample_1873,Different clouds are associated with different types of what?,weather conditions,weather,0,0.6666666666666666,0,0,0.8520411849021912,0.867810845375061
results_wiki,BGE,high_similarity_wrong,semantic_relatedness_not_correctness,sample_1899,"Farsightedness, or hyperopia, is the condition in which distant objects are seen clearly, but nearby objects are?",blurry,blurred,0,0.0,0,0,0.8593360781669617,0.8755369186401367
results_wiki,BGE,high_similarity_wrong,other_or_true_semantic_error,sample_1914,What is the job of hemoglobin in the body?,transports oxygen,Carry oxygen to cells.,0,0.3333333333333333,0,0,0.7143464684486389,0.8409191370010376
results_wiki,BGE,high_similarity_wrong,semantic_relatedness_not_correctness,sample_1935,The majority of solids are what in nature?,crystalline,crystals,0,0.0,0,0,0.850743293762207,0.8640326261520386
results_wiki,BGE,high_similarity_wrong,underspecified_or_overspecified_answer,sample_1939,The term science comes from a latin word that means?,having knowledge,knowledge,0,0.6666666666666666,0,0,0.8402135968208313,0.8546445965766907
results_wiki,BGE,high_similarity_wrong,other_or_true_semantic_error,sample_1980,What happens to cells in a hypertonic solution as water leaves the cell via osmosis?,shrinkage,Cells shrink.,0,0.0,0,0,0.6010668277740479,0.8174878358840942
results_wiki,BGE,high_similarity_wrong,morphology_or_inflection,sample_1997,When naming this type of ion the ending of the element’s name is dropped and replaced with the – ide suffix?,anions,Anion,0,0.0,0,0,0.8634364008903503,0.9486968517303467
results_wiki,BGE,high_similarity_wrong,semantic_relatedness_not_correctness,sample_2006,Which theory explains how populations of organisms can change over time?,evolution by natural selection,Theory of Evolution,0,0.28571428571428575,0,0,0.7373173832893372,0.8563096523284912
results_wiki,BGE,high_similarity_wrong,underspecified_or_overspecified_answer,sample_2013,What device uses electromagnetic induction to change the voltage of electric current?,electric transformer,Transformer,0,0.6666666666666666,0,0,0.8875646591186523,0.9015758633613586
results_wiki,BGE,high_similarity_wrong,other_or_true_semantic_error,sample_2028,"Starch is a large, complex carbohydrate made of thousands of _____ joined together?",glucose units (monomers),glucose molecules,0,0.4,0,0,0.623633861541748,0.8125187754631042
results_wiki,BGE,high_similarity_wrong,semantic_relatedness_not_correctness,sample_2036,Many species in rhizaria are among the organisms referred to as what?,amoebas,amoebae,0,0.0,0,0,0.8676393032073975,0.8741536140441895
results_wiki,BGE,high_similarity_wrong,morphology_or_inflection,sample_2053,What does the human heart do?,pump blood,Pumps blood.,0,0.5,0,0,0.857200562953949,0.9254080057144165
results_wiki,BGE,high_similarity_wrong,synonym_or_paraphrase_labeling_artifact,sample_2065,How can people access water in an aquifer that does not flow from a spring or a geyser?,dig a well,Drill a well,0,0.5,0,0,0.7969210147857666,0.8967783451080322
results_wiki,BGE,high_similarity_wrong,morphology_or_inflection,sample_2072,What do you call taxes placed on products that produce carbon dioxide?,carbon taxes,Carbon tax,0,0.5,0,0,0.9760968685150146,0.978609561920166
results_wiki,BGE,high_similarity_wrong,synonym_or_paraphrase_labeling_artifact,sample_2093,What is the name of the mechanism in which sounds are encoded in microwaves by changing their frequency?,frequency modulation,Acoustic modulation,0,0.5,0,0,0.7346345782279968,0.8679085373878479
results_wiki,BGE,high_similarity_wrong,synonym_or_paraphrase_labeling_artifact,sample_2096,What is the term for the use of radioactive decay to estimate the ages of fossils and rock?,radioactive dating,Radiometric dating,0,0.5,0,0,0.824774980545044,0.9147346019744873
results_wiki,BGE,high_similarity_wrong,underspecified_or_overspecified_answer,sample_2098,How are the major families of organic compounds characterized?,their functional groups,By functional groups.,0,0.6666666666666666,0,0,0.7356469035148621,0.9303620457649231
results_wiki,BGE,high_similarity_wrong,other_or_true_semantic_error,sample_2099,What do chemotrophs extract energy from?,chemical compounds,Organic or inorganic compounds,0,0.3333333333333333,0,0,0.7717186212539673,0.8453106880187988
results_wiki,BGE,high_similarity_wrong,synonym_or_paraphrase_labeling_artifact,sample_2111,What happens when a sodium atom loses an electron?,becomes sodium ion,Sodium ion (Na+) is formed.,0,0.5,0,0,0.8367732167243958,0.8965372443199158
results_wiki,BGE,high_similarity_wrong,semantic_relatedness_not_correctness,sample_2118,What is the part of a plant whose primary role is to collect sunlight and make food by photosynthesis?,leaves,Leaf,0,0.0,0,0,0.8454662561416626,0.9029252529144287
results_wiki,BGE,high_similarity_wrong,synonym_or_paraphrase_labeling_artifact,sample_2139,How many years ago did early amniotes diverge into two groups?,320 million years,350 million years ago,0,0.5714285714285715,0,0,0.7332508563995361,0.8280436396598816
results_wiki,BGE,high_similarity_wrong,other_or_true_semantic_error,sample_2145,Is the digestive tract of many sharks longer or shorter than many other vertebrates?,shorter,Longer,0,0.0,0,0,0.8041276931762695,0.8187181949615479
results_wiki,BGE,high_similarity_wrong,underspecified_or_overspecified_answer,sample_2151,Endothermic and exothermic reactions differ in whether the products or reactants store more of what?,chemical energy,energy,0,0.6666666666666666,0,0,0.7279233336448669,0.806138813495636
results_wiki,BGE,high_similarity_wrong,synonym_or_paraphrase_labeling_artifact,sample_2157,Carbon behaves as a metal because it conducts which two things well?,heat and electricity,Electrical charge and heat,0,0.5714285714285715,0,0,0.8196575045585632,0.8885772228240967
results_wiki,BGE,high_similarity_wrong,morphology_or_inflection,sample_2159,What contains the spore-forming asci?,the ascocarps,Ascocarp,0,0.0,0,0,0.8986137509346008,0.8966065645217896
results_wiki,BGE,high_similarity_wrong,synonym_or_paraphrase_labeling_artifact,sample_2160,Fruit fly and brine shrimp hox genes have evolved independently for how long?,400 million years,over 600 million years,0,0.5714285714285715,0,0,0.8867363929748535,0.8559615015983582
results_wiki,BGE,high_similarity_wrong,underspecified_or_overspecified_answer,sample_2162,What do tadpoles change into?,adult frogs,Frogs,0,0.6666666666666666,0,0,0.8245846629142761,0.8368039131164551
results_wiki,BGE,high_similarity_wrong,synonym_or_paraphrase_labeling_artifact,sample_2180,What is the type of reproduction where part of the parent plant is used to generate a new plant?,asexual reproduction,Vegetative reproduction,0,0.5,0,0,0.6299650073051453,0.8272156715393066
results_wiki,BGE,high_similarity_wrong,synonym_or_paraphrase_labeling_artifact,sample_2182,What two phases does the cell cycle consist of?,interphase and mitotic,Interphase and Mitosis,0,0.6666666666666666,0,0,0.8690821528434753,0.9881488680839539
results_wiki,BGE,high_similarity_wrong,synonym_or_paraphrase_labeling_artifact,sample_2184,Sphenodontia sphenodontia (“wedge tooth”) arose in the mesozoic era and includes only one of what?,living genus,living species,0,0.5,0,0,0.7355523109436035,0.8130608797073364
results_wiki,BGE,high_similarity_wrong,synonym_or_paraphrase_labeling_artifact,sample_2191,What three things do animals require in order to survive?,"air, water, food","food, water, shelter",0,0.6666666666666666,0,0,0.6873030066490173,0.8303393125534058
results_wiki,BGE,high_similarity_wrong,underspecified_or_overspecified_answer,sample_2213,"In machines that increase force, such as ramps and doorknobs and nutcrackers, what is the relation between output and input force?",output is greater,Output force is greater than input force.,0,0.6,0,0,0.6952751874923706,0.8370717167854309
results_wiki,BGE,high_similarity_wrong,synonym_or_paraphrase_labeling_artifact,sample_2220,What type of behaviors do not have to be learned or practiced?,innate behaviors,instinctive behaviors,0,0.5,0,0,0.723839282989502,0.8212941288948059
results_wiki,BGE,high_similarity_wrong,underspecified_or_overspecified_answer,sample_2225,What type of device uses electromagnetic induction to change the voltage of electric current?,electronic transformer,Transformer,0,0.6666666666666666,0,0,0.8530305027961731,0.8640912175178528
results_wiki,BGE,high_similarity_wrong,underspecified_or_overspecified_answer,sample_2228,What occurs over a large area when a rock is buried or compressed?,regional metamorphism,Metamorphism,0,0.6666666666666666,0,0,0.6867905855178833,0.8322710394859314
results_wiki,BGE,high_similarity_wrong,semantic_relatedness_not_correctness,sample_2243,What type of organism is a bacteria?,single-celled prokaryotic,Prokaryote,0,0.0,0,0,0.7014815807342529,0.855147123336792
results_wiki,BGE,high_similarity_wrong,synonym_or_paraphrase_labeling_artifact,sample_2251,Equal and oppositely directed forces produce what kind of acceleration?,no acceleration,Zero acceleration,0,0.5,0,0,0.7926231026649475,0.8947185277938843
results_wiki,BGE,high_similarity_wrong,morphology_or_inflection,sample_2261,Carboxylic acids can form what with alcohols?,esters,Ester,0,0.0,0,0,0.9219813346862793,0.913770318031311
results_wiki,BGE,high_similarity_wrong,underspecified_or_overspecified_answer,sample_2267,What helps treat bacterial infections in people?,antibiotic drugs,Antibiotics,0,0.0,0,0,0.8989870548248291,0.883899450302124
results_wiki,BGE,high_similarity_wrong,other_or_true_semantic_error,sample_2275,G2 and s are phases in what process that is important in cell division?,mitosis,Cell cycle,0,0.0,0,0,0.49662232398986816,0.8093598484992981
results_wiki,BGE,high_similarity_wrong,semantic_relatedness_not_correctness,sample_2289,What are the largest phylum in the animal kingdom?,arthropods,Arthropoda,0,0.0,0,0,0.8000447750091553,0.8586481213569641
results_wiki,BGE,high_similarity_wrong,other_or_true_semantic_error,sample_2292,What is the purpose of utilizing careful farming practices such as rotating crops or planting nutrient rich crops?,improve soil quality,Maintain soil health and fertility.,0,0.25,0,0,0.6488094925880432,0.8473249673843384
results_wiki,BGE,high_similarity_wrong,synonym_or_paraphrase_labeling_artifact,sample_2294,What is the biogeochemical cycle that recycles water called?,water cycle,Hydrological cycle,0,0.5,0,0,0.8248574137687683,0.8968630433082581
results_wiki,BGE,high_similarity_wrong,synonym_or_paraphrase_labeling_artifact,sample_2296,An atom can be classified as a particular element based solely on its what?,atomic number,number of protons,0,0.4,0,0,0.493741899728775,0.8075390458106995
results_wiki,BGE,high_similarity_wrong,semantic_relatedness_not_correctness,sample_2311,What term is used to describe birds that mate for an entire season or even stay paired for their entire life?,monogamous,Monogamy,0,0.0,0,0,0.9394605755805969,0.9084256887435913
results_wiki,BGE,high_similarity_wrong,underspecified_or_overspecified_answer,sample_2312,What branch of science offers an overview of the physiology of humans?,human biology,Biology,0,0.6666666666666666,0,0,0.8723206520080566,0.8573539853096008
results_wiki,BGE,high_similarity_wrong,synonym_or_paraphrase_labeling_artifact,sample_2313,"In atherosclerosis, thickening of an arterial wall due to this can restrict blood flow through the artery?",plaque formation,Plaque buildup,0,0.5,0,0,0.8571741580963135,0.9060393571853638
results_wiki,BGE,high_similarity_wrong,semantic_relatedness_not_correctness,sample_2321,What make distant objects appear both nearer and larger?,telescopes,Telescope,0,0.0,0,0,0.9252792596817017,0.9149565100669861
results_wiki,BGE,high_similarity_wrong,morphology_or_inflection,sample_2325,Pressure has a significant effect on the solubility of what state of matter?,gases,gas,0,0.0,0,0,0.8552169799804688,0.9047123789787292
results_wiki,BGE,high_similarity_wrong,synonym_or_paraphrase_labeling_artifact,sample_2344,"Dominant alleles rarely cause what type of disorders, since the mutant allele is likely to die out of the population?",genetic disorders,recessive disorders,0,0.5,0,0,0.7075861692428589,0.8537007570266724
results_wiki,BGE,high_similarity_wrong,morphology_or_inflection,sample_2346,"Reflected in their relatively high level of intelligence and their ability to learn new behaviors, what organs tend to be relatively large in primates?",brains,Brain,0,0.0,0,0,0.9335721135139465,0.9362756013870239
results_wiki,BGE,high_similarity_wrong,synonym_or_paraphrase_labeling_artifact,sample_2363,"Upon ovulation, the oocyte released by the ovary is swept into where?",uterine tube,Fallopian tube,0,0.5,0,0,0.6137303113937378,0.8477523326873779
results_wiki,BGE,high_similarity_wrong,underspecified_or_overspecified_answer,sample_2365,The number of waves that pass a fixed point in a given amount of time is referred to as what?,wave frequency,Frequency,0,0.6666666666666666,0,0,0.7779581546783447,0.8519145846366882
results_wiki,BGE,high_similarity_wrong,other_or_true_semantic_error,sample_2367,Most of a mushroom's surface area is actually where?,underground,below ground,0,0.0,0,0,0.5780351758003235,0.8036832213401794
results_wiki,BGE,high_similarity_wrong,underspecified_or_overspecified_answer,sample_2399,A complete ionic equation is a chemical equation in which the dissolved ionic compounds are written as what?,separated ions,ions,0,0.6666666666666666,0,0,0.7945472598075867,0.8135478496551514
results_wiki,BGE,high_similarity_wrong,synonym_or_paraphrase_labeling_artifact,sample_2432,What type of reproduction produces offspring from a single parent that share the exact same genetic material as the parent?,asexual reproduction,Clonal reproduction,0,0.5,0,0,0.6434427499771118,0.8213063478469849
results_wiki,BGE,high_similarity_wrong,numeric_equivalence,sample_2433,Invertebrates make up what percentage of all animal species?,95 percent,95%,0,0.6666666666666666,0,0,0.9459183812141418,0.9722511172294617
results_wiki,BGE,high_similarity_wrong,morphology_or_inflection,sample_2452,What are the largest known proteins?,titins,Titin,0,0.0,0,0,0.9071528911590576,0.9007471203804016
results_wiki,BGE,high_similarity_wrong,morphology_or_inflection,sample_2456,Where do two or more bones of the skeleton meet?,joints,Joint,0,0.0,0,0,0.871422529220581,0.9136692881584167
results_wiki,BGE,high_similarity_wrong,synonym_or_paraphrase_labeling_artifact,sample_2467,What determines the color of visible light?,exact wavelength,Wavelength of light,0,0.4,0,0,0.8148754239082336,0.8039413690567017
results_wiki,BGE,high_similarity_wrong,synonym_or_paraphrase_labeling_artifact,sample_2469,Earth rotates on its axis once each day and revolves around the sun how often?,once each year,Once per year,0,0.6666666666666666,0,0,0.9256126284599304,0.9677950143814087
results_wiki,BGE,high_similarity_wrong,other_or_true_semantic_error,sample_2479,"In physics, resistance is opposition to the flow of what?",electrical charges,electricity,0,0.0,0,0,0.7039398550987244,0.8078262805938721
results_wiki,BGE,high_similarity_wrong,morphology_or_inflection,sample_2490,What is tube-shaped and brings urine from the kidneys to the urinary bladder?,ureters,Ureter,0,0.0,0,0,0.9309200644493103,0.904333770275116
results_wiki,BGE,high_similarity_wrong,underspecified_or_overspecified_answer,sample_2506,Neurons are classified based on the direction in which they carry what?,nerve impulses,impulses,0,0.6666666666666666,0,0,0.7418379187583923,0.8650690913200378
results_wiki,BGE,high_similarity_wrong,other_or_true_semantic_error,sample_2508,What makes monotremes different than other mammals?,they lay eggs,Egg-laying,0,0.0,0,0,0.7440568208694458,0.8458277583122253
results_wiki,BGE,high_similarity_wrong,morphology_or_inflection,sample_2514,Where are protons found in the atom?,in the nucleus,Nucleus,0,0.6666666666666666,0,0,0.8950222730636597,0.8869050741195679
results_wiki,BGE,high_similarity_wrong,underspecified_or_overspecified_answer,sample_2528,What celestial events are the source of elements heavier than iron?,supernovas,Supernova explosions,0,0.0,0,0,0.8559051156044006,0.842420756816864
results_wiki,BGE,high_similarity_wrong,other_or_true_semantic_error,sample_2540,What might a scientist do to confirm the work of another?,replicate their work,Replicate the experiment.,0,0.4,0,0,0.5066386461257935,0.8296712636947632
results_wiki,BGE,high_similarity_wrong,underspecified_or_overspecified_answer,sample_2542,A diver's air bubbles increase in size as he approaches the surface because what decreases?,water pressure,Pressure,0,0.6666666666666666,0,0,0.741796612739563,0.8337113857269287
results_wiki,BGE,high_similarity_wrong,morphology_or_inflection,sample_2559,What attaches a muscle to a bone?,tendons,Tendon,0,0.0,0,0,0.9216893911361694,0.9339125752449036
results_wiki,BGE,high_similarity_wrong,other_or_true_semantic_error,sample_2560,What are two common weather characteristics of hurricanes?,high winds and rainfall,"Strong winds, heavy rain",0,0.25,0,0,0.8435556292533875,0.8318188190460205
results_wiki,BGE,high_similarity_wrong,other_or_true_semantic_error,sample_2563,Zeros that appear in front of all of the nonzero digits are called what?,left-end zeros,Leading zeros,0,0.4,0,0,0.7847482562065125,0.8247076869010925
results_wiki,BGE,high_similarity_wrong,other_or_true_semantic_error,sample_2581,When does coal release most of its energy?,when burning,During combustion.,0,0.0,0,0,0.6788290143013,0.8476758003234863
results_wiki,BGE,high_similarity_wrong,numeric_equivalence,sample_2589,The cubic crystal system is composed of how many different types of unit cells?,three,3,0,0.0,0,0,0.8656187057495117,0.9156866073608398
results_wiki,BGE,high_similarity_wrong,numeric_equivalence,sample_2598,How many bones does the  mammalian middle ear have?,three,3,0,0.0,0,0,0.8656187057495117,0.9156866073608398
results_wiki,BGE,high_similarity_wrong,semantic_relatedness_not_correctness,sample_2659,"Sharing a phylum with insects, spiders, daddy-long-legs, scorpions, and ticks belong to what class?",arachnids,Arachnida,0,0.0,0,0,0.8550060987472534,0.8693668246269226
results_wiki,BGE,high_similarity_wrong,numeric_equivalence,sample_2663,"In a carbon triple bond, how many pairs of electrons are shared?",three,3,0,0.0,0,0,0.8656187057495117,0.9156866073608398
results_wiki,BGE,high_similarity_wrong,synonym_or_paraphrase_labeling_artifact,sample_2672,What do you call the angle of the earth's axis of rotation?,axial tilt,Tilt angle,0,0.5,0,0,0.7657346725463867,0.8448617458343506
results_wiki,BGE,high_similarity_wrong,other_or_true_semantic_error,sample_2678,What occurs at joints?,body movements,Movement and sometimes pain,0,0.0,0,0,0.6071910262107849,0.8075270652770996
results_wiki,BGE,high_similarity_wrong,semantic_relatedness_not_correctness,sample_2689,"What component of an organism, made up of many cells, in turn makes up an organ?",tissues,Tissue,0,0.0,0,0,0.9345923662185669,0.9581660032272339
results_wiki,BGE,high_similarity_wrong,semantic_relatedness_not_correctness,sample_2703,Some women experience cramping and pain before and during what monthly cycle?,menstruation,Menstrual cycle,0,0.0,0,0,0.8701512217521667,0.8728214502334595
results_wiki,BGE,high_similarity_wrong,underspecified_or_overspecified_answer,sample_2709,"Because force and electric field are what, they have direction as well as their value?",vectors,vector quantities,0,0.0,0,0,0.8047008514404297,0.8460413813591003
results_wiki,BGE,high_similarity_wrong,synonym_or_paraphrase_labeling_artifact,sample_2712,"How thick is the earth's continental crust, on average?",35 kilometers,30 kilometers,0,0.5,0,0,0.9218295812606812,0.885032057762146
results_wiki,BGE,high_similarity_wrong,underspecified_or_overspecified_answer,sample_2716,What do vectors possess that scalars do not?,magnitude and direction,Direction,0,0.5,0,0,0.6727269291877747,0.8273698091506958
results_wiki,BGE,high_similarity_wrong,semantic_relatedness_not_correctness,sample_2723,"What are commonly used to control insect pests, but can have harmful effects on the environment?",insecticides,Pesticides,0,0.0,0,0,0.9135580062866211,0.8717679977416992
results_wiki,BGE,high_similarity_wrong,underspecified_or_overspecified_answer,sample_2729,What is the way animals act either alone or with other animals called?,animal behavior,Behavior,0,0.6666666666666666,0,0,0.641749918460846,0.8903073072433472
results_wiki,BGE,high_similarity_wrong,synonym_or_paraphrase_labeling_artifact,sample_2732,What is the main difference between eukaryotic and prokaryotic cells?,eukaryotic cells have a nucleus,Eukaryotic cells have membrane-bound organelles.,0,0.6,0,0,0.6839258074760437,0.8598377108573914
results_wiki,BGE,high_similarity_wrong,underspecified_or_overspecified_answer,sample_2737,Which virus causes cold sores?,herpes virus,Herpes simplex virus 1 (HSV-1),0,0.5,0,0,0.731673538684845,0.8551581501960754
results_wiki,BGE,high_similarity_wrong,other_or_true_semantic_error,sample_2740,"The units of time, day and year are based on what?",motions of earth,Earth's rotation and orbit,0,0.25,0,0,0.6691156029701233,0.8440659046173096
results_wiki,BGE,high_similarity_wrong,synonym_or_paraphrase_labeling_artifact,sample_2745,A weak and temporary dipole that influences nearby atoms through electrostatic attraction and repulsion is known as what?,an instantaneous dipole,Induced dipole,0,0.5,0,0,0.7017552852630615,0.8631303906440735
results_wiki,BGE,high_similarity_wrong,other_or_true_semantic_error,sample_2751,What type of climate is found mostly near the equator?,warm tropical,Tropical气候,0,0.0,0,0,0.7046113014221191,0.8328224420547485
results_wiki,BGE,high_similarity_wrong,morphology_or_inflection,sample_2774,"Prostaglandins also help regulate the aggregation of platelets, one step in the formation of what?",blood clots,blood clot,0,0.5,0,0,0.9360222816467285,0.9671856760978699
results_wiki,BGE,high_similarity_wrong,other_or_true_semantic_error,sample_2794,Every peripheral nerve is connected directly or indirectly to what?,the spinal cord,the central nervous system,0,0.0,0,0,0.5128853917121887,0.826921820640564
results_wiki,BGE,high_similarity_wrong,other_or_true_semantic_error,sample_2796,Pathogenic prokaryotes usually cause illness by producing what?,poisons,Toxins,0,0.0,0,0,0.6821105480194092,0.8076841831207275
results_wiki,BGE,high_similarity_wrong,semantic_relatedness_not_correctness,sample_2807,What process is the opposite of nitrogen fixation?,denitrification,Nitrification,0,0.0,0,0,0.4492960274219513,0.8619222640991211
results_wiki,BGE,high_similarity_wrong,morphology_or_inflection,sample_2816,Most metals exist in which form at room temperature?,solids,Solid,0,0.0,0,0,0.7101395726203918,0.8635469675064087
results_wiki,BGE,high_similarity_wrong,semantic_relatedness_not_correctness,sample_2827,"What is the group of all the eukaryotes that are not fungi, animals, or plants called?",protists,Protista,0,0.0,0,0,0.8939943909645081,0.8957151770591736
results_wiki,BGE,high_similarity_wrong,morphology_or_inflection,sample_2828,What have a symbiotic relationship between a fungus and a photosynthetic organism?,lichens,Lichen,0,0.0,0,0,0.9412404894828796,0.9331024885177612
results_wiki,BGE,high_similarity_wrong,morphology_or_inflection,sample_2843,"Because opposite charges attract, oppositely charged ions attract each other to form what?",ionic bonds,Ionic bond,0,0.5,0,0,0.9580477476119995,0.9744113087654114
results_wiki,BGE,high_similarity_wrong,underspecified_or_overspecified_answer,sample_2848,Who invented the taxonomic classification system?,carl linnaeus,Linnaeus,0,0.6666666666666666,0,0,0.9340915083885193,0.9077774286270142
results_wiki,BGE,high_similarity_wrong,other_or_true_semantic_error,sample_2851,"What are biochemical compounds, such as fats and oils, that consist of fatty acids and store energy?",lipids,Triglycerides,0,0.0,0,0,0.6447855234146118,0.8096030354499817
results_wiki,BGE,high_similarity_wrong,other_or_true_semantic_error,sample_2855,Fertilized mollusk eggs develop into what?,larvae,Larva,0,0.0,0,0,0.7366484999656677,0.8432056903839111
results_wiki,BGE,high_similarity_wrong,synonym_or_paraphrase_labeling_artifact,sample_2881,What is the term for dating a rock based on composition decay?,radioactive dating,Radiometric dating,0,0.5,0,0,0.8247750401496887,0.9147347211837769
results_wiki,BGE,high_similarity_wrong,underspecified_or_overspecified_answer,sample_2898,What are named for major physical or climatic features and for their predominant vegetation?,terrestrial biomes,Biomes,0,0.6666666666666666,0,0,0.7907137274742126,0.8738707304000854
results_wiki,BGE,high_similarity_wrong,other_or_true_semantic_error,sample_2911,Where would you find most pollution of ocean water?,coastline,Near coastal areas.,0,0.0,0,0,0.6601023077964783,0.8031520247459412
results_wiki,BGE,high_similarity_wrong,underspecified_or_overspecified_answer,sample_2917,"What part of a mature plant cell is responsible for storing substances like water, enzymes, and salts?",central vacuole,Vacuole,0,0.6666666666666666,0,0,0.8017652034759521,0.86451655626297
results_wiki,BGE,high_similarity_wrong,morphology_or_inflection,sample_2970,The similarity in biochemical compounds between living things provides evidence for the evolution of species from what?,common ancestors,common ancestor,0,0.5,0,0,0.9126662015914917,0.9406930804252625
results_wiki,BGE,high_similarity_wrong,underspecified_or_overspecified_answer,sample_2980,What is the term for the skeletal structure of the head that supports the face and protects the brain?,cranium (skull),Cranium,0,0.6666666666666666,0,0,0.885616660118103,0.9641271829605103
results_wiki,BGE,high_similarity_wrong,semantic_relatedness_not_correctness,sample_3009,"An unknown genotype can be determined by observing what, the term for characteristics of the resulting offspring?",phenotypes,Phenotype,0,0.0,0,0,0.968203604221344,0.9221993684768677
results_wiki,BGE,high_similarity_wrong,numeric_equivalence,sample_3011,How much electricity is generated by an average car battery?,twelve volts,12 volts,0,0.5,0,0,0.9561253786087036,0.9557172060012817
results_wiki,BGE,high_similarity_wrong,underspecified_or_overspecified_answer,sample_3014,What are 2 common growth patterns of population?,exponential and logistic,"Exponential growth, logistic growth",0,0.5714285714285715,0,0,0.7162577509880066,0.8985594511032104
results_wiki,BGE,high_similarity_wrong,synonym_or_paraphrase_labeling_artifact,sample_3031,What are the attractive forces that occur between polar molecules called?,dipole-dipole forces,Dipole-dipole interactions,0,0.6666666666666666,0,0,0.8572720289230347,0.9006580114364624
results_wiki,BGE,high_similarity_wrong,other_or_true_semantic_error,sample_3034,Amoebas and paramecia are examples of what?,protozoa,Protists,0,0.0,0,0,0.4838957190513611,0.8143021464347839
results_wiki,BGE,high_similarity_wrong,underspecified_or_overspecified_answer,sample_3039,What is the opening formed between adjacent vertebrae for the exit of a spinal nerve called?,intervertebral foramen,Foramen,0,0.6666666666666666,0,0,0.6876572370529175,0.8370637893676758
results_wiki,BGE,high_similarity_wrong,semantic_relatedness_not_correctness,sample_3078,What occurs when the immune system is not working properly?,immunodeficiency,Immune deficiency,0,0.0,0,0,0.6579804420471191,0.8614267110824585
results_wiki,BGE,high_similarity_wrong,underspecified_or_overspecified_answer,sample_3088,Minerals that are not pure elements are made of what?,chemical compounds,Compounds,0,0.6666666666666666,0,0,0.9084243178367615,0.9127016067504883
results_wiki,BGE,high_similarity_wrong,semantic_relatedness_not_correctness,sample_3102,What do some animals grow to protect themselves in winter?,thicker fur,Thick fur or fat layers.,0,0.28571428571428575,0,0,0.8010410666465759,0.8755075931549072
results_wiki,BGE,high_similarity_wrong,synonym_or_paraphrase_labeling_artifact,sample_3119,What causes continents to drift closer to the poles or the equator?,plate movements,Plate tectonics,0,0.5,0,0,0.6418176293373108,0.8263084888458252
results_wiki,BGE,high_similarity_wrong,semantic_relatedness_not_correctness,sample_3139,What are  electromagnetic waves created by?,oscillating charges,Vibrating electric charges,0,0.4,0,0,0.6618019342422485,0.8576818704605103
results_wiki,BGE,high_similarity_wrong,synonym_or_paraphrase_labeling_artifact,sample_3156,"What are liverworts with a flattened, ribbon-like body called?",thallose liverworts,foliose liverworts,0,0.5,0,0,0.6277257204055786,0.826632022857666
results_wiki,BGE,high_similarity_wrong,semantic_relatedness_not_correctness,sample_3178,What causes nitrate to go back to its gaseous nitrogen state?,denitrifying bacteria,Denitrification,0,0.0,0,0,0.7713119387626648,0.9099531173706055
results_wiki,BGE,high_similarity_wrong,synonym_or_paraphrase_labeling_artifact,sample_3182,What type of analysis is performed to study gene expression patterns in cells?,rna analysis,RNA sequencing,0,0.5,0,0,0.7375521063804626,0.8634046912193298
results_wiki,BGE,high_similarity_wrong,underspecified_or_overspecified_answer,sample_3185,An electrical signal along a nerve cell triggers the secretion of what?,neurotransmitter molecules,neurotransmitters,0,0.0,0,0,0.880683183670044,0.9415820837020874
results_wiki,BGE,high_similarity_wrong,underspecified_or_overspecified_answer,sample_3189,What do omnivores eat?,plants & animals,Both plants and animals.,0,0.6666666666666666,0,0,0.8615658283233643,0.8539371490478516
results_wiki,BGE,high_similarity_wrong,synonym_or_paraphrase_labeling_artifact,sample_3204,Not even light can escape from what extremely dense object sometimes found in deep space?,black holes,Black hole,0,0.5,0,0,0.9441516399383545,0.9340887069702148
results_wiki,BGE,high_similarity_wrong,synonym_or_paraphrase_labeling_artifact,sample_3214,What is produced when sulfur and oxygen combine?,sulfur oxides,Sulfur dioxide,0,0.5,0,0,0.7763897180557251,0.8752899765968323
results_wiki,BGE,high_similarity_wrong,synonym_or_paraphrase_labeling_artifact,sample_3220,Internal body fluids link exchange surfaces to what else?,body cells,body tissues,0,0.5,0,0,0.7035942077636719,0.8222589492797852
results_wiki,BGE,high_similarity_wrong,underspecified_or_overspecified_answer,sample_3239,What do you call different organs working together?,organ systems,System,0,0.0,0,0,0.5572016835212708,0.8158665299415588
results_wiki,BGE,high_similarity_wrong,underspecified_or_overspecified_answer,sample_3240,A machine is any device that makes work easier by doing what?,changing a force,changing the amount of force or speed or both,0,0.4,0,0,0.7302554845809937,0.8702311515808105
results_wiki,BGE,high_similarity_wrong,morphology_or_inflection,sample_3248,The high points of a transverse wave are called what?,crests,Crest,0,0.0,0,0,0.9118466377258301,0.9187446236610413
results_wiki,BGE,high_similarity_wrong,other_or_true_semantic_error,sample_3267,"The existence of (virtual) photons is possible only by virtue of the heisenberg uncertainty principle and can travel an unlimited distance, so the range ofthe electromagnetic for is what?",infinite,Unlimited,0,0.0,0,0,0.5645738244056702,0.8137727975845337
results_wiki,BGE,high_similarity_wrong,underspecified_or_overspecified_answer,sample_3282,What can carry nerve impulses from tissues and organs to the spinal cord and brain?,sensory neurons,Neurons,0,0.6666666666666666,0,0,0.8219958543777466,0.8840034604072571
results_wiki,BGE,high_similarity_wrong,synonym_or_paraphrase_labeling_artifact,sample_3283,Chemical equations need to be balanced to satisfy the law of what?,conservation of matter,Conservation of mass,0,0.6666666666666666,0,0,0.717017650604248,0.8645877242088318
results_wiki,BGE,high_similarity_wrong,synonym_or_paraphrase_labeling_artifact,sample_3286,"Connected to agriculture, forestry, mining, and urbanization, what is the single biggest cause of extinction today?",habitat loss,Habitat destruction,0,0.5,0,0,0.8640176057815552,0.8849877119064331
results_wiki,BGE,high_similarity_wrong,semantic_relatedness_not_correctness,sample_3307,What keeps earth in orbit around the sun?,gravity,Gravitational force,0,0.0,0,0,0.7904050946235657,0.8508159518241882
results_wiki,BGE,high_similarity_wrong,underspecified_or_overspecified_answer,sample_3309,Living organisms release carbon dioxide into the atmosphere by what method?,cellular respiration,Respiration,0,0.6666666666666666,0,0,0.8524263501167297,0.8717408180236816
results_wiki,BGE,high_similarity_wrong,semantic_relatedness_not_correctness,sample_3338,What is the chemical formula for a glucose molecule?,c6 h12 o6,C6H12O6,0,0.0,0,0,0.7935800552368164,0.8765629529953003
results_wiki,BGE,high_similarity_wrong,underspecified_or_overspecified_answer,sample_3339,"In physics, the number of waves that pass a fixed point in a given amount time is referred to as what ?",wave frequency,Frequency,0,0.6666666666666666,0,0,0.7779581546783447,0.8519147038459778
results_wiki,BGE,high_similarity_wrong,other_or_true_semantic_error,sample_3347,What is in the inside of your mouth and nose instead of skin?,mucous membranes,Mucosa,0,0.0,0,0,0.4788208305835724,0.834625244140625
results_wiki,BGE,high_similarity_wrong,other_or_true_semantic_error,sample_3355,B cells and t cells are examples of what type of cells?,white blood cells,Lymphocytes,0,0.0,0,0,0.548568844795227,0.8009418845176697
results_wiki,BGE,high_similarity_wrong,synonym_or_paraphrase_labeling_artifact,sample_3364,The carrying angle is larger in females to accommodate their what?,wider pelvis,wider hips,0,0.5,0,0,0.7248530387878418,0.8866046667098999
results_wiki,BGE,high_similarity_wrong,synonym_or_paraphrase_labeling_artifact,sample_3368,What forms a barrier between the cytoplasm and the environment outside the cell?,plasma membrane,Cell membrane,0,0.5,0,0,0.7394431233406067,0.9140177965164185
results_wiki,BGE,high_similarity_wrong,semantic_relatedness_not_correctness,sample_3381,Bacteria are what kind of cell?,prokaryotes,Prokaryotic,0,0.0,0,0,0.927108883857727,0.9297050833702087
results_wiki,BGE,high_similarity_wrong,semantic_relatedness_not_correctness,sample_3410,What are carbonated beverages pressurized with?,co2,Carbon dioxide,0,0.0,0,0,0.8494598269462585,0.8872536420822144
results_wiki,BGE,high_similarity_wrong,other_or_true_semantic_error,sample_3420,Where in the periodic table of elements are the nonmetals located?,top right,Upper right corner,0,0.4,0,0,0.6355278491973877,0.8478015661239624
results_wiki,BGE,high_similarity_wrong,synonym_or_paraphrase_labeling_artifact,sample_3437,"Besides increasing the potential, how else can you increase current in a circuit?",decreasing the resistance,Decrease resistance,0,0.5,0,0,0.9428079724311829,0.9414923787117004
results_wiki,BGE,high_similarity_wrong,underspecified_or_overspecified_answer,sample_3471,The primary lymphoid organs are the bone marrow and what else?,thymus gland,Thymus,0,0.6666666666666666,0,0,0.827357292175293,0.8808971047401428
results_wiki,BGE,high_similarity_wrong,underspecified_or_overspecified_answer,sample_3477,How do oceans help control global warming?,absorbing carbon dioxide,By absorbing heat and carbon dioxide.,0,0.6666666666666666,0,0,0.6192402243614197,0.8749724626541138
results_wiki,BGE,high_similarity_wrong,semantic_relatedness_not_correctness,sample_3498,"In celsius, what is the boiling point of water?",one hundred degrees,100 degrees,0,0.4,0,0,0.9171866774559021,0.8979479670524597
results_wiki,BGE,high_similarity_wrong,underspecified_or_overspecified_answer,sample_3501,A solute generally does what to the freezing point of a solvent?,lowers it,lowers,0,0.6666666666666666,0,0,0.6901055574417114,0.8479685187339783
results_wiki,BGE,high_similarity_wrong,other_or_true_semantic_error,sample_3520,"Despite their name, what scientists study the atmosphere rather than colliding space rocks?",meteorologists,Atmospheric scientists,0,0.0,0,0,0.674534797668457,0.822009265422821
results_wiki,BGE,high_similarity_wrong,other_or_true_semantic_error,sample_3530,"What are two other terms for dizygotic twins, which make good study subjects because they share many environmental conditions, but only about half of their polymorphisms?","fraternal, non-identical",Fraternal twins,0,0.4,0,0,0.6966702342033386,0.819115400314331
results_wiki,BGE,high_similarity_wrong,other_or_true_semantic_error,sample_3532,Pseudohypertrophic muscular dystrophy is an inherited disorder that causes gradual deterioration of what?,muscles,Muscle tissue,0,0.0,0,0,0.6957353949546814,0.8047266006469727
results_wiki,BGE,high_similarity_wrong,morphology_or_inflection,sample_3536,The periodic table is an arrangement of the elements in order of increasing what?,atomic numbers,atomic number,0,0.5,0,0,0.9763473868370056,0.9749094843864441
results_wiki,BGE,high_similarity_wrong,other_or_true_semantic_error,sample_3540,"The human body has as many as two trillion lymphocytes, and lymphocytes make up about 25% of all of what?",leukocytes,white blood cells,0,0.0,0,0,0.6794995069503784,0.8463084101676941
results_wiki,BGE,high_similarity_wrong,morphology_or_inflection,sample_3544,How do yeasts reproduce asexually?,by budding,Budding,0,0.6666666666666666,0,0,0.8076183795928955,0.9470981955528259
results_wiki,BGE,high_similarity_wrong,semantic_relatedness_not_correctness,sample_3549,"What do marine autotrophs acquire in carbonic acid, its dissolved form?",carbon dioxide,CO2,0,0.0,0,0,0.8494597673416138,0.8872535228729248
results_wiki,BGE,high_similarity_wrong,underspecified_or_overspecified_answer,sample_3581,Glucose and fructose are considered this type of sugar?,"monosaccharides, or simple",Monosaccharides,0,0.5,0,0,0.9428414702415466,0.8885918855667114
results_wiki,BGE,high_similarity_wrong,other_or_true_semantic_error,sample_3586,Matching donor and recipient blood types is important because different blood types have different types of what?,antibodies,antigens,0,0.0,0,0,0.7017048001289368,0.8225724101066589
results_wiki,BGE,high_similarity_wrong,synonym_or_paraphrase_labeling_artifact,sample_3612,What is transferred in an acid-base reaction,hydrogen ion,H+ ions,0,0.0,0,0,0.8137574791908264,0.9154102802276611
results_wiki,BGE,high_similarity_wrong,semantic_relatedness_not_correctness,sample_3621,"When pumping blood, the hearts of animals with very long necks must overcome what force?",gravity,Gravitational force,0,0.0,0,0,0.7904050350189209,0.8508159518241882
results_wiki,BGE,high_similarity_wrong,morphology_or_inflection,sample_3625,What is used to measure current through a resistor?,ammeters,Ammeter,0,0.0,0,0,0.9684168100357056,0.942676305770874
results_wiki,BGE,high_similarity_wrong,morphology_or_inflection,sample_3656,What are colonies of cells stuck to a surface called?,biofilms,Biofilm,0,0.0,0,0,0.9653209447860718,0.9537595510482788
results_wiki,BGE,high_similarity_wrong,underspecified_or_overspecified_answer,sample_3678,Where does the christmas tree worm live?,tropical coral reefs,in coral reefs,0,0.6666666666666666,0,0,0.8347591161727905,0.8146369457244873
results_wiki,BGE,high_similarity_wrong,semantic_relatedness_not_correctness,sample_3686,Why are two different minerals considered different though they have the same chemical composition?,different crystal structures,Crystal structure differs.,0,0.3333333333333333,0,0,0.873582124710083,0.9004002809524536
results_wiki,BGE,high_similarity_wrong,synonym_or_paraphrase_labeling_artifact,sample_3687,What type of mapping is critical for identifying  the location of genes that cause genetic diseases?,linkage mapping,Genetic mapping,0,0.5,0,0,0.5759492516517639,0.859204888343811
results_wiki,BGE,high_similarity_wrong,underspecified_or_overspecified_answer,sample_3691,The product of a system’s mass multiplied by its velocity is called what?,linear momentum,Momentum,0,0.6666666666666666,0,0,0.7231833934783936,0.8140569925308228
results_wiki,BGE,high_similarity_wrong,underspecified_or_overspecified_answer,sample_3704,The separation of compounds on the basis of their solubilities in a given solvent is known as what?,fractional crystallization,Crystallization,0,0.6666666666666666,0,0,0.7642862200737,0.8436273336410522
results_wiki,BGE,high_similarity_wrong,semantic_relatedness_not_correctness,sample_3714,What part of the plant is the main site of photosynthesis?,leaf,leaves,0,0.0,0,0,0.8454663157463074,0.9029252529144287
results_wiki,BGE,high_similarity_wrong,synonym_or_paraphrase_labeling_artifact,sample_3742,What is used for cooling detectors of infrared telescopes?,liquid nitrogen,Liquid helium,0,0.5,0,0,0.6014710068702698,0.8278547525405884
results_wiki,BGE,high_similarity_wrong,other_or_true_semantic_error,sample_3747,"The muscles of the anterior compartment of the lower leg are generally responsible for dorsiflexion, and the muscles of the posterior compartment of the lower leg are generally responsible for this?",plantar flexion,plantarflexion,0,0.0,0,0,0.5338547229766846,0.8374398946762085
results_wiki,BGE,high_similarity_wrong,synonym_or_paraphrase_labeling_artifact,sample_3761,What do you call a simple machine consisting of a sloping surface that connects lower and higher elevations?,inclined plane,Incline plane,0,0.5,0,0,0.8872367739677429,0.9159031510353088
results_wiki,BGE,high_similarity_wrong,underspecified_or_overspecified_answer,sample_3764,In which kind of species do open circulatory systems serve additional functions?,some invertebrates,Invertebrates,0,0.6666666666666666,0,0,0.958350658416748,0.8804250955581665
results_wiki,BGE,high_similarity_wrong,synonym_or_paraphrase_labeling_artifact,sample_3767,Sensory organs that respond to particular sensory stimuli contain cells called what?,sensory receptors,Receptor cells,0,0.0,0,0,0.6395267248153687,0.8262403607368469
results_wiki,BGE,high_similarity_wrong,numeric_equivalence,sample_3785,How many quarks are in each proton and neutron?,three,3,0,0.0,0,0,0.8656187653541565,0.9156867265701294
results_wiki,BGE,high_similarity_wrong,semantic_relatedness_not_correctness,sample_3796,The point in the titration at which an indicator changes color is called what?,end point,Endpoints,0,0.0,0,0,0.8132733106613159,0.8614405989646912
results_wiki,BGE,high_similarity_wrong,underspecified_or_overspecified_answer,sample_3803,What does the megaspore mother cell produce after meiosis division?,four haploid megaspores,megaspores,0,0.5,0,0,0.6925292611122131,0.8280951976776123
results_wiki,BGE,high_similarity_wrong,underspecified_or_overspecified_answer,sample_3805,What is the body of a roundworm covered with?,tough cuticle,Cuticle,0,0.6666666666666666,0,0,0.8713212013244629,0.8524376153945923
results_wiki,BGE,high_similarity_wrong,synonym_or_paraphrase_labeling_artifact,sample_3817,Gene therapy is a type of what kind of engineering?,genetic engineering,biological engineering,0,0.5,0,0,0.7828681468963623,0.8355075120925903
results_wiki,BGE,high_similarity_wrong,synonym_or_paraphrase_labeling_artifact,sample_3818,What is mass number?,the total number of protons and neutrons in a nucleus,Sum of protons and neutrons in an atom's nucleus.,0,0.7058823529411765,0,0,0.8166662454605103,0.9038902521133423
results_wiki,BGE,high_similarity_wrong,morphology_or_inflection,sample_3822,Different colors of light differ in terms of which important attribute?,wavelengths,Wavelength,0,0.0,0,0,0.9035455584526062,0.9319877028465271
results_wiki,BGE,high_similarity_wrong,underspecified_or_overspecified_answer,sample_3824,"For most waves, energy is proportional to what, a term that describes the height of the wave?",wave amplitude,Amplitude,0,0.6666666666666666,0,0,0.8758887648582458,0.9164584875106812
results_wiki,BGE,high_similarity_wrong,synonym_or_paraphrase_labeling_artifact,sample_3828,What do mammals conserve heat with?,hair or fur,Fur or fat,0,0.6666666666666666,0,0,0.7932101488113403,0.878776490688324
results_wiki,BGE,high_similarity_wrong,other_or_true_semantic_error,sample_3842,What are the three forms of water as found in nature?,"solid, liquid, gas","Ice, liquid, vapor",0,0.3333333333333333,0,0,0.6676840782165527,0.8098087310791016
results_wiki,BGE,high_similarity_wrong,numeric_equivalence,sample_3844,How many major massive extinctions have been since life began on earth?,five,5,0,0.0,0,0,0.9229784607887268,0.9198908805847168
results_wiki,BGE,high_similarity_wrong,synonym_or_paraphrase_labeling_artifact,sample_3845,What tool do scientist's use to show the evolutionary pathways and connections among organisms?,phylogenetic tree,Evolutionary tree,0,0.5,0,0,0.7718278765678406,0.9295076727867126
results_wiki,BGE,high_similarity_wrong,synonym_or_paraphrase_labeling_artifact,sample_3862,Our global ecological footprint depends on resource use per person and what population factor?,population density,Population size,0,0.5,0,0,0.717842698097229,0.8147444725036621
results_wiki,BGE,high_similarity_wrong,other_or_true_semantic_error,sample_3863,What do all sound waves begin with?,vibrating matter,Vibration,0,0.0,0,0,0.7183652520179749,0.8403486609458923
results_wiki,BGE,high_similarity_wrong,other_or_true_semantic_error,sample_3893,What makes sunsets appear red?,rayleigh scattering,Scattering of blue light,0,0.3333333333333333,0,0,0.5514358282089233,0.8233716487884521
results_wiki,BGE,high_similarity_wrong,synonym_or_paraphrase_labeling_artifact,sample_3901,What are mars' moons thought to be?,captured asteroids,Capture asteroids,0,0.5,0,0,0.9399471879005432,0.9313304424285889
results_wiki,BGE,high_similarity_wrong,other_or_true_semantic_error,sample_3919,What are waves that pass a fixed point in a given amount of time called?,wave frequency,Waves per second.,0,0.0,0,0,0.6420977711677551,0.8005359172821045
results_wiki,BGE,high_similarity_wrong,underspecified_or_overspecified_answer,sample_3923,What are 3 types of light?,"infrared, visible, ultraviolet","Visible light, infrared light, ultraviolet light",0,0.6666666666666666,0,0,0.9188412427902222,0.929341733455658
results_wiki,BGE,high_similarity_wrong,semantic_relatedness_not_correctness,sample_3926,What is the term for a disease that is not contagious?,noninfectious disease,Non-infectious disease,0,0.4,0,0,0.8845263123512268,0.8918200731277466
results_wiki,BGE,high_similarity_wrong,semantic_relatedness_not_correctness,sample_3928,What is it called when you touch a charged object to the earth?,grounding,Earthing,0,0.0,0,0,0.6711881160736084,0.9031904339790344
results_wiki,BGE,high_similarity_wrong,synonym_or_paraphrase_labeling_artifact,sample_3930,What are the three types of symbiotic relationships?,"mutualism, communalism, parasitism","Commensalism, mutualism, parasitism",0,0.6666666666666666,0,0,0.8240024447441101,0.9153673052787781
results_wiki,BGE,high_similarity_wrong,semantic_relatedness_not_correctness,sample_3939,"What structures formed of twisted actin chains are found in almost every cell, and are numerous in muscle cells and cells that move by changing shape?",microfilaments,Filaments,0,0.0,0,0,0.8134977221488953,0.8862152695655823
results_wiki,BGE,high_similarity_wrong,semantic_relatedness_not_correctness,sample_3958,In a pedigree what shape symbolizes males?,squares,Square,0,0.0,0,0,0.8701223134994507,0.9151336550712585
results_wiki,BGE,high_similarity_wrong,semantic_relatedness_not_correctness,sample_4011,What causes halide minerals to form?,salt water evaporation,Saline water evaporates,0,0.3333333333333333,0,0,0.8635502457618713,0.9044690728187561
results_wiki,BGE,high_similarity_wrong,synonym_or_paraphrase_labeling_artifact,sample_4019,What laws regulate radiation doses to which people can be exposed?,radiation protection laws,Radiation Protection Regulations,0,0.6666666666666666,0,0,0.9299086928367615,0.8894013166427612
results_wiki,BGE,high_similarity_wrong,other_or_true_semantic_error,sample_4025,"Tropical, temperate, continental, and polar are all examples of what?",climates,Climate zones,0,0.0,0,0,0.719933271408081,0.8111457824707031
results_wiki,BGE,high_similarity_wrong,synonym_or_paraphrase_labeling_artifact,sample_4030,Some materials have negative heats of solution; the dissolution of one of these solutes in water is called?,exothermic process,Endothermic process,0,0.5,0,0,0.8119081854820251,0.8688525557518005
results_wiki,BGE,high_similarity_wrong,underspecified_or_overspecified_answer,sample_4042,What is the breakdown of unstable elements into stable elements called?,radioactive decay,Decay,0,0.6666666666666666,0,0,0.8243292570114136,0.8439711332321167
results_wiki,BGE,high_similarity_wrong,underspecified_or_overspecified_answer,sample_4052,Name the two types of nucleic acids.,dna (deoxyribonucleic acid) and rna (ribonucleic acid),DNA and RNA,0,0.6,0,0,0.7983358502388,0.9065008759498596
results_wiki,BGE,high_similarity_wrong,synonym_or_paraphrase_labeling_artifact,sample_4069,"Atmospheric pressure is increased, causing a greater amount of oxygen than normal to diffuse into the bloodstream of the patient, in what type of therapy?",hyperbaric chamber therapy,Hyperbaric oxygen therapy,0,0.6666666666666666,0,0,0.8162156343460083,0.8726558685302734
results_wiki,BGE,high_similarity_wrong,semantic_relatedness_not_correctness,sample_4078,The pressurized gas of earth's atmosphere is contained by what force?,gravity,gravitational force,0,0.0,0,0,0.7904049754142761,0.8508158326148987
results_wiki,BGE,high_similarity_wrong,underspecified_or_overspecified_answer,sample_4083,Oceans are divided into zones bases on distance from shore and what other factor?,water depth,depth,0,0.6666666666666666,0,0,0.7199625968933105,0.821139931678772
results_wiki,BGE,high_similarity_wrong,synonym_or_paraphrase_labeling_artifact,sample_4108,"Clubmosses are not true mosses, though, because they have what?",vascular tissue,vascular system,0,0.5,0,0,0.7315988540649414,0.8242147564888
results_wiki,BGE,high_similarity_wrong,morphology_or_inflection,sample_4112,Where does photosynthesis occur in plants?,in chloroplasts,chloroplasts,0,0.6666666666666666,0,0,0.9197864532470703,0.8920957446098328
results_wiki,BGE,high_similarity_wrong,underspecified_or_overspecified_answer,sample_4150,Quantities have two parts: the number (how many) and what else?,he unit,unit,0,0.6666666666666666,0,0,0.8321412205696106,0.8213463425636292
results_wiki,BGE,high_similarity_wrong,other_or_true_semantic_error,sample_4171,"Like animals, protozoa are heterotrophic and capable of what?",moving,movement,0,0.0,0,0,0.7621714472770691,0.8063139319419861
results_wiki,BGE,high_similarity_wrong,semantic_relatedness_not_correctness,sample_4173,What is the term for animals that  cannot raise their body temperature on their own?,ectothermic,Ectotherms,0,0.0,0,0,0.8663954138755798,0.9109652042388916
results_wiki,BGE,high_similarity_wrong,semantic_relatedness_not_correctness,sample_4189,What are the two types of cells?,prokaryotes and eukaryotes,Prokaryotic and eukaryotic,0,0.3333333333333333,0,0,0.9559885263442993,0.9698194861412048
results_wiki,BGE,high_similarity_wrong,underspecified_or_overspecified_answer,sample_4211,What term describes a region of space around an atom that has a non-zero probability for an electron with a particular energy?,atomic orbital,Orbital,0,0.6666666666666666,0,0,0.8275675773620605,0.8773253560066223
results_wiki,BGE,high_similarity_wrong,semantic_relatedness_not_correctness,sample_4224,What anatomical structure serves as the conduit of the oocyte from the ovary to the uterus?,uterine tubes,Fallopian tube,0,0.0,0,0,0.5248456597328186,0.8517700433731079
results_wiki,BGE,high_similarity_wrong,underspecified_or_overspecified_answer,sample_4244,"The cytoplasm of prokaryotic cells has a high concentration of dissolved solutes. therefore, the osmotic pressure within the cell is what?",relatively high,High,0,0.6666666666666666,0,0,0.6979490518569946,0.8005508184432983
results_wiki,BGE,high_similarity_wrong,synonym_or_paraphrase_labeling_artifact,sample_4254,"In vascular plants, what two basic structures are made of dermal, vascular, and ground tissues?",roots and stems,Stem and root,0,0.3333333333333333,0,0,0.8597290515899658,0.9496955275535583
results_wiki,BGE,high_similarity_wrong,morphology_or_inflection,sample_4263,Where does all igneous rock come from?,magma or lava,Magma and lava.,0,0.6666666666666666,0,0,0.940530002117157,0.9335408806800842
results_wiki,BGE,high_similarity_wrong,semantic_relatedness_not_correctness,sample_4266,Many countries have attempted to reduce the human impact on climate change by reducing their emission of what greenhouse gas?,carbon dioxide,CO2,0,0.0,0,0,0.8494598865509033,0.8872535228729248
results_wiki,BGE,high_similarity_wrong,synonym_or_paraphrase_labeling_artifact,sample_4270,Behaviors that are closely controlled by genes and have little to no environmental influence are called what kinds of behaviors?,innate behaviors,Genetic behaviors,0,0.5,0,0,0.6368685364723206,0.8001854419708252
results_wiki,BGE,high_similarity_wrong,numeric_equivalence,sample_4287,How many valence electrons can be found in a carbon atom?,four,4,0,0.0,0,0,0.8942000865936279,0.8634973764419556
results_wiki,BGE,high_similarity_wrong,other_or_true_semantic_error,sample_4288,"Diaphragm, lungs, and trachea take air deep into the body and provide oxygen gas to what?",bloodstream,Blood,0,0.0,0,0,0.6519523859024048,0.8036139607429504
results_wiki,BGE,high_similarity_wrong,semantic_relatedness_not_correctness,sample_4291,A refrigerator must do work to reverse the normal direction of what?,thermal energy flow,Heat flow,0,0.4,0,0,0.821295440196991,0.873666524887085
results_wiki,BGE,high_similarity_wrong,synonym_or_paraphrase_labeling_artifact,sample_4297,What is observed when two perpendicular flagella moves?,spinning motion,Spiral motion,0,0.5,0,0,0.6704863905906677,0.8227761387825012
results_wiki,BGE,high_similarity_wrong,semantic_relatedness_not_correctness,sample_4305,"Like other bryophytes, moss plants spend most of their life cycle as what?",gametophytes,gametophyte,0,0.0,0,0,0.9248482584953308,0.969038724899292
results_wiki,BGE,high_similarity_wrong,underspecified_or_overspecified_answer,sample_4332,What do earth and the other planets in the solar system make around the sun?,elliptical orbits,orbits,0,0.6666666666666666,0,0,0.7772454023361206,0.8407711386680603
results_wiki,BGE,high_similarity_wrong,synonym_or_paraphrase_labeling_artifact,sample_4333,"What do anglerfish use their glow-in-the-dark, rod-like structure for?",to attract prey,Attracting prey.,0,0.4,0,0,0.8114320039749146,0.9572481513023376
results_wiki,BGE,high_similarity_wrong,synonym_or_paraphrase_labeling_artifact,sample_4344,What are drilled to monitor groundwater pollution?,test wells,Monitoring wells,0,0.5,0,0,0.7293471693992615,0.8094604015350342
results_wiki,BGE,high_similarity_wrong,synonym_or_paraphrase_labeling_artifact,sample_4349,How do gametophyte plants form haploid gametes?,through mitosis,Through meiosis.,0,0.5,0,0,0.6466423273086548,0.8657552003860474
results_wiki,BGE,high_similarity_wrong,semantic_relatedness_not_correctness,sample_4363,The a in atp is short for what?,adenosine,adenine,0,0.0,0,0,0.8256504535675049,0.8563432693481445
results_wiki,BGE,high_similarity_wrong,underspecified_or_overspecified_answer,sample_4381,What devices convert mechanical energy to electric energy?,electric generators,Generators,0,0.6666666666666666,0,0,0.7798418402671814,0.8986840844154358
results_wiki,BGE,high_similarity_wrong,synonym_or_paraphrase_labeling_artifact,sample_4396,"There are a series of rules for naming branched alkanes (and, ultimately, for all organic compounds). these rules make up the system of nomenclature for naming what?",organic molecules,organic compounds,0,0.5,0,0,0.8456540107727051,0.881246030330658
results_wiki,BGE,high_similarity_wrong,synonym_or_paraphrase_labeling_artifact,sample_4418,What should you use to protect your eyes from chemicals?,eye goggles,Safety goggles,0,0.5,0,0,0.818644642829895,0.8675839900970459
results_wiki,BGE,high_similarity_wrong,synonym_or_paraphrase_labeling_artifact,sample_4440,"Inside a cylinder, thermal energy is converted to what type of energy of the moving piston?",kinetic energy,Mechanical energy,0,0.5,0,0,0.6771305799484253,0.808554470539093
results_wiki,BGE,high_similarity_wrong,other_or_true_semantic_error,sample_4448,What is a relationship between living things that depend on the same resources?,competition,Competitive relationship,0,0.0,0,0,0.6474457383155823,0.8019331097602844
results_wiki,BGE,high_similarity_wrong,underspecified_or_overspecified_answer,sample_4449,What is the measure of an individual’s weight-to-height ratio called?,body mass index (bmi),BMI,0,0.4,0,0,0.7910579442977905,0.884536623954773
results_wiki,BGE,high_similarity_wrong,synonym_or_paraphrase_labeling_artifact,sample_4455,Which law explains why a ship weighing thousands of metric tons floats on water?,archimedes' law,Archimedes' Principle,0,0.5,0,0,0.8453656435012817,0.9054374098777771
results_wiki,BGE,high_similarity_wrong,underspecified_or_overspecified_answer,sample_4479,Viruses were assumed to exist before they were first seen with an electron microscope in which decade?,1930 ' s,1930s,0,0.0,0,0,0.8659469485282898,0.877060055732727
results_wiki,BGE,high_similarity_wrong,underspecified_or_overspecified_answer,sample_4483,Where are the seeds in gymnosperms found?,in cones,On the surface of cones.,0,0.3333333333333333,0,0,0.8061578869819641,0.8766070604324341
results_wiki,BGE,high_similarity_wrong,underspecified_or_overspecified_answer,sample_4486,Hydrogen and helium are specifically involved as reactants in what nuclear reaction that is useful for making energy?,nuclear fusion,Fusion,0,0.6666666666666666,0,0,0.8390927314758301,0.8962836861610413
results_wiki,BGE,high_similarity_wrong,semantic_relatedness_not_correctness,sample_4487,What is the most widely used form of renewable energy in the world?,hydropower,Hydroelectric power,0,0.0,0,0,0.850502610206604,0.915723443031311
results_wiki,BGE,high_similarity_wrong,morphology_or_inflection,sample_4490,What kind of movement do planets in the solar system make around the sun?,elliptical orbits,Elliptical orbit,0,0.5,0,0,0.9615936875343323,0.9736579656600952
results_wiki,BGE,high_similarity_wrong,underspecified_or_overspecified_answer,sample_4492,What does fluorine attract better than any other element?,shared electrons,Electrons,0,0.6666666666666666,0,0,0.7218266129493713,0.8092526197433472
results_wiki,BGE,high_similarity_wrong,synonym_or_paraphrase_labeling_artifact,sample_4499,"If water from a spring can't flow downwards, it can spread out to form one of 2 things.  what are they?",pond or lake,pool or pond,0,0.6666666666666666,0,0,0.8624178171157837,0.9129399061203003
results_wiki,BGE,high_similarity_wrong,synonym_or_paraphrase_labeling_artifact,sample_4506,A convergent plate boundary is created when two plates do what?,come toward each other,move towards each other.,0,0.5,0,0,0.738964855670929,0.9169676899909973
results_wiki,BGE,high_similarity_wrong,underspecified_or_overspecified_answer,sample_4512,What is the largest organ of the human body?,your skin,Skin,0,0.6666666666666666,0,0,0.8429902791976929,0.8250535726547241
results_wiki,BGE,high_similarity_wrong,semantic_relatedness_not_correctness,sample_4514,What are boggy regions with thick layers of peat called?,peatlands,Peat bogs,0,0.0,0,0,0.8101840615272522,0.8919268846511841
results_wiki,BGE,high_similarity_wrong,other_or_true_semantic_error,sample_4527,Water that is lost through the skin through evaporation from the skin surface without overt sweating and from air expelled from the lungs is known as what?,insensible water loss,Insensible perspiration,0,0.4,0,0,0.37921062111854553,0.8060303926467896
results_wiki,BGE,high_similarity_wrong,other_or_true_semantic_error,sample_4528,What are the only innate behaviors in humans?,reflex behaviors,"Blinking, sucking, and grasping reflexes.",0,0.0,0,0,0.6642165184020996,0.8035889863967896
results_wiki,BGE,high_similarity_wrong,other_or_true_semantic_error,sample_4542,A chain of what structures form as an oceanic plate moves over a hotspot?,volcanoes,Volcanic islands,0,0.0,0,0,0.7903879880905151,0.8374453783035278
results_wiki,BGE,high_similarity_wrong,semantic_relatedness_not_correctness,sample_4549,What do you call a carnivore that eats mainly insects?,insectivores,Insectivore,0,0.0,0,0,0.9249593615531921,0.936063289642334
results_wiki,BGE,high_similarity_wrong,other_or_true_semantic_error,sample_4568,What branch of science aims to understand all about our planet and its environments?,earth science,Geosciences,0,0.0,0,0,0.6996361017227173,0.8240727186203003
results_wiki,BGE,high_similarity_wrong,underspecified_or_overspecified_answer,sample_4582,What do you call materials that have high resistance to electric current?,electric insulators,Insulators,0,0.6666666666666666,0,0,0.9104822874069214,0.94344162940979
results_wiki,BGE,high_similarity_wrong,underspecified_or_overspecified_answer,sample_4589,The ions in ionic compounds are arranged in rigid three-dimensional patterns called what?,crystal lattices,crystals,0,0.0,0,0,0.6893793940544128,0.8076046109199524
results_wiki,BGE,high_similarity_wrong,synonym_or_paraphrase_labeling_artifact,sample_4594,"Where does growth in length occur, above the root cap?",primary meristem,Apical meristem,0,0.5,0,0,0.5722554326057434,0.8283023238182068
results_wiki,BGE,high_similarity_wrong,underspecified_or_overspecified_answer,sample_4605,The lipids that are connected to the glucose pathways are cholesterol and triglycerides. cholesterol is a lipid that contributes to cell membrane flexibility and is a precursor of this?,steroid hormones,steroids,0,0.0,0,0,0.7356006503105164,0.8308589458465576
results_wiki,BGE,high_similarity_wrong,underspecified_or_overspecified_answer,sample_4629,What are typically named for their major physical or climatic factors in addition to their predominant vegetation?,terrestrial biomes,Biomes,0,0.6666666666666666,0,0,0.7907138466835022,0.873870849609375
results_wiki,BGE,high_similarity_wrong,numeric_equivalence,sample_4645,What type of plug is generally used on metal appliances?,3 prong,Three-prong plug,0,0.4,0,0,0.7108229398727417,0.9113306999206543
results_wiki,BGE,high_similarity_wrong,semantic_relatedness_not_correctness,sample_4654,"What class of animal, including hydras and jellies, is considered the simplest to contain a nervous system?",cnidarians,Cnidaria,0,0.0,0,0,0.819509744644165,0.9294027090072632
results_wiki,BGE,high_similarity_wrong,semantic_relatedness_not_correctness,sample_4671,Scientists can use what tool to determine an earthquake's strength?,seismogram,Seismograph,0,0.0,0,0,0.8460217714309692,0.9055941104888916
results_wiki,BGE,high_similarity_wrong,synonym_or_paraphrase_labeling_artifact,sample_4689,What is the primary cause of air movement in the troposphere?,differences in heating,Temperature differences,0,0.4,0,0,0.620968759059906,0.8552832007408142
results_wiki,BGE,high_similarity_wrong,semantic_relatedness_not_correctness,sample_4702,What kind of electricity can you generate with the energy found in flowing water?,hydroelectric power,Hydropower,0,0.0,0,0,0.8505026698112488,0.9157235026359558
results_wiki,BGE,high_similarity_wrong,synonym_or_paraphrase_labeling_artifact,sample_4706,What is typical weather for chicago in winter?,cold & snow,Cold and snowy.,0,0.4,0,0,0.9068706631660461,0.8429549932479858
results_wiki,BGE,high_similarity_wrong,semantic_relatedness_not_correctness,sample_4722,What keeps the earth orbiting the sun?,gravity,Gravitational force,0,0.0,0,0,0.7904050350189209,0.850816011428833
results_wiki,BGE,high_similarity_wrong,numeric_equivalence,sample_4739,How long can a large star be on the main sequence stage?,10 million years,10 million to 10 billion years,0,0.6666666666666666,0,0,0.9067550897598267,0.9440416097640991
results_wiki,BGE,high_similarity_wrong,synonym_or_paraphrase_labeling_artifact,sample_4745,The joint that lies between the radius and the ulna is what kind of joint?,pivot joint,Hinge joint,0,0.5,0,0,0.5348824858665466,0.8016682863235474
results_wiki,BGE,high_similarity_wrong,semantic_relatedness_not_correctness,sample_4758,Norovirus causes the inflammation of the stomach and what else?,intestines,small intestine,0,0.0,0,0,0.7915712594985962,0.878233790397644
results_wiki,BGE,high_similarity_wrong,semantic_relatedness_not_correctness,sample_4766,What type of animal eats both plants and animals?,omnivores,Omnivore,0,0.0,0,0,0.9600167870521545,0.9447435140609741
results_wiki,BGE,high_similarity_wrong,semantic_relatedness_not_correctness,sample_4774,What are genes that are close together on the same chromosome called?,linked genes,Linkedgenes,0,0.0,0,0,0.6307126879692078,0.8619065284729004
results_wiki,BGE,high_similarity_wrong,synonym_or_paraphrase_labeling_artifact,sample_4801,Which two basic parts of a plant develop tough outer coatings to protect the plant from the environment?,leaves and stems,roots and stems,0,0.6666666666666666,0,0,0.7807021141052246,0.876903235912323
results_wiki,BGE,high_similarity_wrong,other_or_true_semantic_error,sample_4803,"Oxygenated air, taken in during inhalation, diffuses across the surface of the lungs into the what?",bloodstream,blood,0,0.0,0,0,0.6519525051116943,0.8036139011383057
results_wiki,BGE,high_similarity_wrong,underspecified_or_overspecified_answer,sample_4805,What is the type of plant called when its leaves seasonally turn color and fall off?,deciduous plant,Deciduous,0,0.6666666666666666,0,0,0.8972094058990479,0.8925638198852539
results_wiki,BGE,high_similarity_wrong,underspecified_or_overspecified_answer,sample_4810,What is found inside the pores of spongy bone?,bone marrow,Marrow,0,0.6666666666666666,0,0,0.9263607859611511,0.9170567989349365
results_wiki,BGE,high_similarity_wrong,numeric_equivalence,sample_4812,How many oxygen ions make up an ozone molecule?,three,3,0,0.0,0,0,0.8656187057495117,0.915686845779419
results_wiki,BGE,high_similarity_wrong,semantic_relatedness_not_correctness,sample_4815,Transition metals are superior conductors of heat as well as what else?,electricity,electrical energy,0,0.0,0,0,0.8310106992721558,0.8713441491127014
results_wiki,BGE,high_similarity_wrong,morphology_or_inflection,sample_4830,What are the two best known baryons?,protons and neutrons,"Proton, neutron",0,0.0,0,0,0.8760635256767273,0.9204133152961731
results_wiki,BGE,high_similarity_wrong,underspecified_or_overspecified_answer,sample_4834,What are the two components of the autonomic nervous system?,parasympathetic and sympathetic,Sympathetic and parasympathetic nervous systems.,0,0.7499999999999999,0,0,0.9107546806335449,0.9004029631614685
results_wiki,BGE,high_similarity_wrong,synonym_or_paraphrase_labeling_artifact,sample_4835,Where do lancelets live?,shallow ocean water,In shallow marine waters.,0,0.28571428571428575,0,0,0.7662824988365173,0.891880214214325
results_wiki,BGE,high_similarity_wrong,semantic_relatedness_not_correctness,sample_4838,In what unit is heat measured in?,joules,Joule,0,0.0,0,0,0.645212709903717,0.9371069669723511
results_wiki,BGE,high_similarity_wrong,other_or_true_semantic_error,sample_4876,"What single-celled organism can be either a predator, decomposer, herbivore, or parasite in the food chain?",protozoa,Protist,0,0.0,0,0,0.515845537185669,0.8217953443527222
results_wiki,BGE,high_similarity_wrong,morphology_or_inflection,sample_4887,What term refers to patterns of stars seen from earth?,constellations,Constellation,0,0.0,0,0,0.9613215327262878,0.9360073804855347
results_wiki,BGE,high_similarity_wrong,semantic_relatedness_not_correctness,sample_4901,What molecules with a nitrogen base are the basic components of nucleic acids?,nucleiotides,Nucleotides,0,0.0,0,0,0.9130929112434387,0.9511590600013733
results_wiki,BGE,high_similarity_wrong,other_or_true_semantic_error,sample_4914,"Modern taxonomy is based on many hypotheses' of the evolutionary history of organisms, known as this?",phylogeny,Phylogenetic trees,0,0.0,0,0,0.6583510041236877,0.8434276580810547
results_wiki,BGE,high_similarity_wrong,semantic_relatedness_not_correctness,sample_4915,What method plays a role in determining the approximate age of the earth and makes use of uranium?,radioactive dating,Uranium-lead dating,0,0.4,0,0,0.7453992962837219,0.8647478818893433
results_wiki,BGE,high_similarity_wrong,synonym_or_paraphrase_labeling_artifact,sample_4938,What are the two classifications of natural resources?,renewable and nonrenewable,Renewable and Non-renewable,0,0.5714285714285715,0,0,0.8856490850448608,0.9126787185668945
results_wiki,BGE,high_similarity_wrong,synonym_or_paraphrase_labeling_artifact,sample_4954,What are the most common types of compounds found on earth?,carbon-based compounds,Water and carbon compounds.,0,0.5714285714285715,0,0,0.7152007222175598,0.8287542462348938
results_wiki,BGE,high_similarity_wrong,synonym_or_paraphrase_labeling_artifact,sample_4957,What happens to the volume of a gas as the kelvin temperature increases?,it increases,Volume increases.,0,0.5,0,0,0.7223663330078125,0.8423750400543213
results_wiki,BGE,high_similarity_wrong,other_or_true_semantic_error,sample_4960,What produces all the cells of the root and the root cap?,apical meristem,Meristematic tissue,0,0.0,0,0,0.6318631172180176,0.8472899794578552
results_wiki,BGE,high_similarity_wrong,underspecified_or_overspecified_answer,sample_4975,Introduction of antigens into the body through immunization can confer what benefit?,active immunity,Immunity,0,0.6666666666666666,0,0,0.8769521117210388,0.8133412003517151
results_wiki,BGE,high_similarity_wrong,morphology_or_inflection,sample_4977,What is the cause of most ocean waves?,winds,Wind,0,0.0,0,0,0.9316015243530273,0.9150474667549133
results_wiki,BGE,high_similarity_wrong,synonym_or_paraphrase_labeling_artifact,sample_4990,"These types of cella support young, growing parts of a plant?",collenchyma cells,Parenchyma cells,0,0.5,0,0,0.6981832385063171,0.8113585114479065
results_wiki,BGE,high_similarity_wrong,synonym_or_paraphrase_labeling_artifact,sample_4991,What can be used to convert the energy provided by the sun to usable electrical energy?,solar cells,Solar panels,0,0.5,0,0,0.8423740863800049,0.8469173312187195
results_wiki,MiniLM,high_similarity_wrong,morphology_or_inflection,sample_30,Where do angiosperms produce seeds in flowers?,ovaries,Ovary,0,0.0,0,0,0.8327299952507019,0.895119309425354
results_wiki,MiniLM,high_similarity_wrong,underspecified_or_overspecified_answer,sample_63,What's the term for the gradual progression from simple plants to larger more complex ones in an area?,primary succession,Succession,0,0.6666666666666666,0,0,0.874010443687439,0.8195450305938721
results_wiki,MiniLM,high_similarity_wrong,underspecified_or_overspecified_answer,sample_66,What consequence of a tornado is responsible for most injuries and deaths?,flying debris,Debris and flying objects.,0,0.6666666666666666,0,0,0.9253425002098083,0.9343302249908447
results_wiki,MiniLM,high_similarity_wrong,synonym_or_paraphrase_labeling_artifact,sample_88,Most of the pathogens that cause stis enter the body through mucous membranes of which organs?,reproductive organs,Sexual organs,0,0.5,0,0,0.8387916088104248,0.8908389806747437
results_wiki,MiniLM,high_similarity_wrong,synonym_or_paraphrase_labeling_artifact,sample_95,"When water goes above and below its freezing point, what rock-breaking phenomenon is common?",ice wedging,Frost wedging,0,0.5,0,0,0.814458429813385,0.8935737609863281
results_wiki,MiniLM,high_similarity_wrong,numeric_equivalence,sample_108,How many different types of taste can be detected by taste buds?,five,5,0,0.0,0,0,0.922978401184082,0.9198909997940063
results_wiki,MiniLM,high_similarity_wrong,semantic_relatedness_not_correctness,sample_120,Phosphate-containing ocean sediments form primarily from the bodies of ocean organisms and from their what?,excretions,excreta,0,0.0,0,0,0.8667148351669312,0.8599008917808533
results_wiki,MiniLM,high_similarity_wrong,semantic_relatedness_not_correctness,sample_124,"A few earthquakes take place away from plate boundaries, these are called what?",intraplate earthquakes,Intra-plate earthquakes,0,0.4,0,0,0.8981689214706421,0.9769126772880554
results_wiki,MiniLM,high_similarity_wrong,other_or_true_semantic_error,sample_196,How many variables are used to describe the condition of a gas?,four,Three,0,0.0,0,0,0.8232482075691223,0.6993282437324524
results_wiki,MiniLM,high_similarity_wrong,synonym_or_paraphrase_labeling_artifact,sample_216,Global warming will raise ocean levels due to melt water from glaciers and the greater volume of what?,warmer water,hotter water,0,0.5,0,0,0.8546098470687866,0.8820931315422058
results_wiki,MiniLM,high_similarity_wrong,morphology_or_inflection,sample_217,What are groups of young stars loosely held together by gravity called?,open clusters,Open cluster,0,0.5,0,0,0.9454848170280457,0.9744434356689453
results_wiki,MiniLM,high_similarity_wrong,synonym_or_paraphrase_labeling_artifact,sample_220,What does the driving of turbines by the heating of water to steam accomplish?,generation of electricity,Generates electricity.,0,0.4,0,0,0.8558413982391357,0.8841770887374878
results_wiki,MiniLM,high_similarity_wrong,underspecified_or_overspecified_answer,sample_221,What is a device that changes kinetic energy to electrical energy through electromagnetic induction?,an electric generator,Generator,0,0.6666666666666666,0,0,0.8309644460678101,0.8594814538955688
results_wiki,MiniLM,high_similarity_wrong,synonym_or_paraphrase_labeling_artifact,sample_265,What are formed by the attraction between oppositely charged ions?,ionic bonds,Ionic compounds,0,0.5,0,0,0.81009441614151,0.8575112819671631
results_wiki,MiniLM,high_similarity_wrong,morphology_or_inflection,sample_301,What is another name for composite volcanos?,stratovolcanoes,Stratovolcanos,0,0.0,0,0,0.9743903875350952,0.9663833975791931
results_wiki,MiniLM,high_similarity_wrong,other_or_true_semantic_error,sample_330,What are the 2 primary hosts of ebola in central africa?,apes and bats,"African fruit bats, non-human primates",0,0.2222222222222222,0,0,0.8035752773284912,0.7962237000465393
results_wiki,MiniLM,high_similarity_wrong,morphology_or_inflection,sample_352,The function of which organ is to filter blood and form urine?,kidneys,Kidney,0,0.0,0,0,0.8868283629417419,0.9030759334564209
results_wiki,MiniLM,high_similarity_wrong,other_or_true_semantic_error,sample_353,The attraction between all objects in the universe is known as ______.,gravity,gravitation,0,0.0,0,0,0.8280612826347351,0.8495526313781738
results_wiki,MiniLM,high_similarity_wrong,numeric_equivalence,sample_366,The kinetic-molecular theory as it applies to gases has how many basic assumptions?,five,5,0,0.0,0,0,0.9229784607887268,0.9198909997940063
results_wiki,MiniLM,high_similarity_wrong,underspecified_or_overspecified_answer,sample_372,Both diffusion and effusion are related to the speed at which what objects move?,gas molecules,molecules,0,0.6666666666666666,0,0,0.801552951335907,0.8762996196746826
results_wiki,MiniLM,high_similarity_wrong,semantic_relatedness_not_correctness,sample_383,"Different forms, or allotropes, of carbon are diamond, graphite, and what?",fullerenes,fullerene,0,0.0,0,0,0.8909990191459656,0.9689473509788513
results_wiki,MiniLM,high_similarity_wrong,other_or_true_semantic_error,sample_396,"What property is characterized by eddies and swirls that mix layers of fluid together, unlike laminar flow?",turbulence,Turbulent flow,0,0.0,0,0,0.8127654790878296,0.8657864332199097
results_wiki,MiniLM,high_similarity_wrong,numeric_equivalence,sample_405,The body is made up of how many types of tissue?,four,4,0,0.0,0,0,0.8942000865936279,0.8634971380233765
results_wiki,MiniLM,high_similarity_wrong,underspecified_or_overspecified_answer,sample_409,What type of bonds do alkanes only contain?,carbon-carbon single bonds,Carbon-carbon and carbon-hydrogen single bonds,0,0.7272727272727273,0,0,0.9053760170936584,0.936651349067688
results_wiki,MiniLM,high_similarity_wrong,semantic_relatedness_not_correctness,sample_415,"This heat is used to convert water into steam, which is then used to turn a turbine, thus generating what?",electrical power,Electricity,0,0.0,0,0,0.8583698272705078,0.8643052577972412
results_wiki,MiniLM,high_similarity_wrong,underspecified_or_overspecified_answer,sample_466,What happens to the temperature of matter as light is absorbed?,it increases,Increases,0,0.6666666666666666,0,0,0.8541367053985596,0.8775575757026672
results_wiki,MiniLM,high_similarity_wrong,other_or_true_semantic_error,sample_486,How many different types of stresses are there?,four,Three,0,0.0,0,0,0.8232482671737671,0.6993281841278076
results_wiki,MiniLM,high_similarity_wrong,other_or_true_semantic_error,sample_494,Producers at the base of ecological food webs are also known as?,autotrophic,Autotrophs,0,0.0,0,0,0.8083308339118958,0.8845455050468445
results_wiki,MiniLM,high_similarity_wrong,underspecified_or_overspecified_answer,sample_497,What is the study of the similarities and differences in the embryos of different species?,comparative embryology,Embryology,0,0.6666666666666666,0,0,0.8779030442237854,0.8416478037834167
results_wiki,MiniLM,high_similarity_wrong,synonym_or_paraphrase_labeling_artifact,sample_561,Certain medications can suppress the immune system. this is an intended effect of drugs given to people with what?,transplanted organs,Organ transplants.,0,0.0,0,0,0.8420719504356384,0.8762086033821106
results_wiki,MiniLM,high_similarity_wrong,morphology_or_inflection,sample_564,What is the name for a biologist who studies fungi?,mycologists,Mycologist,0,0.0,0,0,0.9269847273826599,0.8971846699714661
results_wiki,MiniLM,high_similarity_wrong,numeric_equivalence,sample_565,How many different kinds of ions are produced when sodium chloride dissociates ?,two,2,0,0.0,0,0,0.8183469772338867,0.8677993416786194
results_wiki,MiniLM,high_similarity_wrong,semantic_relatedness_not_correctness,sample_599,"Like other bryophytes, moss plants spend most of their life cycle as?",gametophytes,gametophyte,0,0.0,0,0,0.9248482584953308,0.9690386652946472
results_wiki,MiniLM,high_similarity_wrong,synonym_or_paraphrase_labeling_artifact,sample_606,What can damage the hair cells lining the cochlea of the inner ear?,loud sounds,Loud noise,0,0.5,0,0,0.8557156920433044,0.9345128536224365
results_wiki,MiniLM,high_similarity_wrong,synonym_or_paraphrase_labeling_artifact,sample_634,"During karyogamy, the haploid nuclei contributed by the two parents fuse, which produces what?",diploid cells,Diploid nucleus,0,0.5,0,0,0.8178847432136536,0.85603266954422
results_wiki,MiniLM,high_similarity_wrong,underspecified_or_overspecified_answer,sample_682,What device changes kinetic energy to electrical energy through electromagnetic induction?,electric generator,Generator,0,0.6666666666666666,0,0,0.8492159843444824,0.8966141939163208
results_wiki,MiniLM,high_similarity_wrong,underspecified_or_overspecified_answer,sample_701,How does air pressure change as altitude increases?,it decreases,Decreases,0,0.6666666666666666,0,0,0.8701293468475342,0.9141074419021606
results_wiki,MiniLM,high_similarity_wrong,morphology_or_inflection,sample_720,What forms when an atom gains electrons?,anions,Anion,0,0.0,0,0,0.8634361624717712,0.9486968517303467
results_wiki,MiniLM,high_similarity_wrong,synonym_or_paraphrase_labeling_artifact,sample_725,Examples of acute forms of what type of diseases include the common cold and influenza?,viral diseases,Viral infections,0,0.5,0,0,0.868356466293335,0.897668182849884
results_wiki,MiniLM,high_similarity_wrong,underspecified_or_overspecified_answer,sample_739,What do angiosperms produce?,flowers and fruit,"Flowers, fruits, and seeds",0,0.5714285714285715,0,0,0.8871837854385376,0.8959071636199951
results_wiki,MiniLM,high_similarity_wrong,numeric_equivalence,sample_742,"What is the ph level of neutral, pure water?",seven,7,0,0.0,0,0,0.9258615374565125,0.9047802686691284
results_wiki,MiniLM,high_similarity_wrong,synonym_or_paraphrase_labeling_artifact,sample_797,The tidal forces near what celestial phenomena are so great they can actually tear matter from a companion star?,black holes,Black hole,0,0.5,0,0,0.9441515803337097,0.9340886473655701
results_wiki,MiniLM,high_similarity_wrong,morphology_or_inflection,sample_805,What creates charged regions in a water molecule?,polar covalent bonds,Polar covalent bond,0,0.6666666666666666,0,0,0.9792749881744385,0.9824459552764893
results_wiki,MiniLM,high_similarity_wrong,synonym_or_paraphrase_labeling_artifact,sample_842,"What title is used to describe health professionals who use nonsurgical techniques to help patients with musculoskeletal system problems that involve the bones, muscles, ligaments, tendons, or nervous system?",chiropractor chiropractors,Chiropractor,0,0.6666666666666666,0,0,0.9310474395751953,0.953129231929779
results_wiki,MiniLM,high_similarity_wrong,underspecified_or_overspecified_answer,sample_851,"When we move down a group of elements on the periodic table, what happens to their electronegativity?",it decreases,Decreases,0,0.6666666666666666,0,0,0.8701293468475342,0.9141075611114502
results_wiki,MiniLM,high_similarity_wrong,synonym_or_paraphrase_labeling_artifact,sample_858,What occurs when a substance diffuses through a cell membrane without any help from other molecules?,simple diffusion,Facilitated diffusion,0,0.5,0,0,0.8016706109046936,0.7593909502029419
results_wiki,MiniLM,high_similarity_wrong,semantic_relatedness_not_correctness,sample_867,Which kinds of cells have nuclei and other membrane bound organelles?,eukaryotes,Eukaryotic cells,0,0.0,0,0,0.8649792671203613,0.9388816952705383
results_wiki,MiniLM,high_similarity_wrong,other_or_true_semantic_error,sample_875,What gas is released into the atmosphere when fossil fuels are burned?,co2,Carbon dioxide,0,0.0,0,0,0.8494598269462585,0.8872536420822144
results_wiki,MiniLM,high_similarity_wrong,synonym_or_paraphrase_labeling_artifact,sample_917,Alkaline earth metals are what color?,silvery grey,Silvery gray,0,0.5,0,0,0.9822336435317993,0.955269992351532
results_wiki,MiniLM,high_similarity_wrong,underspecified_or_overspecified_answer,sample_924,"When light is absorbed by a material, what may increase?",its temperature,Temperature,0,0.6666666666666666,0,0,0.8518868684768677,0.822861909866333
results_wiki,MiniLM,high_similarity_wrong,other_or_true_semantic_error,sample_950,Is the progeny produced by asexual reproduction stronger or weaker than seedlings produced by sexual reproduction?,stronger,Weaker,0,0.0,0,0,0.8366963267326355,0.8162901401519775
results_wiki,MiniLM,high_similarity_wrong,morphology_or_inflection,sample_955,What takes the shape of the container they are placed in and have a definite volume?,liquids,Liquid,0,0.0,0,0,0.8991069793701172,0.9444252252578735
results_wiki,MiniLM,high_similarity_wrong,underspecified_or_overspecified_answer,sample_964,Corals build hard exoskeletons that grow to become what?,coral reefs,Reefs,0,0.6666666666666666,0,0,0.9325021505355835,0.8988809585571289
results_wiki,MiniLM,high_similarity_wrong,other_or_true_semantic_error,sample_979,All of the monatomic ions have oxidation numbers equal to their?,charges,charge,0,0.0,0,0,0.8498682975769043,0.9130042791366577
results_wiki,MiniLM,high_similarity_wrong,semantic_relatedness_not_correctness,sample_981,Give an example of benthos that live near vents on the deep ocean floor.,tubeworms,Tube worms,0,0.0,0,0,0.9147738814353943,0.9121432304382324
results_wiki,MiniLM,high_similarity_wrong,semantic_relatedness_not_correctness,sample_1016,What type of thin lava forms shapes and tubes as it flows?,pāhoehoe,Pahoehoe,0,0.0,0,0,1.0,1.0
results_wiki,MiniLM,high_similarity_wrong,underspecified_or_overspecified_answer,sample_1023,Hydrogen peroxide will decompose over time to produce _______ gas.,water and oxygen,Oxygen,0,0.5,0,0,0.8272406458854675,0.8562201857566833
results_wiki,MiniLM,high_similarity_wrong,morphology_or_inflection,sample_1042,The chemical behavior of elements can largely be explained by what?,electron configurations,electron configuration,0,0.5,0,0,0.9687708616256714,0.9762026071548462
results_wiki,MiniLM,high_similarity_wrong,synonym_or_paraphrase_labeling_artifact,sample_1060,What causes fertilization to occur?,sperm and an egg fuse,Sperm meets and fuses with an egg.,0,0.6,0,0,0.891029953956604,0.9501231908798218
results_wiki,MiniLM,high_similarity_wrong,underspecified_or_overspecified_answer,sample_1062,Proto-oncogenes normally help regulate what?,cell division,cell growth and division,0,0.6666666666666666,0,0,0.8432656526565552,0.9221115708351135
results_wiki,MiniLM,high_similarity_wrong,underspecified_or_overspecified_answer,sample_1085,Nearly all of what are constructed from a set of just 20 common amino acids?,biological proteins,Proteins,0,0.6666666666666666,0,0,0.9084292650222778,0.8311053514480591
results_wiki,MiniLM,high_similarity_wrong,numeric_equivalence,sample_1097,Superconductors are materials with a resistivity of?,zero,0,0,0.0,0,0,0.8644563555717468,0.5478475689888
results_wiki,MiniLM,high_similarity_wrong,morphology_or_inflection,sample_1119,What is the hardest of all minerals?,diamonds,Diamond,0,0.0,0,0,0.9040918946266174,0.9470739960670471
results_wiki,MiniLM,high_similarity_wrong,semantic_relatedness_not_correctness,sample_1131,What is the term for long carbohydrate molecules of repeated monomer units joined together by glycosidic bonds?,polysaccharides,Polysaccharide,0,0.0,0,0,0.9641982913017273,0.9616138339042664
results_wiki,MiniLM,high_similarity_wrong,underspecified_or_overspecified_answer,sample_1134,What speeds up the reactions of chemical digestion?,digestive enzymes,Enzymes,0,0.6666666666666666,0,0,0.8428896069526672,0.8863117098808289
results_wiki,MiniLM,high_similarity_wrong,underspecified_or_overspecified_answer,sample_1163,Lenses make use of what to create images?,refraction of light,Refraction,0,0.5,0,0,0.8429912328720093,0.9260874390602112
results_wiki,MiniLM,high_similarity_wrong,other_or_true_semantic_error,sample_1174,What are the three classifications of elements?,"metals, non-metals and metaloids","Metals, nonmetals, metalloids.",0,0.25,0,0,0.8169543743133545,0.8902285695075989
results_wiki,MiniLM,high_similarity_wrong,morphology_or_inflection,sample_1203,What is the term for the remains or traces of living organisms?,fossils,Fossil,0,0.0,0,0,0.9358166456222534,0.8892495036125183
results_wiki,MiniLM,high_similarity_wrong,synonym_or_paraphrase_labeling_artifact,sample_1204,What type of disease is caused by pathogens?,infectious diseases,Infectious disease,0,0.5,0,0,0.9727953672409058,0.9619742631912231
results_wiki,MiniLM,high_similarity_wrong,synonym_or_paraphrase_labeling_artifact,sample_1207,"Of the three basic types of emissions, which has the highest penetrating power?",gamma radiation,Gamma rays,0,0.5,0,0,0.8812045454978943,0.9409534335136414
results_wiki,MiniLM,high_similarity_wrong,underspecified_or_overspecified_answer,sample_1239,What are the two types of fermentation?,lactic acid and alcoholic,"Alcoholic fermentation, lactic acid fermentation",0,0.6666666666666665,0,0,0.8281095027923584,0.8962010741233826
results_wiki,MiniLM,high_similarity_wrong,underspecified_or_overspecified_answer,sample_1265,Elements are pure substances that make up what?,all matter,matter,0,0.6666666666666666,0,0,0.8418278098106384,0.8272978663444519
results_wiki,MiniLM,high_similarity_wrong,underspecified_or_overspecified_answer,sample_1276,People with osteoporosis have an increase risk of what?,bone fractures,fractures,0,0.6666666666666666,0,0,0.902143120765686,0.8907287120819092
results_wiki,MiniLM,high_similarity_wrong,underspecified_or_overspecified_answer,sample_1347,The water in some springs are hot because they're heated by what?,hot magma,magma,0,0.6666666666666666,0,0,0.8715518116950989,0.876880943775177
results_wiki,MiniLM,high_similarity_wrong,underspecified_or_overspecified_answer,sample_1364,What occurs in a formerly inhabited area that was disturbed?,secondary succession,Succession,0,0.6666666666666666,0,0,0.8747928142547607,0.7994877099990845
results_wiki,MiniLM,high_similarity_wrong,underspecified_or_overspecified_answer,sample_1377,What carries the instructions from the nucleus to the cytoplasm?,messenger rna,RNA,0,0.6666666666666666,0,0,0.835253119468689,0.8440055251121521
results_wiki,MiniLM,high_similarity_wrong,underspecified_or_overspecified_answer,sample_1385,What consists of one or two closed loops through which current can flow?,electric circuit,Circuit,0,0.6666666666666666,0,0,0.8617346286773682,0.8564430475234985
results_wiki,MiniLM,high_similarity_wrong,underspecified_or_overspecified_answer,sample_1396,Covalent bond energies can be used to estimate the enthalpy changes of what?,chemical reactions,reactions,0,0.6666666666666666,0,0,0.9083079695701599,0.8563744425773621
results_wiki,MiniLM,high_similarity_wrong,numeric_equivalence,sample_1401,How many different types of taste neurons does the tongue contain?,five,5,0,0.0,0,0,0.922978401184082,0.9198909997940063
results_wiki,MiniLM,high_similarity_wrong,semantic_relatedness_not_correctness,sample_1454,What term simply means sensitive beyond normal levels of activation?,hypersensitivity,HyperSensitive,0,0.0,0,0,0.9629901051521301,0.9278804063796997
results_wiki,MiniLM,high_similarity_wrong,synonym_or_paraphrase_labeling_artifact,sample_1491,What is produced when sulfur and oxygen combine?,sulfur oxide,Sulfur dioxide,0,0.5,0,0,0.8005785942077637,0.9063772559165955
results_wiki,MiniLM,high_similarity_wrong,underspecified_or_overspecified_answer,sample_1539,How does the number of protons compare to the number of electrons in an electrically neutral atom?,they are equal,Equal,0,0.5,0,0,0.8200795650482178,0.8751110434532166
results_wiki,MiniLM,high_similarity_wrong,morphology_or_inflection,sample_1559,What type of butterfly do birds avoid eating since it makes them sick?,monarch butterflies,Monarch Butterfly,0,0.5,0,0,0.9257291555404663,0.9756097793579102
results_wiki,MiniLM,high_similarity_wrong,underspecified_or_overspecified_answer,sample_1598,What is the term for when a substance boils and changes to gas?,boiling point,Boiling,0,0.6666666666666666,0,0,0.8388190865516663,0.8267056941986084
results_wiki,MiniLM,high_similarity_wrong,underspecified_or_overspecified_answer,sample_1636,What is necessary for new alleles to be created?,new mutations,Mutation,0,0.0,0,0,0.8815770745277405,0.8481096029281616
results_wiki,MiniLM,high_similarity_wrong,other_or_true_semantic_error,sample_1650,"There is a positive correlation between the ability to conduct thermal energy and what other energy, as exemplified by metals?",electricity,Electrical energy,0,0.0,0,0,0.831010639667511,0.8713441491127014
results_wiki,MiniLM,high_similarity_wrong,synonym_or_paraphrase_labeling_artifact,sample_1656,What do you call chemical reactions that take place inside living things?,biochemical reactions,Metabolic reactions,0,0.5,0,0,0.808636486530304,0.870637059211731
results_wiki,MiniLM,high_similarity_wrong,morphology_or_inflection,sample_1678,What takes both the shape and the volume of their container?,gases,Gas,0,0.0,0,0,0.8552170395851135,0.9047123193740845
results_wiki,MiniLM,high_similarity_wrong,synonym_or_paraphrase_labeling_artifact,sample_1693,The partial pressure of each gas in a mixture is proportional to its what?,mole fraction,proportion by mole,0,0.4,0,0,0.8052524924278259,0.83540940284729
results_wiki,MiniLM,high_similarity_wrong,morphology_or_inflection,sample_1700,"As with other organic compounds that form hydrogen bonds, water solubility of amines is reflected in the length of what?",carbon chains,carbon chain,0,0.5,0,0,0.9612225294113159,0.9691903591156006
results_wiki,MiniLM,high_similarity_wrong,underspecified_or_overspecified_answer,sample_1714,What is it called when electrons are shared equally?,nonpolar bonds,Nonpolar covalent bond,0,0.4,0,0,0.8671671152114868,0.9387082457542419
results_wiki,MiniLM,high_similarity_wrong,underspecified_or_overspecified_answer,sample_1768,What are chemical messengers that control sexual development and reproduction?,sex hormones,Hormones,0,0.6666666666666666,0,0,0.8863123655319214,0.8600571155548096
results_wiki,MiniLM,high_similarity_wrong,underspecified_or_overspecified_answer,sample_1804,What are materials that are poor thermal conductors called?,thermal insulators,Poor thermal conductors are called insulators.,0,0.5,0,0,0.8067762851715088,0.8472177386283875
results_wiki,MiniLM,high_similarity_wrong,semantic_relatedness_not_correctness,sample_1817,"In police radar, a radar gun sends out short bursts of which waves?",microwaves,microwave,0,0.0,0,0,0.935871422290802,0.9469923973083496
results_wiki,MiniLM,high_similarity_wrong,synonym_or_paraphrase_labeling_artifact,sample_1846,What system protects the soft organs of the body?,skeletal system,Skeleton system,0,0.5,0,0,0.8707072734832764,0.8959831595420837
results_wiki,MiniLM,high_similarity_wrong,morphology_or_inflection,sample_1850,Reversing the orientation of a chromosomal segment is called what?,inversions,Inversion,0,0.0,0,0,0.9534245729446411,0.9493474364280701
results_wiki,MiniLM,high_similarity_wrong,underspecified_or_overspecified_answer,sample_1873,Different clouds are associated with different types of what?,weather conditions,weather,0,0.6666666666666666,0,0,0.8520411849021912,0.867810845375061
results_wiki,MiniLM,high_similarity_wrong,semantic_relatedness_not_correctness,sample_1899,"Farsightedness, or hyperopia, is the condition in which distant objects are seen clearly, but nearby objects are?",blurry,blurred,0,0.0,0,0,0.8593360781669617,0.8755369186401367
results_wiki,MiniLM,high_similarity_wrong,semantic_relatedness_not_correctness,sample_1935,The majority of solids are what in nature?,crystalline,crystals,0,0.0,0,0,0.850743293762207,0.8640326261520386
results_wiki,MiniLM,high_similarity_wrong,underspecified_or_overspecified_answer,sample_1939,The term science comes from a latin word that means?,having knowledge,knowledge,0,0.6666666666666666,0,0,0.8402135968208313,0.8546445965766907
results_wiki,MiniLM,high_similarity_wrong,morphology_or_inflection,sample_1997,When naming this type of ion the ending of the element’s name is dropped and replaced with the – ide suffix?,anions,Anion,0,0.0,0,0,0.8634364008903503,0.9486968517303467
results_wiki,MiniLM,high_similarity_wrong,underspecified_or_overspecified_answer,sample_2013,What device uses electromagnetic induction to change the voltage of electric current?,electric transformer,Transformer,0,0.6666666666666666,0,0,0.8875646591186523,0.9015758633613586
results_wiki,MiniLM,high_similarity_wrong,synonym_or_paraphrase_labeling_artifact,sample_2015,Which type of glaciers form in high mountains and travel through valleys?,alpine glaciers,Valley glaciers,0,0.5,0,0,0.8667333126068115,0.7861183285713196
results_wiki,MiniLM,high_similarity_wrong,other_or_true_semantic_error,sample_2019,Gene expression is regulated primarily at the what level?,transcriptional,transcription level,0,0.0,0,0,0.8008646368980408,0.7966774106025696
results_wiki,MiniLM,high_similarity_wrong,semantic_relatedness_not_correctness,sample_2036,Many species in rhizaria are among the organisms referred to as what?,amoebas,amoebae,0,0.0,0,0,0.8676393032073975,0.8741536140441895
results_wiki,MiniLM,high_similarity_wrong,morphology_or_inflection,sample_2053,What does the human heart do?,pump blood,Pumps blood.,0,0.5,0,0,0.857200562953949,0.9254080057144165
results_wiki,MiniLM,high_similarity_wrong,morphology_or_inflection,sample_2072,What do you call taxes placed on products that produce carbon dioxide?,carbon taxes,Carbon tax,0,0.5,0,0,0.9760968685150146,0.978609561920166
results_wiki,MiniLM,high_similarity_wrong,synonym_or_paraphrase_labeling_artifact,sample_2096,What is the term for the use of radioactive decay to estimate the ages of fossils and rock?,radioactive dating,Radiometric dating,0,0.5,0,0,0.824774980545044,0.9147346019744873
results_wiki,MiniLM,high_similarity_wrong,synonym_or_paraphrase_labeling_artifact,sample_2111,What happens when a sodium atom loses an electron?,becomes sodium ion,Sodium ion (Na+) is formed.,0,0.5,0,0,0.8367732167243958,0.8965372443199158
results_wiki,MiniLM,high_similarity_wrong,other_or_true_semantic_error,sample_2118,What is the part of a plant whose primary role is to collect sunlight and make food by photosynthesis?,leaves,Leaf,0,0.0,0,0,0.8454662561416626,0.9029252529144287
results_wiki,MiniLM,high_similarity_wrong,other_or_true_semantic_error,sample_2145,Is the digestive tract of many sharks longer or shorter than many other vertebrates?,shorter,Longer,0,0.0,0,0,0.8041276931762695,0.8187181949615479
results_wiki,MiniLM,high_similarity_wrong,synonym_or_paraphrase_labeling_artifact,sample_2157,Carbon behaves as a metal because it conducts which two things well?,heat and electricity,Electrical charge and heat,0,0.5714285714285715,0,0,0.8196575045585632,0.8885772228240967
results_wiki,MiniLM,high_similarity_wrong,morphology_or_inflection,sample_2159,What contains the spore-forming asci?,the ascocarps,Ascocarp,0,0.0,0,0,0.8986137509346008,0.8966065645217896
results_wiki,MiniLM,high_similarity_wrong,synonym_or_paraphrase_labeling_artifact,sample_2160,Fruit fly and brine shrimp hox genes have evolved independently for how long?,400 million years,over 600 million years,0,0.5714285714285715,0,0,0.8867363929748535,0.8559615015983582
results_wiki,MiniLM,high_similarity_wrong,underspecified_or_overspecified_answer,sample_2162,What do tadpoles change into?,adult frogs,Frogs,0,0.6666666666666666,0,0,0.8245846629142761,0.8368039131164551
results_wiki,MiniLM,high_similarity_wrong,other_or_true_semantic_error,sample_2172,How many pathways do plants have for carbon fixation?,three,Two,0,0.0,0,0,0.8061561584472656,0.6696773171424866
results_wiki,MiniLM,high_similarity_wrong,synonym_or_paraphrase_labeling_artifact,sample_2182,What two phases does the cell cycle consist of?,interphase and mitotic,Interphase and Mitosis,0,0.6666666666666666,0,0,0.8690821528434753,0.9881488680839539
results_wiki,MiniLM,high_similarity_wrong,underspecified_or_overspecified_answer,sample_2225,What type of device uses electromagnetic induction to change the voltage of electric current?,electronic transformer,Transformer,0,0.6666666666666666,0,0,0.8530305027961731,0.8640912175178528
results_wiki,MiniLM,high_similarity_wrong,morphology_or_inflection,sample_2261,Carboxylic acids can form what with alcohols?,esters,Ester,0,0.0,0,0,0.9219813346862793,0.913770318031311
results_wiki,MiniLM,high_similarity_wrong,underspecified_or_overspecified_answer,sample_2267,What helps treat bacterial infections in people?,antibiotic drugs,Antibiotics,0,0.0,0,0,0.8989870548248291,0.883899450302124
results_wiki,MiniLM,high_similarity_wrong,other_or_true_semantic_error,sample_2289,What are the largest phylum in the animal kingdom?,arthropods,Arthropoda,0,0.0,0,0,0.8000447750091553,0.8586481213569641
results_wiki,MiniLM,high_similarity_wrong,synonym_or_paraphrase_labeling_artifact,sample_2294,What is the biogeochemical cycle that recycles water called?,water cycle,Hydrological cycle,0,0.5,0,0,0.8248574137687683,0.8968630433082581
results_wiki,MiniLM,high_similarity_wrong,semantic_relatedness_not_correctness,sample_2311,What term is used to describe birds that mate for an entire season or even stay paired for their entire life?,monogamous,Monogamy,0,0.0,0,0,0.9394605755805969,0.9084256887435913
results_wiki,MiniLM,high_similarity_wrong,underspecified_or_overspecified_answer,sample_2312,What branch of science offers an overview of the physiology of humans?,human biology,Biology,0,0.6666666666666666,0,0,0.8723206520080566,0.8573539853096008
results_wiki,MiniLM,high_similarity_wrong,synonym_or_paraphrase_labeling_artifact,sample_2313,"In atherosclerosis, thickening of an arterial wall due to this can restrict blood flow through the artery?",plaque formation,Plaque buildup,0,0.5,0,0,0.8571741580963135,0.9060393571853638
results_wiki,MiniLM,high_similarity_wrong,semantic_relatedness_not_correctness,sample_2321,What make distant objects appear both nearer and larger?,telescopes,Telescope,0,0.0,0,0,0.9252792596817017,0.9149565100669861
results_wiki,MiniLM,high_similarity_wrong,morphology_or_inflection,sample_2325,Pressure has a significant effect on the solubility of what state of matter?,gases,gas,0,0.0,0,0,0.8552169799804688,0.9047123789787292
results_wiki,MiniLM,high_similarity_wrong,morphology_or_inflection,sample_2346,"Reflected in their relatively high level of intelligence and their ability to learn new behaviors, what organs tend to be relatively large in primates?",brains,Brain,0,0.0,0,0,0.9335721135139465,0.9362756013870239
results_wiki,MiniLM,high_similarity_wrong,numeric_equivalence,sample_2433,Invertebrates make up what percentage of all animal species?,95 percent,95%,0,0.6666666666666666,0,0,0.9459183812141418,0.9722511172294617
results_wiki,MiniLM,high_similarity_wrong,morphology_or_inflection,sample_2452,What are the largest known proteins?,titins,Titin,0,0.0,0,0,0.9071528911590576,0.9007471203804016
results_wiki,MiniLM,high_similarity_wrong,morphology_or_inflection,sample_2456,Where do two or more bones of the skeleton meet?,joints,Joint,0,0.0,0,0,0.871422529220581,0.9136692881584167
results_wiki,MiniLM,high_similarity_wrong,synonym_or_paraphrase_labeling_artifact,sample_2467,What determines the color of visible light?,exact wavelength,Wavelength of light,0,0.4,0,0,0.8148754239082336,0.8039413690567017
results_wiki,MiniLM,high_similarity_wrong,synonym_or_paraphrase_labeling_artifact,sample_2469,Earth rotates on its axis once each day and revolves around the sun how often?,once each year,Once per year,0,0.6666666666666666,0,0,0.9256126284599304,0.9677950143814087
results_wiki,MiniLM,high_similarity_wrong,morphology_or_inflection,sample_2490,What is tube-shaped and brings urine from the kidneys to the urinary bladder?,ureters,Ureter,0,0.0,0,0,0.9309200644493103,0.904333770275116
results_wiki,MiniLM,high_similarity_wrong,morphology_or_inflection,sample_2514,Where are protons found in the atom?,in the nucleus,Nucleus,0,0.6666666666666666,0,0,0.8950222730636597,0.8869050741195679
results_wiki,MiniLM,high_similarity_wrong,underspecified_or_overspecified_answer,sample_2528,What celestial events are the source of elements heavier than iron?,supernovas,Supernova explosions,0,0.0,0,0,0.8559051156044006,0.842420756816864
results_wiki,MiniLM,high_similarity_wrong,morphology_or_inflection,sample_2559,What attaches a muscle to a bone?,tendons,Tendon,0,0.0,0,0,0.9216893911361694,0.9339125752449036
results_wiki,MiniLM,high_similarity_wrong,other_or_true_semantic_error,sample_2560,What are two common weather characteristics of hurricanes?,high winds and rainfall,"Strong winds, heavy rain",0,0.25,0,0,0.8435556292533875,0.8318188190460205
results_wiki,MiniLM,high_similarity_wrong,numeric_equivalence,sample_2589,The cubic crystal system is composed of how many different types of unit cells?,three,3,0,0.0,0,0,0.8656187057495117,0.9156866073608398
results_wiki,MiniLM,high_similarity_wrong,numeric_equivalence,sample_2598,How many bones does the  mammalian middle ear have?,three,3,0,0.0,0,0,0.8656187057495117,0.9156866073608398
results_wiki,MiniLM,high_similarity_wrong,semantic_relatedness_not_correctness,sample_2659,"Sharing a phylum with insects, spiders, daddy-long-legs, scorpions, and ticks belong to what class?",arachnids,Arachnida,0,0.0,0,0,0.8550060987472534,0.8693668246269226
results_wiki,MiniLM,high_similarity_wrong,numeric_equivalence,sample_2663,"In a carbon triple bond, how many pairs of electrons are shared?",three,3,0,0.0,0,0,0.8656187057495117,0.9156866073608398
results_wiki,MiniLM,high_similarity_wrong,semantic_relatedness_not_correctness,sample_2689,"What component of an organism, made up of many cells, in turn makes up an organ?",tissues,Tissue,0,0.0,0,0,0.9345923662185669,0.9581660032272339
results_wiki,MiniLM,high_similarity_wrong,other_or_true_semantic_error,sample_2697,How many pathways do plants have for carbon fixation?,three,Two,0,0.0,0,0,0.8061560988426208,0.6696772575378418
results_wiki,MiniLM,high_similarity_wrong,semantic_relatedness_not_correctness,sample_2703,Some women experience cramping and pain before and during what monthly cycle?,menstruation,Menstrual cycle,0,0.0,0,0,0.8701512217521667,0.8728214502334595
results_wiki,MiniLM,high_similarity_wrong,underspecified_or_overspecified_answer,sample_2709,"Because force and electric field are what, they have direction as well as their value?",vectors,vector quantities,0,0.0,0,0,0.8047008514404297,0.8460413813591003
results_wiki,MiniLM,high_similarity_wrong,synonym_or_paraphrase_labeling_artifact,sample_2712,"How thick is the earth's continental crust, on average?",35 kilometers,30 kilometers,0,0.5,0,0,0.9218295812606812,0.885032057762146
results_wiki,MiniLM,high_similarity_wrong,semantic_relatedness_not_correctness,sample_2723,"What are commonly used to control insect pests, but can have harmful effects on the environment?",insecticides,Pesticides,0,0.0,0,0,0.9135580062866211,0.8717679977416992
results_wiki,MiniLM,high_similarity_wrong,morphology_or_inflection,sample_2774,"Prostaglandins also help regulate the aggregation of platelets, one step in the formation of what?",blood clots,blood clot,0,0.5,0,0,0.9360222816467285,0.9671856760978699
results_wiki,MiniLM,high_similarity_wrong,semantic_relatedness_not_correctness,sample_2827,"What is the group of all the eukaryotes that are not fungi, animals, or plants called?",protists,Protista,0,0.0,0,0,0.8939943909645081,0.8957151770591736
results_wiki,MiniLM,high_similarity_wrong,morphology_or_inflection,sample_2828,What have a symbiotic relationship between a fungus and a photosynthetic organism?,lichens,Lichen,0,0.0,0,0,0.9412404894828796,0.9331024885177612
results_wiki,MiniLM,high_similarity_wrong,morphology_or_inflection,sample_2843,"Because opposite charges attract, oppositely charged ions attract each other to form what?",ionic bonds,Ionic bond,0,0.5,0,0,0.9580477476119995,0.9744113087654114
results_wiki,MiniLM,high_similarity_wrong,underspecified_or_overspecified_answer,sample_2848,Who invented the taxonomic classification system?,carl linnaeus,Linnaeus,0,0.6666666666666666,0,0,0.9340915083885193,0.9077774286270142
results_wiki,MiniLM,high_similarity_wrong,other_or_true_semantic_error,sample_2850,How many underlying principles does the science of biology have?,four,Three,0,0.0,0,0,0.8232482075691223,0.6993283629417419
results_wiki,MiniLM,high_similarity_wrong,synonym_or_paraphrase_labeling_artifact,sample_2881,What is the term for dating a rock based on composition decay?,radioactive dating,Radiometric dating,0,0.5,0,0,0.8247750401496887,0.9147347211837769
results_wiki,MiniLM,high_similarity_wrong,underspecified_or_overspecified_answer,sample_2917,"What part of a mature plant cell is responsible for storing substances like water, enzymes, and salts?",central vacuole,Vacuole,0,0.6666666666666666,0,0,0.8017652034759521,0.86451655626297
results_wiki,MiniLM,high_similarity_wrong,morphology_or_inflection,sample_2970,The similarity in biochemical compounds between living things provides evidence for the evolution of species from what?,common ancestors,common ancestor,0,0.5,0,0,0.9126662015914917,0.9406930804252625
results_wiki,MiniLM,high_similarity_wrong,underspecified_or_overspecified_answer,sample_2980,What is the term for the skeletal structure of the head that supports the face and protects the brain?,cranium (skull),Cranium,0,0.6666666666666666,0,0,0.885616660118103,0.9641271829605103
results_wiki,MiniLM,high_similarity_wrong,other_or_true_semantic_error,sample_3003,In how many basic was can substances cross the plasma membrane?,two,Three,0,0.0,0,0,0.8061561584472656,0.6696773171424866
results_wiki,MiniLM,high_similarity_wrong,semantic_relatedness_not_correctness,sample_3009,"An unknown genotype can be determined by observing what, the term for characteristics of the resulting offspring?",phenotypes,Phenotype,0,0.0,0,0,0.968203604221344,0.9221993684768677
results_wiki,MiniLM,high_similarity_wrong,numeric_equivalence,sample_3011,How much electricity is generated by an average car battery?,twelve volts,12 volts,0,0.5,0,0,0.9561253786087036,0.9557172060012817
results_wiki,MiniLM,high_similarity_wrong,synonym_or_paraphrase_labeling_artifact,sample_3031,What are the attractive forces that occur between polar molecules called?,dipole-dipole forces,Dipole-dipole interactions,0,0.6666666666666666,0,0,0.8572720289230347,0.9006580114364624
results_wiki,MiniLM,high_similarity_wrong,underspecified_or_overspecified_answer,sample_3088,Minerals that are not pure elements are made of what?,chemical compounds,Compounds,0,0.6666666666666666,0,0,0.9084243178367615,0.9127016067504883
results_wiki,MiniLM,high_similarity_wrong,other_or_true_semantic_error,sample_3102,What do some animals grow to protect themselves in winter?,thicker fur,Thick fur or fat layers.,0,0.28571428571428575,0,0,0.8010410666465759,0.8755075931549072
results_wiki,MiniLM,high_similarity_wrong,underspecified_or_overspecified_answer,sample_3185,An electrical signal along a nerve cell triggers the secretion of what?,neurotransmitter molecules,neurotransmitters,0,0.0,0,0,0.880683183670044,0.9415820837020874
results_wiki,MiniLM,high_similarity_wrong,underspecified_or_overspecified_answer,sample_3189,What do omnivores eat?,plants & animals,Both plants and animals.,0,0.6666666666666666,0,0,0.8615658283233643,0.8539371490478516
results_wiki,MiniLM,high_similarity_wrong,synonym_or_paraphrase_labeling_artifact,sample_3204,Not even light can escape from what extremely dense object sometimes found in deep space?,black holes,Black hole,0,0.5,0,0,0.9441516399383545,0.9340887069702148
results_wiki,MiniLM,high_similarity_wrong,morphology_or_inflection,sample_3248,The high points of a transverse wave are called what?,crests,Crest,0,0.0,0,0,0.9118466377258301,0.9187446236610413
results_wiki,MiniLM,high_similarity_wrong,underspecified_or_overspecified_answer,sample_3282,What can carry nerve impulses from tissues and organs to the spinal cord and brain?,sensory neurons,Neurons,0,0.6666666666666666,0,0,0.8219958543777466,0.8840034604072571
results_wiki,MiniLM,high_similarity_wrong,synonym_or_paraphrase_labeling_artifact,sample_3286,"Connected to agriculture, forestry, mining, and urbanization, what is the single biggest cause of extinction today?",habitat loss,Habitat destruction,0,0.5,0,0,0.8640176057815552,0.8849877119064331
results_wiki,MiniLM,high_similarity_wrong,underspecified_or_overspecified_answer,sample_3309,Living organisms release carbon dioxide into the atmosphere by what method?,cellular respiration,Respiration,0,0.6666666666666666,0,0,0.8524263501167297,0.8717408180236816
results_wiki,MiniLM,high_similarity_wrong,semantic_relatedness_not_correctness,sample_3381,Bacteria are what kind of cell?,prokaryotes,Prokaryotic,0,0.0,0,0,0.927108883857727,0.9297050833702087
results_wiki,MiniLM,high_similarity_wrong,other_or_true_semantic_error,sample_3410,What are carbonated beverages pressurized with?,co2,Carbon dioxide,0,0.0,0,0,0.8494598269462585,0.8872536420822144
results_wiki,MiniLM,high_similarity_wrong,synonym_or_paraphrase_labeling_artifact,sample_3437,"Besides increasing the potential, how else can you increase current in a circuit?",decreasing the resistance,Decrease resistance,0,0.5,0,0,0.9428079724311829,0.9414923787117004
results_wiki,MiniLM,high_similarity_wrong,underspecified_or_overspecified_answer,sample_3471,The primary lymphoid organs are the bone marrow and what else?,thymus gland,Thymus,0,0.6666666666666666,0,0,0.827357292175293,0.8808971047401428
results_wiki,MiniLM,high_similarity_wrong,semantic_relatedness_not_correctness,sample_3498,"In celsius, what is the boiling point of water?",one hundred degrees,100 degrees,0,0.4,0,0,0.9171866774559021,0.8979479670524597
results_wiki,MiniLM,high_similarity_wrong,morphology_or_inflection,sample_3536,The periodic table is an arrangement of the elements in order of increasing what?,atomic numbers,atomic number,0,0.5,0,0,0.9763473868370056,0.9749094843864441
results_wiki,MiniLM,high_similarity_wrong,morphology_or_inflection,sample_3544,How do yeasts reproduce asexually?,by budding,Budding,0,0.6666666666666666,0,0,0.8076183795928955,0.9470981955528259
results_wiki,MiniLM,high_similarity_wrong,other_or_true_semantic_error,sample_3549,"What do marine autotrophs acquire in carbonic acid, its dissolved form?",carbon dioxide,CO2,0,0.0,0,0,0.8494597673416138,0.8872535228729248
results_wiki,MiniLM,high_similarity_wrong,underspecified_or_overspecified_answer,sample_3581,Glucose and fructose are considered this type of sugar?,"monosaccharides, or simple",Monosaccharides,0,0.5,0,0,0.9428414702415466,0.8885918855667114
results_wiki,MiniLM,high_similarity_wrong,synonym_or_paraphrase_labeling_artifact,sample_3612,What is transferred in an acid-base reaction,hydrogen ion,H+ ions,0,0.0,0,0,0.8137574791908264,0.9154102802276611
results_wiki,MiniLM,high_similarity_wrong,morphology_or_inflection,sample_3625,What is used to measure current through a resistor?,ammeters,Ammeter,0,0.0,0,0,0.9684168100357056,0.942676305770874
results_wiki,MiniLM,high_similarity_wrong,morphology_or_inflection,sample_3656,What are colonies of cells stuck to a surface called?,biofilms,Biofilm,0,0.0,0,0,0.9653209447860718,0.9537595510482788
results_wiki,MiniLM,high_similarity_wrong,underspecified_or_overspecified_answer,sample_3678,Where does the christmas tree worm live?,tropical coral reefs,in coral reefs,0,0.6666666666666666,0,0,0.8347591161727905,0.8146369457244873
results_wiki,MiniLM,high_similarity_wrong,semantic_relatedness_not_correctness,sample_3686,Why are two different minerals considered different though they have the same chemical composition?,different crystal structures,Crystal structure differs.,0,0.3333333333333333,0,0,0.873582124710083,0.9004002809524536
results_wiki,MiniLM,high_similarity_wrong,other_or_true_semantic_error,sample_3714,What part of the plant is the main site of photosynthesis?,leaf,leaves,0,0.0,0,0,0.8454663157463074,0.9029252529144287
results_wiki,MiniLM,high_similarity_wrong,synonym_or_paraphrase_labeling_artifact,sample_3761,What do you call a simple machine consisting of a sloping surface that connects lower and higher elevations?,inclined plane,Incline plane,0,0.5,0,0,0.8872367739677429,0.9159031510353088
results_wiki,MiniLM,high_similarity_wrong,underspecified_or_overspecified_answer,sample_3764,In which kind of species do open circulatory systems serve additional functions?,some invertebrates,Invertebrates,0,0.6666666666666666,0,0,0.958350658416748,0.8804250955581665
results_wiki,MiniLM,high_similarity_wrong,numeric_equivalence,sample_3785,How many quarks are in each proton and neutron?,three,3,0,0.0,0,0,0.8656187653541565,0.9156867265701294
results_wiki,MiniLM,high_similarity_wrong,other_or_true_semantic_error,sample_3796,The point in the titration at which an indicator changes color is called what?,end point,Endpoints,0,0.0,0,0,0.8132733106613159,0.8614405989646912
results_wiki,MiniLM,high_similarity_wrong,underspecified_or_overspecified_answer,sample_3805,What is the body of a roundworm covered with?,tough cuticle,Cuticle,0,0.6666666666666666,0,0,0.8713212013244629,0.8524376153945923
results_wiki,MiniLM,high_similarity_wrong,synonym_or_paraphrase_labeling_artifact,sample_3818,What is mass number?,the total number of protons and neutrons in a nucleus,Sum of protons and neutrons in an atom's nucleus.,0,0.7058823529411765,0,0,0.8166662454605103,0.9038902521133423
results_wiki,MiniLM,high_similarity_wrong,morphology_or_inflection,sample_3822,Different colors of light differ in terms of which important attribute?,wavelengths,Wavelength,0,0.0,0,0,0.9035455584526062,0.9319877028465271
results_wiki,MiniLM,high_similarity_wrong,underspecified_or_overspecified_answer,sample_3824,"For most waves, energy is proportional to what, a term that describes the height of the wave?",wave amplitude,Amplitude,0,0.6666666666666666,0,0,0.8758887648582458,0.9164584875106812
results_wiki,MiniLM,high_similarity_wrong,numeric_equivalence,sample_3844,How many major massive extinctions have been since life began on earth?,five,5,0,0.0,0,0,0.9229784607887268,0.9198908805847168
results_wiki,MiniLM,high_similarity_wrong,synonym_or_paraphrase_labeling_artifact,sample_3901,What are mars' moons thought to be?,captured asteroids,Capture asteroids,0,0.5,0,0,0.9399471879005432,0.9313304424285889
results_wiki,MiniLM,high_similarity_wrong,underspecified_or_overspecified_answer,sample_3923,What are 3 types of light?,"infrared, visible, ultraviolet","Visible light, infrared light, ultraviolet light",0,0.6666666666666666,0,0,0.9188412427902222,0.929341733455658
results_wiki,MiniLM,high_similarity_wrong,semantic_relatedness_not_correctness,sample_3926,What is the term for a disease that is not contagious?,noninfectious disease,Non-infectious disease,0,0.4,0,0,0.8845263123512268,0.8918200731277466
results_wiki,MiniLM,high_similarity_wrong,synonym_or_paraphrase_labeling_artifact,sample_3930,What are the three types of symbiotic relationships?,"mutualism, communalism, parasitism","Commensalism, mutualism, parasitism",0,0.6666666666666666,0,0,0.8240024447441101,0.9153673052787781
results_wiki,MiniLM,high_similarity_wrong,other_or_true_semantic_error,sample_3939,"What structures formed of twisted actin chains are found in almost every cell, and are numerous in muscle cells and cells that move by changing shape?",microfilaments,Filaments,0,0.0,0,0,0.8134977221488953,0.8862152695655823
results_wiki,MiniLM,high_similarity_wrong,semantic_relatedness_not_correctness,sample_3958,In a pedigree what shape symbolizes males?,squares,Square,0,0.0,0,0,0.8701223134994507,0.9151336550712585
results_wiki,MiniLM,high_similarity_wrong,semantic_relatedness_not_correctness,sample_4011,What causes halide minerals to form?,salt water evaporation,Saline water evaporates,0,0.3333333333333333,0,0,0.8635502457618713,0.9044690728187561
results_wiki,MiniLM,high_similarity_wrong,synonym_or_paraphrase_labeling_artifact,sample_4019,What laws regulate radiation doses to which people can be exposed?,radiation protection laws,Radiation Protection Regulations,0,0.6666666666666666,0,0,0.9299086928367615,0.8894013166427612
results_wiki,MiniLM,high_similarity_wrong,synonym_or_paraphrase_labeling_artifact,sample_4030,Some materials have negative heats of solution; the dissolution of one of these solutes in water is called?,exothermic process,Endothermic process,0,0.5,0,0,0.8119081854820251,0.8688525557518005
results_wiki,MiniLM,high_similarity_wrong,underspecified_or_overspecified_answer,sample_4042,What is the breakdown of unstable elements into stable elements called?,radioactive decay,Decay,0,0.6666666666666666,0,0,0.8243292570114136,0.8439711332321167
results_wiki,MiniLM,high_similarity_wrong,synonym_or_paraphrase_labeling_artifact,sample_4069,"Atmospheric pressure is increased, causing a greater amount of oxygen than normal to diffuse into the bloodstream of the patient, in what type of therapy?",hyperbaric chamber therapy,Hyperbaric oxygen therapy,0,0.6666666666666666,0,0,0.8162156343460083,0.8726558685302734
results_wiki,MiniLM,high_similarity_wrong,morphology_or_inflection,sample_4112,Where does photosynthesis occur in plants?,in chloroplasts,chloroplasts,0,0.6666666666666666,0,0,0.9197864532470703,0.8920957446098328
results_wiki,MiniLM,high_similarity_wrong,underspecified_or_overspecified_answer,sample_4150,Quantities have two parts: the number (how many) and what else?,he unit,unit,0,0.6666666666666666,0,0,0.8321412205696106,0.8213463425636292
results_wiki,MiniLM,high_similarity_wrong,semantic_relatedness_not_correctness,sample_4173,What is the term for animals that  cannot raise their body temperature on their own?,ectothermic,Ectotherms,0,0.0,0,0,0.8663954138755798,0.9109652042388916
results_wiki,MiniLM,high_similarity_wrong,semantic_relatedness_not_correctness,sample_4189,What are the two types of cells?,prokaryotes and eukaryotes,Prokaryotic and eukaryotic,0,0.3333333333333333,0,0,0.9559885263442993,0.9698194861412048
results_wiki,MiniLM,high_similarity_wrong,underspecified_or_overspecified_answer,sample_4211,What term describes a region of space around an atom that has a non-zero probability for an electron with a particular energy?,atomic orbital,Orbital,0,0.6666666666666666,0,0,0.8275675773620605,0.8773253560066223
results_wiki,MiniLM,high_similarity_wrong,synonym_or_paraphrase_labeling_artifact,sample_4254,"In vascular plants, what two basic structures are made of dermal, vascular, and ground tissues?",roots and stems,Stem and root,0,0.3333333333333333,0,0,0.8597290515899658,0.9496955275535583
results_wiki,MiniLM,high_similarity_wrong,morphology_or_inflection,sample_4263,Where does all igneous rock come from?,magma or lava,Magma and lava.,0,0.6666666666666666,0,0,0.940530002117157,0.9335408806800842
results_wiki,MiniLM,high_similarity_wrong,other_or_true_semantic_error,sample_4266,Many countries have attempted to reduce the human impact on climate change by reducing their emission of what greenhouse gas?,carbon dioxide,CO2,0,0.0,0,0,0.8494598865509033,0.8872535228729248
results_wiki,MiniLM,high_similarity_wrong,numeric_equivalence,sample_4287,How many valence electrons can be found in a carbon atom?,four,4,0,0.0,0,0,0.8942000865936279,0.8634973764419556
results_wiki,MiniLM,high_similarity_wrong,other_or_true_semantic_error,sample_4291,A refrigerator must do work to reverse the normal direction of what?,thermal energy flow,Heat flow,0,0.4,0,0,0.821295440196991,0.873666524887085
results_wiki,MiniLM,high_similarity_wrong,semantic_relatedness_not_correctness,sample_4305,"Like other bryophytes, moss plants spend most of their life cycle as what?",gametophytes,gametophyte,0,0.0,0,0,0.9248482584953308,0.969038724899292
results_wiki,MiniLM,high_similarity_wrong,synonym_or_paraphrase_labeling_artifact,sample_4333,"What do anglerfish use their glow-in-the-dark, rod-like structure for?",to attract prey,Attracting prey.,0,0.4,0,0,0.8114320039749146,0.9572481513023376
results_wiki,MiniLM,high_similarity_wrong,other_or_true_semantic_error,sample_4363,The a in atp is short for what?,adenosine,adenine,0,0.0,0,0,0.8256504535675049,0.8563432693481445
results_wiki,MiniLM,high_similarity_wrong,synonym_or_paraphrase_labeling_artifact,sample_4396,"There are a series of rules for naming branched alkanes (and, ultimately, for all organic compounds). these rules make up the system of nomenclature for naming what?",organic molecules,organic compounds,0,0.5,0,0,0.8456540107727051,0.881246030330658
results_wiki,MiniLM,high_similarity_wrong,synonym_or_paraphrase_labeling_artifact,sample_4418,What should you use to protect your eyes from chemicals?,eye goggles,Safety goggles,0,0.5,0,0,0.818644642829895,0.8675839900970459
results_wiki,MiniLM,high_similarity_wrong,synonym_or_paraphrase_labeling_artifact,sample_4455,Which law explains why a ship weighing thousands of metric tons floats on water?,archimedes' law,Archimedes' Principle,0,0.5,0,0,0.8453656435012817,0.9054374098777771
results_wiki,MiniLM,high_similarity_wrong,underspecified_or_overspecified_answer,sample_4479,Viruses were assumed to exist before they were first seen with an electron microscope in which decade?,1930 ' s,1930s,0,0.0,0,0,0.8659469485282898,0.877060055732727
results_wiki,MiniLM,high_similarity_wrong,underspecified_or_overspecified_answer,sample_4483,Where are the seeds in gymnosperms found?,in cones,On the surface of cones.,0,0.3333333333333333,0,0,0.8061578869819641,0.8766070604324341
results_wiki,MiniLM,high_similarity_wrong,underspecified_or_overspecified_answer,sample_4486,Hydrogen and helium are specifically involved as reactants in what nuclear reaction that is useful for making energy?,nuclear fusion,Fusion,0,0.6666666666666666,0,0,0.8390927314758301,0.8962836861610413
results_wiki,MiniLM,high_similarity_wrong,semantic_relatedness_not_correctness,sample_4487,What is the most widely used form of renewable energy in the world?,hydropower,Hydroelectric power,0,0.0,0,0,0.850502610206604,0.915723443031311
results_wiki,MiniLM,high_similarity_wrong,morphology_or_inflection,sample_4490,What kind of movement do planets in the solar system make around the sun?,elliptical orbits,Elliptical orbit,0,0.5,0,0,0.9615936875343323,0.9736579656600952
results_wiki,MiniLM,high_similarity_wrong,synonym_or_paraphrase_labeling_artifact,sample_4499,"If water from a spring can't flow downwards, it can spread out to form one of 2 things.  what are they?",pond or lake,pool or pond,0,0.6666666666666666,0,0,0.8624178171157837,0.9129399061203003
results_wiki,MiniLM,high_similarity_wrong,underspecified_or_overspecified_answer,sample_4512,What is the largest organ of the human body?,your skin,Skin,0,0.6666666666666666,0,0,0.8429902791976929,0.8250535726547241
results_wiki,MiniLM,high_similarity_wrong,other_or_true_semantic_error,sample_4514,What are boggy regions with thick layers of peat called?,peatlands,Peat bogs,0,0.0,0,0,0.8101840615272522,0.8919268846511841
results_wiki,MiniLM,high_similarity_wrong,semantic_relatedness_not_correctness,sample_4549,What do you call a carnivore that eats mainly insects?,insectivores,Insectivore,0,0.0,0,0,0.9249593615531921,0.936063289642334
results_wiki,MiniLM,high_similarity_wrong,underspecified_or_overspecified_answer,sample_4582,What do you call materials that have high resistance to electric current?,electric insulators,Insulators,0,0.6666666666666666,0,0,0.9104822874069214,0.94344162940979
results_wiki,MiniLM,high_similarity_wrong,other_or_true_semantic_error,sample_4654,"What class of animal, including hydras and jellies, is considered the simplest to contain a nervous system?",cnidarians,Cnidaria,0,0.0,0,0,0.819509744644165,0.9294027090072632
results_wiki,MiniLM,high_similarity_wrong,other_or_true_semantic_error,sample_4671,Scientists can use what tool to determine an earthquake's strength?,seismogram,Seismograph,0,0.0,0,0,0.8460217714309692,0.9055941104888916
results_wiki,MiniLM,high_similarity_wrong,semantic_relatedness_not_correctness,sample_4702,What kind of electricity can you generate with the energy found in flowing water?,hydroelectric power,Hydropower,0,0.0,0,0,0.8505026698112488,0.9157235026359558
results_wiki,MiniLM,high_similarity_wrong,synonym_or_paraphrase_labeling_artifact,sample_4706,What is typical weather for chicago in winter?,cold & snow,Cold and snowy.,0,0.4,0,0,0.9068706631660461,0.8429549932479858
results_wiki,MiniLM,high_similarity_wrong,numeric_equivalence,sample_4739,How long can a large star be on the main sequence stage?,10 million years,10 million to 10 billion years,0,0.6666666666666666,0,0,0.9067550897598267,0.9440416097640991
results_wiki,MiniLM,high_similarity_wrong,semantic_relatedness_not_correctness,sample_4766,What type of animal eats both plants and animals?,omnivores,Omnivore,0,0.0,0,0,0.9600167870521545,0.9447435140609741
results_wiki,MiniLM,high_similarity_wrong,underspecified_or_overspecified_answer,sample_4805,What is the type of plant called when its leaves seasonally turn color and fall off?,deciduous plant,Deciduous,0,0.6666666666666666,0,0,0.8972094058990479,0.8925638198852539
results_wiki,MiniLM,high_similarity_wrong,underspecified_or_overspecified_answer,sample_4810,What is found inside the pores of spongy bone?,bone marrow,Marrow,0,0.6666666666666666,0,0,0.9263607859611511,0.9170567989349365
results_wiki,MiniLM,high_similarity_wrong,numeric_equivalence,sample_4812,How many oxygen ions make up an ozone molecule?,three,3,0,0.0,0,0,0.8656187057495117,0.915686845779419
results_wiki,MiniLM,high_similarity_wrong,other_or_true_semantic_error,sample_4815,Transition metals are superior conductors of heat as well as what else?,electricity,electrical energy,0,0.0,0,0,0.8310106992721558,0.8713441491127014
results_wiki,MiniLM,high_similarity_wrong,morphology_or_inflection,sample_4830,What are the two best known baryons?,protons and neutrons,"Proton, neutron",0,0.0,0,0,0.8760635256767273,0.9204133152961731
results_wiki,MiniLM,high_similarity_wrong,underspecified_or_overspecified_answer,sample_4834,What are the two components of the autonomic nervous system?,parasympathetic and sympathetic,Sympathetic and parasympathetic nervous systems.,0,0.7499999999999999,0,0,0.9107546806335449,0.9004029631614685
results_wiki,MiniLM,high_similarity_wrong,morphology_or_inflection,sample_4887,What term refers to patterns of stars seen from earth?,constellations,Constellation,0,0.0,0,0,0.9613215327262878,0.9360073804855347
results_wiki,MiniLM,high_similarity_wrong,semantic_relatedness_not_correctness,sample_4901,What molecules with a nitrogen base are the basic components of nucleic acids?,nucleiotides,Nucleotides,0,0.0,0,0,0.9130929112434387,0.9511590600013733
results_wiki,MiniLM,high_similarity_wrong,synonym_or_paraphrase_labeling_artifact,sample_4938,What are the two classifications of natural resources?,renewable and nonrenewable,Renewable and Non-renewable,0,0.5714285714285715,0,0,0.8856490850448608,0.9126787185668945
results_wiki,MiniLM,high_similarity_wrong,underspecified_or_overspecified_answer,sample_4975,Introduction of antigens into the body through immunization can confer what benefit?,active immunity,Immunity,0,0.6666666666666666,0,0,0.8769521117210388,0.8133412003517151
results_wiki,MiniLM,high_similarity_wrong,morphology_or_inflection,sample_4977,What is the cause of most ocean waves?,winds,Wind,0,0.0,0,0,0.9316015243530273,0.9150474667549133
results_wiki,MiniLM,high_similarity_wrong,synonym_or_paraphrase_labeling_artifact,sample_4991,What can be used to convert the energy provided by the sun to usable electrical energy?,solar cells,Solar panels,0,0.5,0,0,0.8423740863800049,0.8469173312187195
results_wiki,MiniLM,low_similarity_correct,answer_containment_low_embedding_score,sample_540,Plant cells have structures that animal cells?,lack,lack cell walls,0,0.5,1,1,0.35225340723991394,0.6988438963890076
results_wiki,MiniLM,low_similarity_correct,numeric_equivalence,sample_685,How many types of galaxies are there?,three,"Three main types: elliptical, spiral, and irregular.",0,0.25,1,1,0.1901877373456955,0.7116067409515381
results_wiki,MiniLM,low_similarity_correct,answer_containment_low_embedding_score,sample_715,The oxygen regions of the water molecules have what kind of charge?,negative,Partial negative charge,0,0.5,1,1,0.37668898701667786,0.7054963111877441
results_wiki,MiniLM,low_similarity_correct,numeric_equivalence,sample_849,How many calories of energy does one gram of sugar or starch provide?,4,4 calories,0,0.6666666666666666,1,1,0.374004602432251,0.7618677020072937
results_wiki,MiniLM,low_similarity_correct,answer_containment_low_embedding_score,sample_888,What do skeletal muscles enable the body to do?,move,Enable movement.,0,0.0,1,1,0.4043874740600586,0.7631568908691406
results_wiki,MiniLM,low_similarity_correct,overly_long_answer_context_dilution,sample_913,"Under appropriate conditions, the attractions between all molecules in what state will cause them to form liquids or solids?",gas,"Under appropriate conditions, the attractions between all molecules in the gas state will cause them to form liquids or solids.",0,0.10526315789473684,1,1,0.47418147325515747,0.684531569480896
results_wiki,MiniLM,low_similarity_correct,answer_containment_low_embedding_score,sample_1067,An inclined plane is a good example of what kind of machine?,simple,simple machine,0,0.6666666666666666,1,1,0.4965205192565918,0.7881834506988525
results_wiki,MiniLM,low_similarity_correct,answer_containment_low_embedding_score,sample_1237,Are bones considered living or dead tissues?,living,Living tissues,0,0.6666666666666666,1,1,0.481525182723999,0.7090210914611816
results_wiki,MiniLM,low_similarity_correct,answer_containment_low_embedding_score,sample_1274,How much distance can beta particles travel through air?,meter,A few centimeters,0,0.0,1,1,0.40392178297042847,0.6169152855873108
results_wiki,MiniLM,low_similarity_correct,answer_containment_low_embedding_score,sample_1290,Homologous chromosomes move toward what poles?,opposite,Opposite poles,0,0.6666666666666666,1,1,0.40631353855133057,0.8109197616577148
results_wiki,MiniLM,low_similarity_correct,answer_containment_low_embedding_score,sample_1394,The logistics of carrying out cellular metabolism sets limits on what physical property of the cell?,size,Cell size,0,0.6666666666666666,1,1,0.49056634306907654,0.7156123518943787
results_wiki,MiniLM,low_similarity_correct,answer_containment_low_embedding_score,sample_1659,What is the fracture called when rocks on both sides move?,a fault,Strike-slip fault,0,0.5,1,1,0.4988851249217987,0.7019822001457214
results_wiki,MiniLM,low_similarity_correct,answer_containment_low_embedding_score,sample_1818,"Oxides of small, highly charged ions of what type tend to be acidic?",metal,Oxides of non-metals.,0,0.0,1,1,0.42684435844421387,0.6288269758224487
results_wiki,MiniLM,low_similarity_correct,answer_containment_low_embedding_score,sample_2146,"In the case of the thyroid hormone pathway, thyroid hormone itself carries out what kind of feedback?",negative,Negative feedback,0,0.6666666666666666,1,1,0.4880053400993347,0.78621506690979
results_wiki,MiniLM,low_similarity_correct,answer_containment_low_embedding_score,sample_2198,A multiaxial ball-and-socket joint has much more mobility than a what hinge joint?,uniaxial,uniaxial hinge joint,0,0.5,1,1,0.4356139302253723,0.7941995859146118
results_wiki,MiniLM,low_similarity_correct,answer_containment_low_embedding_score,sample_2255,What type of winds blow only over a limited area?,local,Local winds,0,0.6666666666666666,1,1,0.4769902229309082,0.5736182332038879
results_wiki,MiniLM,low_similarity_correct,answer_containment_low_embedding_score,sample_2643,"Condensation, melting, deposition, sublimation, vaporization, and freezing are all considered changes in what?",state,states of matter,0,0.0,1,1,0.4911094009876251,0.6946631073951721
results_wiki,MiniLM,low_similarity_correct,overly_long_answer_context_dilution,sample_2847,On what part of bones would you expect to find cartilage?,end,Ends of bone shafts (epiphyses),0,0.0,1,1,0.21262797713279724,0.6686102151870728
results_wiki,MiniLM,low_similarity_correct,answer_containment_low_embedding_score,sample_3106,What is hole that is dug or drilled through the ground down to an aquifer?,well,Wellfield,0,0.0,1,1,0.2841933071613312,0.6839850544929504
results_wiki,MiniLM,low_similarity_correct,overly_long_answer_context_dilution,sample_3148,A plane mirror has a flat reflective surface and forms only which kind of images?,virtual,"Virtual, laterally inverted images.",0,0.4,1,1,0.480133056640625,0.6823901534080505
results_wiki,MiniLM,low_similarity_correct,answer_containment_low_embedding_score,sample_3166,Researchers have also used insect courtship to explore genetic variation underlying differences in what?,behavior,mating behavior,0,0.6666666666666666,1,1,0.4836081266403198,0.8145832419395447
results_wiki,MiniLM,low_similarity_correct,answer_containment_low_embedding_score,sample_3296,Spores are generally produced through what type of reproduction?,sexual,Asexual reproduction,0,0.0,1,1,0.43128111958503723,0.6539950370788574
results_wiki,MiniLM,low_similarity_correct,answer_containment_low_embedding_score,sample_3310,Excretory organs that conserve what essential substance help terrestrial animals to avoid desiccation?,water,Kidneys conserve water.,0,0.5,1,1,0.4520890414714813,0.6847836971282959
results_wiki,MiniLM,low_similarity_correct,answer_containment_low_embedding_score,sample_3366,"Most hormones are controlled by what type of feedback, which causes the hormone to decrease its own production?",negative,Negative feedback,0,0.6666666666666666,1,1,0.4880053699016571,0.7862151861190796
results_wiki,MiniLM,low_similarity_correct,numeric_equivalence,sample_3385,How many alleles comes from each parent?,one,One allele from each parent.,0,0.33333333333333337,1,1,0.2946486473083496,0.6043398380279541
results_wiki,MiniLM,low_similarity_correct,overly_long_answer_context_dilution,sample_3567,"Within a bud, what is spaced close together because the internodes are very short?",leaves,Buds contain immature leaves and floral parts densely packed.,0,0.19999999999999998,1,1,0.4824312925338745,0.6483631134033203
results_wiki,MiniLM,low_similarity_correct,answer_containment_low_embedding_score,sample_3843,What type of digestion is chewing an example of?,mechanical,Mechanical digestion,0,0.6666666666666666,1,1,0.3961436450481415,0.7036325335502625
results_wiki,MiniLM,low_similarity_correct,answer_containment_low_embedding_score,sample_3846,What kind of bonds are there between carbon atoms in saturated fatty acids?,single,Single bonds,0,0.6666666666666666,1,1,0.38571983575820923,0.7477173805236816
results_wiki,MiniLM,low_similarity_correct,answer_containment_low_embedding_score,sample_4023,Hydroelectric power harnesses the energy of what?,water,waterfalls and moving water,0,0.4,1,1,0.43258601427078247,0.7218111753463745
results_wiki,MiniLM,low_similarity_correct,overly_long_answer_context_dilution,sample_4066,What do ants and termites eat to help them digest wood and leaves?,fungi,Ants and termites eat fungi to help digest wood and leaves.,0,0.16666666666666669,1,1,0.47812962532043457,0.7162944078445435
results_wiki,MiniLM,low_similarity_correct,overly_long_answer_context_dilution,sample_4124,How are electrons shared in covalent bonds?,equally,Electrons are shared equally between atoms.,0,0.2857142857142857,1,1,0.3237013518810272,0.6792579889297485
results_wiki,MiniLM,low_similarity_correct,answer_containment_low_embedding_score,sample_4360,What is algae easier to covert into that corn is currently used for?,fuel,biofuel,0,0.0,1,1,0.4941629469394684,0.7373672723770142
results_wiki,MiniLM,low_similarity_correct,overly_long_answer_context_dilution,sample_4614,What is the limiting factor for bacteria in a dish?,space,"Resources (food, space, oxygen)",0,0.4,1,1,0.3680990934371948,0.7413884997367859
results_wiki,MiniLM,low_similarity_correct,answer_containment_low_embedding_score,sample_4879,The enzyme pepsin works only in the presence of what?,acid,acidulent environment,0,0.0,1,1,0.4899357855319977,0.728726327419281
results_wiki,MiniLM,low_similarity_correct,overly_long_answer_context_dilution,sample_4910,What is cholera?,bacteria,Bacterial infection caused by Vibrio cholerae.,0,0.0,1,1,0.4293804168701172,0.691378653049469
