stage,method,family,label_field,score_field,reference_field,num_correct,num_incorrect,correct_mean,incorrect_mean,gap,fixed_threshold,fixed_accuracy,fixed_precision,fixed_recall,fixed_f1,roc_auc,pr_auc,best_threshold,best_accuracy,best_precision,best_recall,best_f1,high_similarity_wrong,low_similarity_correct,dataset,task_type,embedding_model,question_type,threshold_scope,calibration_status,skip_reason,num_examples,num_positive,num_negative,score_std,cv_num_folds,cv_selected_thresholds,cv_mean_selected_threshold,cv_threshold_std
baseline,Embedding cosine: sentence-transformers/all-MiniLM-L6-v2,embedding,correct_label,similarity_sentence_transformers_all_MiniLM_L6_v2,reference_answer,48,452,0.5448589172835151,0.34946908073412747,0.19538983654938763,0.75,0.876,0.28125,0.1875,0.225,0.7054756637168141,0.2982512054677674,0.37,0.602,0.1703056768558952,0.8125,0.2815884476534296,11,24,nq,long_form,sentence-transformers/all-MiniLM-L6-v2,all,dataset_global,dataset_reference,,500,48,452,0.24785822595061158,,,,
baseline,Embedding cosine: sentence-transformers/all-MiniLM-L6-v2,embedding,correct_label,similarity_sentence_transformers_all_MiniLM_L6_v2,reference_answer,1,30,0.7002317905426025,0.5620361318190893,0.13819565872351325,0.75,0.8064516129032258,0.0,0.0,0.0,0.6333333333333333,0.08333333333333333,0.67,0.6451612903225806,0.08333333333333333,1.0,0.15384615384615385,3,0,nq,long_form,sentence-transformers/all-MiniLM-L6-v2,definition,global_fixed,reporting_only,,31,1,30,0.23004152935021807,,,,
baseline,Embedding cosine: sentence-transformers/all-MiniLM-L6-v2,embedding,correct_label,similarity_sentence_transformers_all_MiniLM_L6_v2,reference_answer,1,30,0.7002317905426025,0.5620361318190893,0.13819565872351325,0.75,0.8064516129032258,0.0,0.0,0.0,0.6333333333333333,0.08333333333333333,0.67,0.6451612903225806,0.08333333333333333,1.0,0.15384615384615385,3,0,nq,long_form,sentence-transformers/all-MiniLM-L6-v2,definition,inherited_global,skipped,num_examples<50,31,1,30,0.23004152935021807,,,,
baseline,Embedding cosine: sentence-transformers/all-MiniLM-L6-v2,embedding,correct_label,similarity_sentence_transformers_all_MiniLM_L6_v2,reference_answer,3,101,0.5372781852881113,0.4758345058814871,0.06144367940662421,0.75,0.9038461538461539,0.0,0.0,0.0,0.5874587458745875,0.053635253635253635,0.69,0.8653846153846154,0.07692307692307693,0.3333333333333333,0.125,4,2,nq,long_form,sentence-transformers/all-MiniLM-L6-v2,general,global_fixed,reporting_only,,104,3,101,0.20650611231422436,,,,
baseline,Embedding cosine: sentence-transformers/all-MiniLM-L6-v2,embedding,correct_label,similarity_sentence_transformers_all_MiniLM_L6_v2,reference_answer,3,101,0.5372781852881113,0.4758345058814871,0.06144367940662421,0.75,0.9038461538461539,0.0,0.0,0.0,0.5874587458745875,0.053635253635253635,0.69,0.8653846153846154,0.07692307692307693,0.3333333333333333,0.125,4,2,nq,long_form,sentence-transformers/all-MiniLM-L6-v2,general,inherited_global,skipped,num_positive<10,104,3,101,0.20650611231422436,,,,
baseline,Embedding cosine: sentence-transformers/all-MiniLM-L6-v2,embedding,correct_label,similarity_sentence_transformers_all_MiniLM_L6_v2,reference_answer,0,2,nan,0.34680095314979553,nan,0.75,1.0,0.0,0.0,0.0,nan,nan,0.0,0.0,0.0,0.0,0.0,0,0,nq,long_form,sentence-transformers/all-MiniLM-L6-v2,list,global_fixed,reporting_only,,2,0,2,0.09800168871879578,,,,
baseline,Embedding cosine: sentence-transformers/all-MiniLM-L6-v2,embedding,correct_label,similarity_sentence_transformers_all_MiniLM_L6_v2,reference_answer,0,2,nan,0.34680095314979553,nan,0.75,1.0,0.0,0.0,0.0,nan,nan,0.0,0.0,0.0,0.0,0.0,0,0,nq,long_form,sentence-transformers/all-MiniLM-L6-v2,list,inherited_global,skipped,num_examples<50,2,0,2,0.09800168871879578,,,,
baseline,Embedding cosine: sentence-transformers/all-MiniLM-L6-v2,embedding,correct_label,similarity_sentence_transformers_all_MiniLM_L6_v2,reference_answer,2,21,0.8795716464519501,0.28944136923001634,0.5901302772219337,0.75,1.0,1.0,1.0,1.0,1.0,1.0,0.72,1.0,1.0,1.0,1.0,0,0,nq,long_form,sentence-transformers/all-MiniLM-L6-v2,number,global_fixed,reporting_only,,23,2,21,0.2669767670028987,,,,
baseline,Embedding cosine: sentence-transformers/all-MiniLM-L6-v2,embedding,correct_label,similarity_sentence_transformers_all_MiniLM_L6_v2,reference_answer,2,21,0.8795716464519501,0.28944136923001634,0.5901302772219337,0.75,1.0,1.0,1.0,1.0,1.0,1.0,0.72,1.0,1.0,1.0,1.0,0,0,nq,long_form,sentence-transformers/all-MiniLM-L6-v2,number,inherited_global,skipped,num_examples<50,23,2,21,0.2669767670028987,,,,
baseline,Embedding cosine: sentence-transformers/all-MiniLM-L6-v2,embedding,correct_label,similarity_sentence_transformers_all_MiniLM_L6_v2,reference_answer,10,90,0.4152285285294056,0.3547077545689212,0.06052077396048444,0.75,0.85,0.0,0.0,0.0,0.6166666666666666,0.13406006914558666,0.33,0.6,0.1875,0.9,0.3103448275862069,2,8,nq,long_form,sentence-transformers/all-MiniLM-L6-v2,when,global_fixed,reporting_only,,100,10,90,0.2246554222242858,,,,
baseline,Embedding cosine: sentence-transformers/all-MiniLM-L6-v2,embedding,correct_label,similarity_sentence_transformers_all_MiniLM_L6_v2,reference_answer,10,90,,,,0.35600000000000004,0.6,0.1590909090909091,0.7,0.25925925925925924,0.6166666666666666,0.13406006914558666,,,,,,,,nq,long_form,sentence-transformers/all-MiniLM-L6-v2,when,question_type_cv,applied,,100,10,90,0.2246554222242858,5,0.33;0.31;0.41;0.33;0.40,0.35600000000000004,0.040792156108742275
baseline,Embedding cosine: sentence-transformers/all-MiniLM-L6-v2,embedding,correct_label,similarity_sentence_transformers_all_MiniLM_L6_v2,reference_answer,12,68,0.5762134318550428,0.28041840237753657,0.29579502947750624,0.75,0.85,0.5,0.16666666666666666,0.25,0.8137254901960784,0.44156825441713243,0.36,0.7375,0.3548387096774194,0.9166666666666666,0.5116279069767442,1,5,nq,long_form,sentence-transformers/all-MiniLM-L6-v2,where,global_fixed,reporting_only,,80,12,68,0.25510748115522336,,,,
baseline,Embedding cosine: sentence-transformers/all-MiniLM-L6-v2,embedding,correct_label,similarity_sentence_transformers_all_MiniLM_L6_v2,reference_answer,12,68,,,,0.41,0.7375,0.3448275862068966,0.8333333333333334,0.4878048780487805,0.8137254901960784,0.44156825441713243,,,,,,,,nq,long_form,sentence-transformers/all-MiniLM-L6-v2,where,question_type_cv,applied,,80,12,68,0.25510748115522336,5,0.36;0.36;0.64;0.36;0.33,0.41,0.11558546621439912
baseline,Embedding cosine: sentence-transformers/all-MiniLM-L6-v2,embedding,correct_label,similarity_sentence_transformers_all_MiniLM_L6_v2,reference_answer,20,126,0.550758596137166,0.22061204933561385,0.3301465468015522,0.75,0.8904109589041096,0.8333333333333334,0.25,0.38461538461538464,0.8158730158730159,0.5860127723191608,0.62,0.8972602739726028,0.6923076923076923,0.45,0.5454545454545454,0,9,nq,long_form,sentence-transformers/all-MiniLM-L6-v2,who,global_fixed,reporting_only,,146,20,126,0.22601030168305955,,,,
baseline,Embedding cosine: sentence-transformers/all-MiniLM-L6-v2,embedding,correct_label,similarity_sentence_transformers_all_MiniLM_L6_v2,reference_answer,20,126,,,,0.5980000000000001,0.863013698630137,0.5,0.35,0.4117647058823529,0.8158730158730159,0.5860127723191608,,,,,,,,nq,long_form,sentence-transformers/all-MiniLM-L6-v2,who,question_type_cv,applied,,146,20,126,0.22601030168305955,5,0.66;0.62;0.63;0.62;0.46,0.5980000000000001,0.07054076835419358
baseline,Embedding cosine: sentence-transformers/all-MiniLM-L6-v2,embedding,correct_label,similarity_sentence_transformers_all_MiniLM_L6_v2,reference_answer,0,14,nan,0.5341798067092896,nan,0.75,0.7857142857142857,0.0,0.0,0.0,nan,nan,0.0,0.0,0.0,0.0,0.0,1,0,nq,long_form,sentence-transformers/all-MiniLM-L6-v2,yes_no,global_fixed,reporting_only,,14,0,14,0.22642082310733452,,,,
baseline,Embedding cosine: sentence-transformers/all-MiniLM-L6-v2,embedding,correct_label,similarity_sentence_transformers_all_MiniLM_L6_v2,reference_answer,0,14,nan,0.5341798067092896,nan,0.75,0.7857142857142857,0.0,0.0,0.0,nan,nan,0.0,0.0,0.0,0.0,0.0,1,0,nq,long_form,sentence-transformers/all-MiniLM-L6-v2,yes_no,inherited_global,skipped,num_examples<50,14,0,14,0.22642082310733452,,,,
baseline,Hybrid 0.7*embedding+0.3*overlap: sentence-transformers/all-MiniLM-L6-v2,hybrid_ablation,correct_label,hybrid_sentence_transformers_all_MiniLM_L6_v2,reference_answer,48,452,0.4994369563841749,0.2717796655336912,0.2276572908504837,0.75,0.902,0.4666666666666667,0.14583333333333334,0.2222222222222222,0.7627212389380532,0.3216462281447726,0.43,0.748,0.21739130434782608,0.625,0.3225806451612903,4,25,nq,long_form,sentence-transformers/all-MiniLM-L6-v2,all,dataset_global,dataset_reference,,500,48,452,0.217693744495455,,,,
baseline,Hybrid 0.7*embedding+0.3*overlap: sentence-transformers/all-MiniLM-L6-v2,hybrid_ablation,correct_label,hybrid_sentence_transformers_all_MiniLM_L6_v2,reference_answer,1,30,0.6101622533798218,0.4594566775547478,0.150705575825074,0.75,0.9032258064516129,0.0,0.0,0.0,0.7,0.1,0.56,0.7096774193548387,0.1,1.0,0.18181818181818182,2,0,nq,long_form,sentence-transformers/all-MiniLM-L6-v2,definition,global_fixed,reporting_only,,31,1,30,0.2204032654559844,,,,
baseline,Hybrid 0.7*embedding+0.3*overlap: sentence-transformers/all-MiniLM-L6-v2,hybrid_ablation,correct_label,hybrid_sentence_transformers_all_MiniLM_L6_v2,reference_answer,1,30,0.6101622533798218,0.4594566775547478,0.150705575825074,0.75,0.9032258064516129,0.0,0.0,0.0,0.7,0.1,0.56,0.7096774193548387,0.1,1.0,0.18181818181818182,2,0,nq,long_form,sentence-transformers/all-MiniLM-L6-v2,definition,inherited_global,skipped,num_examples<50,31,1,30,0.2204032654559844,,,,
baseline,Hybrid 0.7*embedding+0.3*overlap: sentence-transformers/all-MiniLM-L6-v2,hybrid_ablation,correct_label,hybrid_sentence_transformers_all_MiniLM_L6_v2,reference_answer,3,101,0.3760947297016779,0.37501471433531236,0.0010800153663655387,0.75,0.9615384615384616,0.0,0.0,0.0,0.4983498349834984,0.03664147482924361,0.29,0.375,0.04411764705882353,1.0,0.08450704225352113,0,3,nq,long_form,sentence-transformers/all-MiniLM-L6-v2,general,global_fixed,reporting_only,,104,3,101,0.17739809564160225,,,,
baseline,Hybrid 0.7*embedding+0.3*overlap: sentence-transformers/all-MiniLM-L6-v2,hybrid_ablation,correct_label,hybrid_sentence_transformers_all_MiniLM_L6_v2,reference_answer,3,101,0.3760947297016779,0.37501471433531236,0.0010800153663655387,0.75,0.9615384615384616,0.0,0.0,0.0,0.4983498349834984,0.03664147482924361,0.29,0.375,0.04411764705882353,1.0,0.08450704225352113,0,3,nq,long_form,sentence-transformers/all-MiniLM-L6-v2,general,inherited_global,skipped,num_positive<10,104,3,101,0.17739809564160225,,,,
baseline,Hybrid 0.7*embedding+0.3*overlap: sentence-transformers/all-MiniLM-L6-v2,hybrid_ablation,correct_label,hybrid_sentence_transformers_all_MiniLM_L6_v2,reference_answer,0,2,nan,0.29276066720485683,nan,0.75,1.0,0.0,0.0,0.0,nan,nan,0.0,0.0,0.0,0.0,0.0,0,0,nq,long_form,sentence-transformers/all-MiniLM-L6-v2,list,global_fixed,reporting_only,,2,0,2,0.11860118210315704,,,,
baseline,Hybrid 0.7*embedding+0.3*overlap: sentence-transformers/all-MiniLM-L6-v2,hybrid_ablation,correct_label,hybrid_sentence_transformers_all_MiniLM_L6_v2,reference_answer,0,2,nan,0.29276066720485683,nan,0.75,1.0,0.0,0.0,0.0,nan,nan,0.0,0.0,0.0,0.0,0.0,0,0,nq,long_form,sentence-transformers/all-MiniLM-L6-v2,list,inherited_global,skipped,num_examples<50,2,0,2,0.11860118210315704,,,,
baseline,Hybrid 0.7*embedding+0.3*overlap: sentence-transformers/all-MiniLM-L6-v2,hybrid_ablation,correct_label,hybrid_sentence_transformers_all_MiniLM_L6_v2,reference_answer,2,21,0.765700152516365,0.21890932476137775,0.5467908277549873,0.75,0.9565217391304348,1.0,0.5,0.6666666666666666,0.9761904761904762,0.8333333333333333,0.46,0.9565217391304348,0.6666666666666666,1.0,0.8,0,0,nq,long_form,sentence-transformers/all-MiniLM-L6-v2,number,global_fixed,reporting_only,,23,2,21,0.23472147121053422,,,,
baseline,Hybrid 0.7*embedding+0.3*overlap: sentence-transformers/all-MiniLM-L6-v2,hybrid_ablation,correct_label,hybrid_sentence_transformers_all_MiniLM_L6_v2,reference_answer,2,21,0.765700152516365,0.21890932476137775,0.5467908277549873,0.75,0.9565217391304348,1.0,0.5,0.6666666666666666,0.9761904761904762,0.8333333333333333,0.46,0.9565217391304348,0.6666666666666666,1.0,0.8,0,0,nq,long_form,sentence-transformers/all-MiniLM-L6-v2,number,inherited_global,skipped,num_examples<50,23,2,21,0.23472147121053422,,,,
baseline,Hybrid 0.7*embedding+0.3*overlap: sentence-transformers/all-MiniLM-L6-v2,hybrid_ablation,correct_label,hybrid_sentence_transformers_all_MiniLM_L6_v2,reference_answer,10,90,0.4458266366372506,0.2865554089582256,0.15927122767902496,0.75,0.88,0.0,0.0,0.0,0.7377777777777778,0.1938018495551523,0.37,0.69,0.23076923076923078,0.9,0.3673469387755102,0,6,nq,long_form,sentence-transformers/all-MiniLM-L6-v2,when,global_fixed,reporting_only,,100,10,90,0.19798520981587944,,,,
baseline,Hybrid 0.7*embedding+0.3*overlap: sentence-transformers/all-MiniLM-L6-v2,hybrid_ablation,correct_label,hybrid_sentence_transformers_all_MiniLM_L6_v2,reference_answer,10,90,,,,0.37,0.69,0.23076923076923078,0.9,0.3673469387755102,0.7377777777777778,0.1938018495551523,,,,,,,,nq,long_form,sentence-transformers/all-MiniLM-L6-v2,when,question_type_cv,applied,,100,10,90,0.19798520981587944,5,0.37;0.37;0.37;0.37;0.37,0.37,0.0
baseline,Hybrid 0.7*embedding+0.3*overlap: sentence-transformers/all-MiniLM-L6-v2,hybrid_ablation,correct_label,hybrid_sentence_transformers_all_MiniLM_L6_v2,reference_answer,12,68,0.5280716245207522,0.20917103292477982,0.3189005915959724,0.75,0.875,1.0,0.16666666666666666,0.2857142857142857,0.875,0.5607642517125275,0.44,0.85,0.5,0.75,0.6,0,5,nq,long_form,sentence-transformers/all-MiniLM-L6-v2,where,global_fixed,reporting_only,,80,12,68,0.2200305672948447,,,,
baseline,Hybrid 0.7*embedding+0.3*overlap: sentence-transformers/all-MiniLM-L6-v2,hybrid_ablation,correct_label,hybrid_sentence_transformers_all_MiniLM_L6_v2,reference_answer,12,68,,,,0.46399999999999997,0.8375,0.4666666666666667,0.5833333333333334,0.5185185185185185,0.875,0.5607642517125275,,,,,,,,nq,long_form,sentence-transformers/all-MiniLM-L6-v2,where,question_type_cv,applied,,80,12,68,0.2200305672948447,5,0.47;0.44;0.44;0.50;0.47,0.46399999999999997,0.022449944320643647
baseline,Hybrid 0.7*embedding+0.3*overlap: sentence-transformers/all-MiniLM-L6-v2,hybrid_ablation,correct_label,hybrid_sentence_transformers_all_MiniLM_L6_v2,reference_answer,20,126,0.4954000649150639,0.15776176786826304,0.3376382970468008,0.75,0.8835616438356164,0.8,0.2,0.32,0.8603174603174604,0.6397661358906285,0.47,0.910958904109589,0.8181818181818182,0.45,0.5806451612903226,1,11,nq,long_form,sentence-transformers/all-MiniLM-L6-v2,who,global_fixed,reporting_only,,146,20,126,0.2025811168045751,,,,
baseline,Hybrid 0.7*embedding+0.3*overlap: sentence-transformers/all-MiniLM-L6-v2,hybrid_ablation,correct_label,hybrid_sentence_transformers_all_MiniLM_L6_v2,reference_answer,20,126,,,,0.41600000000000004,0.863013698630137,0.5,0.45,0.47368421052631576,0.8603174603174604,0.6397661358906285,,,,,,,,nq,long_form,sentence-transformers/all-MiniLM-L6-v2,who,question_type_cv,applied,,146,20,126,0.2025811168045751,5,0.30;0.47;0.47;0.42;0.42,0.41600000000000004,0.06216108107168021
baseline,Hybrid 0.7*embedding+0.3*overlap: sentence-transformers/all-MiniLM-L6-v2,hybrid_ablation,correct_label,hybrid_sentence_transformers_all_MiniLM_L6_v2,reference_answer,0,14,nan,0.4364289568424519,nan,0.75,0.8571428571428571,0.0,0.0,0.0,nan,nan,0.0,0.0,0.0,0.0,0.0,1,0,nq,long_form,sentence-transformers/all-MiniLM-L6-v2,yes_no,global_fixed,reporting_only,,14,0,14,0.21611922800226385,,,,
baseline,Hybrid 0.7*embedding+0.3*overlap: sentence-transformers/all-MiniLM-L6-v2,hybrid_ablation,correct_label,hybrid_sentence_transformers_all_MiniLM_L6_v2,reference_answer,0,14,nan,0.4364289568424519,nan,0.75,0.8571428571428571,0.0,0.0,0.0,nan,nan,0.0,0.0,0.0,0.0,0.0,1,0,nq,long_form,sentence-transformers/all-MiniLM-L6-v2,yes_no,inherited_global,skipped,num_examples<50,14,0,14,0.21611922800226385,,,,
unit1,Reference validation v2: sentence-transformers/all-MiniLM-L6-v2,embedding_v2,correct_label,similarity_v2_sentence_transformers_all_MiniLM_L6_v2,reference_answer_v2,48,452,0.5456893298154076,0.3504823652430658,0.19520696457234182,0.75,0.876,0.28125,0.1875,0.225,0.7052912979351031,0.29805283414887984,0.37,0.604,0.17391304347826086,0.8333333333333334,0.28776978417266186,11,24,nq,long_form,sentence-transformers/all-MiniLM-L6-v2,all,dataset_global,dataset_reference,,500,48,452,0.24725627649174123,,,,
unit1,Reference validation v2: sentence-transformers/all-MiniLM-L6-v2,embedding_v2,correct_label,similarity_v2_sentence_transformers_all_MiniLM_L6_v2,reference_answer_v2,1,30,0.7002317905426025,0.5589413985610008,0.14129039198160176,0.75,0.8064516129032258,0.0,0.0,0.0,0.6333333333333333,0.08333333333333333,0.67,0.6451612903225806,0.08333333333333333,1.0,0.15384615384615385,3,0,nq,long_form,sentence-transformers/all-MiniLM-L6-v2,definition,global_fixed,reporting_only,,31,1,30,0.22974699732777437,,,,
unit1,Reference validation v2: sentence-transformers/all-MiniLM-L6-v2,embedding_v2,correct_label,similarity_v2_sentence_transformers_all_MiniLM_L6_v2,reference_answer_v2,1,30,0.7002317905426025,0.5589413985610008,0.14129039198160176,0.75,0.8064516129032258,0.0,0.0,0.0,0.6333333333333333,0.08333333333333333,0.67,0.6451612903225806,0.08333333333333333,1.0,0.15384615384615385,3,0,nq,long_form,sentence-transformers/all-MiniLM-L6-v2,definition,inherited_global,skipped,num_examples<50,31,1,30,0.22974699732777437,,,,
unit1,Reference validation v2: sentence-transformers/all-MiniLM-L6-v2,embedding_v2,correct_label,similarity_v2_sentence_transformers_all_MiniLM_L6_v2,reference_answer_v2,3,101,0.5208444992701212,0.47625323848817314,0.04459126078194808,0.75,0.9038461538461539,0.0,0.0,0.0,0.5610561056105611,0.044444444444444446,0.42,0.41346153846153844,0.046875,1.0,0.08955223880597014,4,2,nq,long_form,sentence-transformers/all-MiniLM-L6-v2,general,global_fixed,reporting_only,,104,3,101,0.20717445666410184,,,,
unit1,Reference validation v2: sentence-transformers/all-MiniLM-L6-v2,embedding_v2,correct_label,similarity_v2_sentence_transformers_all_MiniLM_L6_v2,reference_answer_v2,3,101,0.5208444992701212,0.47625323848817314,0.04459126078194808,0.75,0.9038461538461539,0.0,0.0,0.0,0.5610561056105611,0.044444444444444446,0.42,0.41346153846153844,0.046875,1.0,0.08955223880597014,4,2,nq,long_form,sentence-transformers/all-MiniLM-L6-v2,general,inherited_global,skipped,num_positive<10,104,3,101,0.20717445666410184,,,,
unit1,Reference validation v2: sentence-transformers/all-MiniLM-L6-v2,embedding_v2,correct_label,similarity_v2_sentence_transformers_all_MiniLM_L6_v2,reference_answer_v2,0,2,nan,0.3365676701068878,nan,0.75,1.0,0.0,0.0,0.0,nan,nan,0.0,0.0,0.0,0.0,0.0,0,0,nq,long_form,sentence-transformers/all-MiniLM-L6-v2,list,global_fixed,reporting_only,,2,0,2,0.10823497176170349,,,,
unit1,Reference validation v2: sentence-transformers/all-MiniLM-L6-v2,embedding_v2,correct_label,similarity_v2_sentence_transformers_all_MiniLM_L6_v2,reference_answer_v2,0,2,nan,0.3365676701068878,nan,0.75,1.0,0.0,0.0,0.0,nan,nan,0.0,0.0,0.0,0.0,0.0,0,0,nq,long_form,sentence-transformers/all-MiniLM-L6-v2,list,inherited_global,skipped,num_examples<50,2,0,2,0.10823497176170349,,,,
unit1,Reference validation v2: sentence-transformers/all-MiniLM-L6-v2,embedding_v2,correct_label,similarity_v2_sentence_transformers_all_MiniLM_L6_v2,reference_answer_v2,2,21,0.8795716464519501,0.2760657927331825,0.6035058537187676,0.75,1.0,1.0,1.0,1.0,1.0,1.0,0.72,1.0,1.0,1.0,1.0,0,0,nq,long_form,sentence-transformers/all-MiniLM-L6-v2,number,global_fixed,reporting_only,,23,2,21,0.2697867574797,,,,
unit1,Reference validation v2: sentence-transformers/all-MiniLM-L6-v2,embedding_v2,correct_label,similarity_v2_sentence_transformers_all_MiniLM_L6_v2,reference_answer_v2,2,21,0.8795716464519501,0.2760657927331825,0.6035058537187676,0.75,1.0,1.0,1.0,1.0,1.0,1.0,0.72,1.0,1.0,1.0,1.0,0,0,nq,long_form,sentence-transformers/all-MiniLM-L6-v2,number,inherited_global,skipped,num_examples<50,23,2,21,0.2697867574797,,,,
unit1,Reference validation v2: sentence-transformers/all-MiniLM-L6-v2,embedding_v2,correct_label,similarity_v2_sentence_transformers_all_MiniLM_L6_v2,reference_answer_v2,10,90,0.4152285285294056,0.34655350339598956,0.06867502513341606,0.75,0.84,0.0,0.0,0.0,0.6344444444444445,0.14058593690350382,0.41,0.7,0.20588235294117646,0.7,0.3181818181818182,2,8,nq,long_form,sentence-transformers/all-MiniLM-L6-v2,when,global_fixed,reporting_only,,100,10,90,0.2280439179809067,,,,
unit1,Reference validation v2: sentence-transformers/all-MiniLM-L6-v2,embedding_v2,correct_label,similarity_v2_sentence_transformers_all_MiniLM_L6_v2,reference_answer_v2,10,90,,,,0.35600000000000004,0.62,0.16666666666666666,0.7,0.2692307692307692,0.6344444444444445,0.14058593690350382,,,,,,,,nq,long_form,sentence-transformers/all-MiniLM-L6-v2,when,question_type_cv,applied,,100,10,90,0.2280439179809067,5,0.33;0.31;0.41;0.33;0.40,0.35600000000000004,0.040792156108742275
unit1,Reference validation v2: sentence-transformers/all-MiniLM-L6-v2,embedding_v2,correct_label,similarity_v2_sentence_transformers_all_MiniLM_L6_v2,reference_answer_v2,12,68,0.5762134318550428,0.2902270502621404,0.2859863815929024,0.75,0.85,0.5,0.16666666666666666,0.25,0.8051470588235293,0.4360715919942607,0.36,0.725,0.34375,0.9166666666666666,0.5,1,5,nq,long_form,sentence-transformers/all-MiniLM-L6-v2,where,global_fixed,reporting_only,,80,12,68,0.25173413430168934,,,,
unit1,Reference validation v2: sentence-transformers/all-MiniLM-L6-v2,embedding_v2,correct_label,similarity_v2_sentence_transformers_all_MiniLM_L6_v2,reference_answer_v2,12,68,,,,0.4699999999999999,0.75,0.34615384615384615,0.75,0.47368421052631576,0.8051470588235293,0.4360715919942607,,,,,,,,nq,long_form,sentence-transformers/all-MiniLM-L6-v2,where,question_type_cv,applied,,80,12,68,0.25173413430168934,5,0.36;0.36;0.64;0.36;0.63,0.4699999999999999,0.13475904422338414
unit1,Reference validation v2: sentence-transformers/all-MiniLM-L6-v2,embedding_v2,correct_label,similarity_v2_sentence_transformers_all_MiniLM_L6_v2,reference_answer_v2,20,126,0.5552166391164064,0.22820174309336358,0.3270148960230428,0.75,0.8904109589041096,0.8333333333333334,0.25,0.38461538461538464,0.8071428571428572,0.5938123584082382,0.62,0.8972602739726028,0.6923076923076923,0.45,0.5454545454545454,0,9,nq,long_form,sentence-transformers/all-MiniLM-L6-v2,who,global_fixed,reporting_only,,146,20,126,0.22734256800812683,,,,
unit1,Reference validation v2: sentence-transformers/all-MiniLM-L6-v2,embedding_v2,correct_label,similarity_v2_sentence_transformers_all_MiniLM_L6_v2,reference_answer_v2,20,126,,,,0.5740000000000001,0.8561643835616438,0.4666666666666667,0.35,0.4,0.8071428571428572,0.5938123584082382,,,,,,,,nq,long_form,sentence-transformers/all-MiniLM-L6-v2,who,question_type_cv,applied,,146,20,126,0.22734256800812683,5,0.66;0.62;0.63;0.48;0.48,0.5740000000000001,0.07787168933572716
unit1,Reference validation v2: sentence-transformers/all-MiniLM-L6-v2,embedding_v2,correct_label,similarity_v2_sentence_transformers_all_MiniLM_L6_v2,reference_answer_v2,0,14,nan,0.5285013360636575,nan,0.75,0.8571428571428571,0.0,0.0,0.0,nan,nan,0.0,0.0,0.0,0.0,0.0,1,0,nq,long_form,sentence-transformers/all-MiniLM-L6-v2,yes_no,global_fixed,reporting_only,,14,0,14,0.22162376115075633,,,,
unit1,Reference validation v2: sentence-transformers/all-MiniLM-L6-v2,embedding_v2,correct_label,similarity_v2_sentence_transformers_all_MiniLM_L6_v2,reference_answer_v2,0,14,nan,0.5285013360636575,nan,0.75,0.8571428571428571,0.0,0.0,0.0,nan,nan,0.0,0.0,0.0,0.0,0.0,1,0,nq,long_form,sentence-transformers/all-MiniLM-L6-v2,yes_no,inherited_global,skipped,num_examples<50,14,0,14,0.22162376115075633,,,,
unit2,Reference validation + 0.5 span blend: sentence-transformers/all-MiniLM-L6-v2,prediction_span_ablation,correct_label,prediction_span_blend_similarity_sentence_transformers_all_MiniLM_L6_v2,reference_answer_v2,48,452,0.631466347258538,0.36657490126848624,0.26489144599005177,0.75,0.896,0.4444444444444444,0.3333333333333333,0.38095238095238093,0.7925424041297935,0.4095321488507673,0.69,0.874,0.38095238095238093,0.5,0.43243243243243246,10,16,nq,long_form,sentence-transformers/all-MiniLM-L6-v2,all,dataset_global,dataset_reference,,500,48,452,0.23508238803004156,,,,
unit2,Reference validation + 0.5 span blend: sentence-transformers/all-MiniLM-L6-v2,prediction_span_ablation,correct_label,prediction_span_blend_similarity_sentence_transformers_all_MiniLM_L6_v2,reference_answer_v2,1,30,0.7054437696933746,0.5050783399492502,0.2003654297441244,0.75,0.9032258064516129,0.0,0.0,0.0,0.8333333333333334,0.16666666666666666,0.7,0.8387096774193549,0.16666666666666666,1.0,0.2857142857142857,1,0,nq,long_form,sentence-transformers/all-MiniLM-L6-v2,definition,global_fixed,reporting_only,,31,1,30,0.21277541506868927,,,,
unit2,Reference validation + 0.5 span blend: sentence-transformers/all-MiniLM-L6-v2,prediction_span_ablation,correct_label,prediction_span_blend_similarity_sentence_transformers_all_MiniLM_L6_v2,reference_answer_v2,1,30,0.7054437696933746,0.5050783399492502,0.2003654297441244,0.75,0.9032258064516129,0.0,0.0,0.0,0.8333333333333334,0.16666666666666666,0.7,0.8387096774193549,0.16666666666666666,1.0,0.2857142857142857,1,0,nq,long_form,sentence-transformers/all-MiniLM-L6-v2,definition,inherited_global,skipped,num_examples<50,31,1,30,0.21277541506868927,,,,
unit2,Reference validation + 0.5 span blend: sentence-transformers/all-MiniLM-L6-v2,prediction_span_ablation,correct_label,prediction_span_blend_similarity_sentence_transformers_all_MiniLM_L6_v2,reference_answer_v2,3,101,0.5288011133670807,0.47656708189498376,0.05223403147209693,0.75,0.8942307692307693,0.0,0.0,0.0,0.5676567656765676,0.04487028301886792,0.41,0.41346153846153844,0.046875,1.0,0.08955223880597014,6,2,nq,long_form,sentence-transformers/all-MiniLM-L6-v2,general,global_fixed,reporting_only,,104,3,101,0.21122033369489301,,,,
unit2,Reference validation + 0.5 span blend: sentence-transformers/all-MiniLM-L6-v2,prediction_span_ablation,correct_label,prediction_span_blend_similarity_sentence_transformers_all_MiniLM_L6_v2,reference_answer_v2,3,101,0.5288011133670807,0.47656708189498376,0.05223403147209693,0.75,0.8942307692307693,0.0,0.0,0.0,0.5676567656765676,0.04487028301886792,0.41,0.41346153846153844,0.046875,1.0,0.08955223880597014,6,2,nq,long_form,sentence-transformers/all-MiniLM-L6-v2,general,inherited_global,skipped,num_positive<10,104,3,101,0.21122033369489301,,,,
unit2,Reference validation + 0.5 span blend: sentence-transformers/all-MiniLM-L6-v2,prediction_span_ablation,correct_label,prediction_span_blend_similarity_sentence_transformers_all_MiniLM_L6_v2,reference_answer_v2,0,2,nan,0.3327771946787834,nan,0.75,1.0,0.0,0.0,0.0,nan,nan,0.0,0.0,0.0,0.0,0.0,0,0,nq,long_form,sentence-transformers/all-MiniLM-L6-v2,list,global_fixed,reporting_only,,2,0,2,0.11622645705938339,,,,
unit2,Reference validation + 0.5 span blend: sentence-transformers/all-MiniLM-L6-v2,prediction_span_ablation,correct_label,prediction_span_blend_similarity_sentence_transformers_all_MiniLM_L6_v2,reference_answer_v2,0,2,nan,0.3327771946787834,nan,0.75,1.0,0.0,0.0,0.0,nan,nan,0.0,0.0,0.0,0.0,0.0,0,0,nq,long_form,sentence-transformers/all-MiniLM-L6-v2,list,inherited_global,skipped,num_examples<50,2,0,2,0.11622645705938339,,,,
unit2,Reference validation + 0.5 span blend: sentence-transformers/all-MiniLM-L6-v2,prediction_span_ablation,correct_label,prediction_span_blend_similarity_sentence_transformers_all_MiniLM_L6_v2,reference_answer_v2,2,21,0.8114811927080154,0.274538732344462,0.5369424603635534,0.75,0.9565217391304348,0.6666666666666666,1.0,0.8,1.0,1.0,0.76,1.0,1.0,1.0,1.0,0,0,nq,long_form,sentence-transformers/all-MiniLM-L6-v2,number,global_fixed,reporting_only,,23,2,21,0.2286973548210819,,,,
unit2,Reference validation + 0.5 span blend: sentence-transformers/all-MiniLM-L6-v2,prediction_span_ablation,correct_label,prediction_span_blend_similarity_sentence_transformers_all_MiniLM_L6_v2,reference_answer_v2,2,21,0.8114811927080154,0.274538732344462,0.5369424603635534,0.75,0.9565217391304348,0.6666666666666666,1.0,0.8,1.0,1.0,0.76,1.0,1.0,1.0,1.0,0,0,nq,long_form,sentence-transformers/all-MiniLM-L6-v2,number,inherited_global,skipped,num_examples<50,23,2,21,0.2286973548210819,,,,
unit2,Reference validation + 0.5 span blend: sentence-transformers/all-MiniLM-L6-v2,prediction_span_ablation,correct_label,prediction_span_blend_similarity_sentence_transformers_all_MiniLM_L6_v2,reference_answer_v2,10,90,0.6645996693521738,0.4069264488695707,0.25767322048260316,0.75,0.87,0.2857142857142857,0.2,0.23529411764705882,0.8322222222222223,0.3136539727375195,0.63,0.84,0.36363636363636365,0.8,0.5,2,1,nq,long_form,sentence-transformers/all-MiniLM-L6-v2,when,global_fixed,reporting_only,,100,10,90,0.22809018661719763,,,,
unit2,Reference validation + 0.5 span blend: sentence-transformers/all-MiniLM-L6-v2,prediction_span_ablation,correct_label,prediction_span_blend_similarity_sentence_transformers_all_MiniLM_L6_v2,reference_answer_v2,10,90,,,,0.6439999999999999,0.82,0.3,0.6,0.4,0.8322222222222223,0.3136539727375195,,,,,,,,nq,long_form,sentence-transformers/all-MiniLM-L6-v2,when,question_type_cv,applied,,100,10,90,0.22809018661719763,5,0.62;0.63;0.69;0.65;0.63,0.6439999999999999,0.024979991993593572
unit2,Reference validation + 0.5 span blend: sentence-transformers/all-MiniLM-L6-v2,prediction_span_ablation,correct_label,prediction_span_blend_similarity_sentence_transformers_all_MiniLM_L6_v2,reference_answer_v2,12,68,0.6218066001310945,0.2784278842587168,0.34337871587237767,0.75,0.9,1.0,0.3333333333333333,0.5,0.8786764705882353,0.6547208676806378,0.66,0.9,0.75,0.5,0.6,0,5,nq,long_form,sentence-transformers/all-MiniLM-L6-v2,where,global_fixed,reporting_only,,80,12,68,0.23090524618221223,,,,
unit2,Reference validation + 0.5 span blend: sentence-transformers/all-MiniLM-L6-v2,prediction_span_ablation,correct_label,prediction_span_blend_similarity_sentence_transformers_all_MiniLM_L6_v2,reference_answer_v2,12,68,,,,0.6040000000000001,0.8375,0.46153846153846156,0.5,0.48,0.8786764705882353,0.6547208676806378,,,,,,,,nq,long_form,sentence-transformers/all-MiniLM-L6-v2,where,question_type_cv,applied,,80,12,68,0.23090524618221223,5,0.39;0.66;0.65;0.66;0.66,0.6040000000000001,0.10707007051459339
unit2,Reference validation + 0.5 span blend: sentence-transformers/all-MiniLM-L6-v2,prediction_span_ablation,correct_label,prediction_span_blend_similarity_sentence_transformers_all_MiniLM_L6_v2,reference_answer_v2,20,126,0.6143949639052153,0.26216787073044256,0.35222709317477274,0.75,0.9041095890410958,0.8,0.4,0.5333333333333333,0.8432539682539683,0.6598121840482949,0.63,0.8904109589041096,0.6111111111111112,0.55,0.5789473684210527,0,8,nq,long_form,sentence-transformers/all-MiniLM-L6-v2,who,global_fixed,reporting_only,,146,20,126,0.22134485716297084,,,,
unit2,Reference validation + 0.5 span blend: sentence-transformers/all-MiniLM-L6-v2,prediction_span_ablation,correct_label,prediction_span_blend_similarity_sentence_transformers_all_MiniLM_L6_v2,reference_answer_v2,20,126,,,,0.554,0.8561643835616438,0.4782608695652174,0.55,0.5116279069767442,0.8432539682539683,0.6598121840482949,,,,,,,,nq,long_form,sentence-transformers/all-MiniLM-L6-v2,who,question_type_cv,applied,,146,20,126,0.22134485716297084,5,0.63;0.43;0.63;0.47;0.61,0.554,0.08616263691415207
unit2,Reference validation + 0.5 span blend: sentence-transformers/all-MiniLM-L6-v2,prediction_span_ablation,correct_label,prediction_span_blend_similarity_sentence_transformers_all_MiniLM_L6_v2,reference_answer_v2,0,14,nan,0.5275524210716996,nan,0.75,0.8571428571428571,0.0,0.0,0.0,nan,nan,0.0,0.0,0.0,0.0,0.0,1,0,nq,long_form,sentence-transformers/all-MiniLM-L6-v2,yes_no,global_fixed,reporting_only,,14,0,14,0.22347400322775116,,,,
unit2,Reference validation + 0.5 span blend: sentence-transformers/all-MiniLM-L6-v2,prediction_span_ablation,correct_label,prediction_span_blend_similarity_sentence_transformers_all_MiniLM_L6_v2,reference_answer_v2,0,14,nan,0.5275524210716996,nan,0.75,0.8571428571428571,0.0,0.0,0.0,nan,nan,0.0,0.0,0.0,0.0,0.0,1,0,nq,long_form,sentence-transformers/all-MiniLM-L6-v2,yes_no,inherited_global,skipped,num_examples<50,14,0,14,0.22347400322775116,,,,
unit3,Span max similarity: sentence-transformers/all-MiniLM-L6-v2,span_similarity_ablation,correct_label,span_max_similarity_sentence_transformers_all_MiniLM_L6_v2,reference_answer_v2,48,452,0.89970180640618,0.4865023337449596,0.4131994726612204,0.75,0.878,0.43010752688172044,0.8333333333333334,0.5673758865248227,0.9132789454277287,0.7664058710285336,0.92,0.962,0.8222222222222222,0.7708333333333334,0.7956989247311828,37,4,nq,long_form,sentence-transformers/all-MiniLM-L6-v2,all,dataset_global,dataset_reference,,500,48,452,0.24645265466386848,,,,
unit3,Span max similarity: sentence-transformers/all-MiniLM-L6-v2,span_similarity_ablation,correct_label,span_max_similarity_sentence_transformers_all_MiniLM_L6_v2,reference_answer_v2,1,30,0.7351868152618408,0.534484947224458,0.20070186803738277,0.75,0.8709677419354839,0.0,0.0,0.0,0.9,0.25,0.72,0.8709677419354839,0.2,1.0,0.3333333333333333,3,0,nq,long_form,sentence-transformers/all-MiniLM-L6-v2,definition,global_fixed,reporting_only,,31,1,30,0.2144291213204307,,,,
unit3,Span max similarity: sentence-transformers/all-MiniLM-L6-v2,span_similarity_ablation,correct_label,span_max_similarity_sentence_transformers_all_MiniLM_L6_v2,reference_answer_v2,1,30,0.7351868152618408,0.534484947224458,0.20070186803738277,0.75,0.8709677419354839,0.0,0.0,0.0,0.9,0.25,0.72,0.8709677419354839,0.2,1.0,0.3333333333333333,3,0,nq,long_form,sentence-transformers/all-MiniLM-L6-v2,definition,inherited_global,skipped,num_examples<50,31,1,30,0.2144291213204307,,,,
unit3,Span max similarity: sentence-transformers/all-MiniLM-L6-v2,span_similarity_ablation,correct_label,span_max_similarity_sentence_transformers_all_MiniLM_L6_v2,reference_answer_v2,3,101,0.551722526550293,0.46938788016686345,0.08233464638342952,0.75,0.9519230769230769,0.0,0.0,0.0,0.6534653465346534,0.060136101103677016,0.56,0.7307692307692307,0.06896551724137931,0.6666666666666666,0.125,2,1,nq,long_form,sentence-transformers/all-MiniLM-L6-v2,general,global_fixed,reporting_only,,104,3,101,0.17481644120092985,,,,
unit3,Span max similarity: sentence-transformers/all-MiniLM-L6-v2,span_similarity_ablation,correct_label,span_max_similarity_sentence_transformers_all_MiniLM_L6_v2,reference_answer_v2,3,101,0.551722526550293,0.46938788016686345,0.08233464638342952,0.75,0.9519230769230769,0.0,0.0,0.0,0.6534653465346534,0.060136101103677016,0.56,0.7307692307692307,0.06896551724137931,0.6666666666666666,0.125,2,1,nq,long_form,sentence-transformers/all-MiniLM-L6-v2,general,inherited_global,skipped,num_positive<10,104,3,101,0.17481644120092985,,,,
unit3,Span max similarity: sentence-transformers/all-MiniLM-L6-v2,span_similarity_ablation,correct_label,span_max_similarity_sentence_transformers_all_MiniLM_L6_v2,reference_answer_v2,0,2,nan,0.3524686247110367,nan,0.75,1.0,0.0,0.0,0.0,nan,nan,0.0,0.0,0.0,0.0,0.0,0,0,nq,long_form,sentence-transformers/all-MiniLM-L6-v2,list,global_fixed,reporting_only,,2,0,2,0.10760949552059174,,,,
unit3,Span max similarity: sentence-transformers/all-MiniLM-L6-v2,span_similarity_ablation,correct_label,span_max_similarity_sentence_transformers_all_MiniLM_L6_v2,reference_answer_v2,0,2,nan,0.3524686247110367,nan,0.75,1.0,0.0,0.0,0.0,nan,nan,0.0,0.0,0.0,0.0,0.0,0,0,nq,long_form,sentence-transformers/all-MiniLM-L6-v2,list,inherited_global,skipped,num_examples<50,2,0,2,0.10760949552059174,,,,
unit3,Span max similarity: sentence-transformers/all-MiniLM-L6-v2,span_similarity_ablation,correct_label,span_max_similarity_sentence_transformers_all_MiniLM_L6_v2,reference_answer_v2,2,21,0.8946135342121124,0.44064366977129665,0.4539698644408158,0.75,0.9565217391304348,0.6666666666666666,1.0,0.8,0.9761904761904762,0.8333333333333333,0.74,0.9565217391304348,0.6666666666666666,1.0,0.8,1,0,nq,long_form,sentence-transformers/all-MiniLM-L6-v2,number,global_fixed,reporting_only,,23,2,21,0.25532948983349507,,,,
unit3,Span max similarity: sentence-transformers/all-MiniLM-L6-v2,span_similarity_ablation,correct_label,span_max_similarity_sentence_transformers_all_MiniLM_L6_v2,reference_answer_v2,2,21,0.8946135342121124,0.44064366977129665,0.4539698644408158,0.75,0.9565217391304348,0.6666666666666666,1.0,0.8,0.9761904761904762,0.8333333333333333,0.74,0.9565217391304348,0.6666666666666666,1.0,0.8,1,0,nq,long_form,sentence-transformers/all-MiniLM-L6-v2,number,inherited_global,skipped,num_examples<50,23,2,21,0.25532948983349507,,,,
unit3,Span max similarity: sentence-transformers/all-MiniLM-L6-v2,span_similarity_ablation,correct_label,span_max_similarity_sentence_transformers_all_MiniLM_L6_v2,reference_answer_v2,10,90,1.0000000238418578,0.6042444515145488,0.39575557232730907,0.75,0.75,0.2857142857142857,1.0,0.4444444444444444,0.9955555555555556,0.9272727272727272,0.99,0.99,0.9090909090909091,1.0,0.9523809523809523,16,0,nq,long_form,sentence-transformers/all-MiniLM-L6-v2,when,global_fixed,reporting_only,,100,10,90,0.22705795524250794,,,,
unit3,Span max similarity: sentence-transformers/all-MiniLM-L6-v2,span_similarity_ablation,correct_label,span_max_similarity_sentence_transformers_all_MiniLM_L6_v2,reference_answer_v2,10,90,,,,0.968,0.96,0.7142857142857143,1.0,0.8333333333333334,0.9955555555555556,0.9272727272727272,,,,,,,,nq,long_form,sentence-transformers/all-MiniLM-L6-v2,when,question_type_cv,applied,,100,10,90,0.22705795524250794,5,0.99;0.99;0.99;0.99;0.88,0.968,0.044
unit3,Span max similarity: sentence-transformers/all-MiniLM-L6-v2,span_similarity_ablation,correct_label,span_max_similarity_sentence_transformers_all_MiniLM_L6_v2,reference_answer_v2,12,68,0.9514704595009486,0.4658739129689125,0.48559654653203604,0.75,0.8875,0.5789473684210527,0.9166666666666666,0.7096774193548387,0.9675245098039216,0.8040057437116258,0.89,0.9375,0.7692307692307693,0.8333333333333334,0.8,7,0,nq,long_form,sentence-transformers/all-MiniLM-L6-v2,where,global_fixed,reporting_only,,80,12,68,0.28398554622803274,,,,
unit3,Span max similarity: sentence-transformers/all-MiniLM-L6-v2,span_similarity_ablation,correct_label,span_max_similarity_sentence_transformers_all_MiniLM_L6_v2,reference_answer_v2,12,68,,,,0.9039999999999999,0.9125,0.7272727272727273,0.6666666666666666,0.6956521739130435,0.9675245098039216,0.8040057437116258,,,,,,,,nq,long_form,sentence-transformers/all-MiniLM-L6-v2,where,question_type_cv,applied,,80,12,68,0.28398554622803274,5,0.89;0.89;0.89;0.96;0.89,0.9039999999999999,0.02799999999999998
unit3,Span max similarity: sentence-transformers/all-MiniLM-L6-v2,span_similarity_ablation,correct_label,span_max_similarity_sentence_transformers_all_MiniLM_L6_v2,reference_answer_v2,20,126,0.8794229745864868,0.41973238178927985,0.4596905927972069,0.75,0.8972602739726028,0.5862068965517241,0.85,0.6938775510204082,0.8958333333333334,0.8159718680891532,0.91,0.952054794520548,0.8421052631578947,0.8,0.8205128205128205,8,3,nq,long_form,sentence-transformers/all-MiniLM-L6-v2,who,global_fixed,reporting_only,,146,20,126,0.259641201046027,,,,
unit3,Span max similarity: sentence-transformers/all-MiniLM-L6-v2,span_similarity_ablation,correct_label,span_max_similarity_sentence_transformers_all_MiniLM_L6_v2,reference_answer_v2,20,126,,,,0.9279999999999999,0.9315068493150684,0.7777777777777778,0.7,0.7368421052631579,0.8958333333333334,0.8159718680891532,,,,,,,,nq,long_form,sentence-transformers/all-MiniLM-L6-v2,who,question_type_cv,applied,,146,20,126,0.259641201046027,5,0.91;0.99;0.94;0.91;0.89,0.9279999999999999,0.034871191548325374
unit3,Span max similarity: sentence-transformers/all-MiniLM-L6-v2,span_similarity_ablation,correct_label,span_max_similarity_sentence_transformers_all_MiniLM_L6_v2,reference_answer_v2,0,14,nan,0.5392978143479142,nan,0.75,0.8571428571428571,0.0,0.0,0.0,nan,nan,0.0,0.0,0.0,0.0,0.0,0,0,nq,long_form,sentence-transformers/all-MiniLM-L6-v2,yes_no,global_fixed,reporting_only,,14,0,14,0.22275488185226722,,,,
unit3,Span max similarity: sentence-transformers/all-MiniLM-L6-v2,span_similarity_ablation,correct_label,span_max_similarity_sentence_transformers_all_MiniLM_L6_v2,reference_answer_v2,0,14,nan,0.5392978143479142,nan,0.75,0.8571428571428571,0.0,0.0,0.0,nan,nan,0.0,0.0,0.0,0.0,0.0,0,0,nq,long_form,sentence-transformers/all-MiniLM-L6-v2,yes_no,inherited_global,skipped,num_examples<50,14,0,14,0.22275488185226722,,,,
unit3,Conservative multi-view score: sentence-transformers/all-MiniLM-L6-v2,span_similarity_ablation,correct_label,multi_view_score_sentence_transformers_all_MiniLM_L6_v2,reference_answer_v2,48,452,0.6582898931733022,0.3785676445161337,0.27972224865716855,0.75,0.898,0.46153846153846156,0.375,0.41379310344827586,0.8141132005899706,0.4474400378824735,0.7,0.882,0.4098360655737705,0.5208333333333334,0.45871559633027525,8,13,nq,long_form,sentence-transformers/all-MiniLM-L6-v2,all,dataset_global,dataset_reference,,500,48,452,0.23073701203898014,,,,
unit3,Conservative multi-view score: sentence-transformers/all-MiniLM-L6-v2,span_similarity_ablation,correct_label,multi_view_score_sentence_transformers_all_MiniLM_L6_v2,reference_answer_v2,1,30,0.7084180742502213,0.508019000676771,0.20039907357345033,0.75,0.8709677419354839,0.0,0.0,0.0,0.8333333333333334,0.16666666666666666,0.7,0.8387096774193549,0.16666666666666666,1.0,0.2857142857142857,1,0,nq,long_form,sentence-transformers/all-MiniLM-L6-v2,definition,global_fixed,reporting_only,,31,1,30,0.21006442249017784,,,,
unit3,Conservative multi-view score: sentence-transformers/all-MiniLM-L6-v2,span_similarity_ablation,correct_label,multi_view_score_sentence_transformers_all_MiniLM_L6_v2,reference_answer_v2,1,30,0.7084180742502213,0.508019000676771,0.20039907357345033,0.75,0.8709677419354839,0.0,0.0,0.0,0.8333333333333334,0.16666666666666666,0.7,0.8387096774193549,0.16666666666666666,1.0,0.2857142857142857,1,0,nq,long_form,sentence-transformers/all-MiniLM-L6-v2,definition,inherited_global,skipped,num_examples<50,31,1,30,0.21006442249017784,,,,
unit3,Conservative multi-view score: sentence-transformers/all-MiniLM-L6-v2,span_similarity_ablation,correct_label,multi_view_score_sentence_transformers_all_MiniLM_L6_v2,reference_answer_v2,3,101,0.5310932546854019,0.4758491617221718,0.05524409296323013,0.75,0.8942307692307693,0.0,0.0,0.0,0.5841584158415841,0.04831549174752068,0.42,0.41346153846153844,0.046875,1.0,0.08955223880597014,4,1,nq,long_form,sentence-transformers/all-MiniLM-L6-v2,general,global_fixed,reporting_only,,104,3,101,0.20567729841040613,,,,
unit3,Conservative multi-view score: sentence-transformers/all-MiniLM-L6-v2,span_similarity_ablation,correct_label,multi_view_score_sentence_transformers_all_MiniLM_L6_v2,reference_answer_v2,3,101,0.5310932546854019,0.4758491617221718,0.05524409296323013,0.75,0.8942307692307693,0.0,0.0,0.0,0.5841584158415841,0.04831549174752068,0.42,0.41346153846153844,0.046875,1.0,0.08955223880597014,4,1,nq,long_form,sentence-transformers/all-MiniLM-L6-v2,general,inherited_global,skipped,num_positive<10,104,3,101,0.20567729841040613,,,,
unit3,Conservative multi-view score: sentence-transformers/all-MiniLM-L6-v2,span_similarity_ablation,correct_label,multi_view_score_sentence_transformers_all_MiniLM_L6_v2,reference_answer_v2,0,2,nan,0.33474633768200873,nan,0.75,1.0,0.0,0.0,0.0,nan,nan,0.0,0.0,0.0,0.0,0.0,0,0,nq,long_form,sentence-transformers/all-MiniLM-L6-v2,list,global_fixed,reporting_only,,2,0,2,0.11536476090550422,,,,
unit3,Conservative multi-view score: sentence-transformers/all-MiniLM-L6-v2,span_similarity_ablation,correct_label,multi_view_score_sentence_transformers_all_MiniLM_L6_v2,reference_answer_v2,0,2,nan,0.33474633768200873,nan,0.75,1.0,0.0,0.0,0.0,nan,nan,0.0,0.0,0.0,0.0,0.0,0,0,nq,long_form,sentence-transformers/all-MiniLM-L6-v2,list,inherited_global,skipped,num_examples<50,2,0,2,0.11536476090550422,,,,
unit3,Conservative multi-view score: sentence-transformers/all-MiniLM-L6-v2,span_similarity_ablation,correct_label,multi_view_score_sentence_transformers_all_MiniLM_L6_v2,reference_answer_v2,2,21,0.8197944268584252,0.29114922608714555,0.5286452007712796,0.75,0.9565217391304348,0.6666666666666666,1.0,0.8,1.0,1.0,0.77,1.0,1.0,1.0,1.0,0,0,nq,long_form,sentence-transformers/all-MiniLM-L6-v2,number,global_fixed,reporting_only,,23,2,21,0.2259869167510186,,,,
unit3,Conservative multi-view score: sentence-transformers/all-MiniLM-L6-v2,span_similarity_ablation,correct_label,multi_view_score_sentence_transformers_all_MiniLM_L6_v2,reference_answer_v2,2,21,0.8197944268584252,0.29114922608714555,0.5286452007712796,0.75,0.9565217391304348,0.6666666666666666,1.0,0.8,1.0,1.0,0.77,1.0,1.0,1.0,1.0,0,0,nq,long_form,sentence-transformers/all-MiniLM-L6-v2,number,inherited_global,skipped,num_examples<50,23,2,21,0.2259869167510186,,,,
unit3,Conservative multi-view score: sentence-transformers/all-MiniLM-L6-v2,span_similarity_ablation,correct_label,multi_view_score_sentence_transformers_all_MiniLM_L6_v2,reference_answer_v2,10,90,0.6981397048011422,0.4266582491340684,0.27148145566707377,0.75,0.89,0.4444444444444444,0.4,0.42105263157894735,0.8644444444444445,0.3864394301127816,0.67,0.86,0.4,0.8,0.5333333333333333,2,1,nq,long_form,sentence-transformers/all-MiniLM-L6-v2,when,global_fixed,reporting_only,,100,10,90,0.22218433467128582,,,,
unit3,Conservative multi-view score: sentence-transformers/all-MiniLM-L6-v2,span_similarity_ablation,correct_label,multi_view_score_sentence_transformers_all_MiniLM_L6_v2,reference_answer_v2,10,90,,,,0.6900000000000001,0.84,0.3333333333333333,0.6,0.42857142857142855,0.8644444444444445,0.3864394301127816,,,,,,,,nq,long_form,sentence-transformers/all-MiniLM-L6-v2,when,question_type_cv,applied,,100,10,90,0.22218433467128582,5,0.67;0.67;0.74;0.70;0.67,0.6900000000000001,0.02756809750418042
unit3,Conservative multi-view score: sentence-transformers/all-MiniLM-L6-v2,span_similarity_ablation,correct_label,multi_view_score_sentence_transformers_all_MiniLM_L6_v2,reference_answer_v2,12,68,0.6547729860680799,0.2971724871297364,0.3576004989383435,0.75,0.9,1.0,0.3333333333333333,0.5,0.8884803921568628,0.6640140187241637,0.68,0.9,0.75,0.5,0.6,0,4,nq,long_form,sentence-transformers/all-MiniLM-L6-v2,where,global_fixed,reporting_only,,80,12,68,0.23214014809951103,,,,
unit3,Conservative multi-view score: sentence-transformers/all-MiniLM-L6-v2,span_similarity_ablation,correct_label,multi_view_score_sentence_transformers_all_MiniLM_L6_v2,reference_answer_v2,12,68,,,,0.6240000000000001,0.8375,0.46153846153846156,0.5,0.48,0.8884803921568628,0.6640140187241637,,,,,,,,nq,long_form,sentence-transformers/all-MiniLM-L6-v2,where,question_type_cv,applied,,80,12,68,0.23214014809951103,5,0.36;0.68;0.66;0.74;0.68,0.6240000000000001,0.1346996659238619
unit3,Conservative multi-view score: sentence-transformers/all-MiniLM-L6-v2,span_similarity_ablation,correct_label,multi_view_score_sentence_transformers_all_MiniLM_L6_v2,reference_answer_v2,20,126,0.6408977649733425,0.27792432183632637,0.3629734431370161,0.75,0.9041095890410958,0.8,0.4,0.5333333333333333,0.8563492063492064,0.686168869042694,0.44,0.8698630136986302,0.5172413793103449,0.75,0.6122448979591837,0,7,nq,long_form,sentence-transformers/all-MiniLM-L6-v2,who,global_fixed,reporting_only,,146,20,126,0.220830284694629,,,,
unit3,Conservative multi-view score: sentence-transformers/all-MiniLM-L6-v2,span_similarity_ablation,correct_label,multi_view_score_sentence_transformers_all_MiniLM_L6_v2,reference_answer_v2,20,126,,,,0.5399999999999999,0.863013698630137,0.5,0.55,0.5238095238095238,0.8563492063492064,0.686168869042694,,,,,,,,nq,long_form,sentence-transformers/all-MiniLM-L6-v2,who,question_type_cv,applied,,146,20,126,0.220830284694629,5,0.44;0.44;0.73;0.44;0.65,0.5399999999999999,0.12505998560690787
unit3,Conservative multi-view score: sentence-transformers/all-MiniLM-L6-v2,span_similarity_ablation,correct_label,multi_view_score_sentence_transformers_all_MiniLM_L6_v2,reference_answer_v2,0,14,nan,0.5287269603993212,nan,0.75,0.8571428571428571,0.0,0.0,0.0,nan,nan,0.0,0.0,0.0,0.0,0.0,1,0,nq,long_form,sentence-transformers/all-MiniLM-L6-v2,yes_no,global_fixed,reporting_only,,14,0,14,0.221904001337228,,,,
unit3,Conservative multi-view score: sentence-transformers/all-MiniLM-L6-v2,span_similarity_ablation,correct_label,multi_view_score_sentence_transformers_all_MiniLM_L6_v2,reference_answer_v2,0,14,nan,0.5287269603993212,nan,0.75,0.8571428571428571,0.0,0.0,0.0,nan,nan,0.0,0.0,0.0,0.0,0.0,1,0,nq,long_form,sentence-transformers/all-MiniLM-L6-v2,yes_no,inherited_global,skipped,num_examples<50,14,0,14,0.221904001337228,,,,
unit4,Factual conflict penalty on span max similarity: sentence-transformers/all-MiniLM-L6-v2,factual_conflict_penalty,correct_label,factual_conflict_adjusted_span_max_similarity_sentence_transformers_all_MiniLM_L6_v2,reference_answer_v2,48,452,0.8713163773218792,0.43018878844440517,0.441127588877474,0.75,0.91,0.52,0.8125,0.6341463414634146,0.9165514380530974,0.7950190454961693,0.9,0.964,0.8571428571428571,0.75,0.8,20,4,nq,long_form,sentence-transformers/all-MiniLM-L6-v2,all,dataset_global,dataset_reference,,500,48,452,0.25028542526718817,,,,
unit4,Factual conflict penalty on span max similarity: sentence-transformers/all-MiniLM-L6-v2,factual_conflict_penalty,correct_label,factual_conflict_adjusted_span_max_similarity_sentence_transformers_all_MiniLM_L6_v2,reference_answer_v2,1,30,0.7351868152618408,0.48018491835064364,0.2550018969111972,0.75,0.8709677419354839,0.0,0.0,0.0,0.9,0.25,0.72,0.9032258064516129,0.25,1.0,0.4,3,0,nq,long_form,sentence-transformers/all-MiniLM-L6-v2,definition,global_fixed,reporting_only,,31,1,30,0.2241971535751478,,,,
unit4,Factual conflict penalty on span max similarity: sentence-transformers/all-MiniLM-L6-v2,factual_conflict_penalty,correct_label,factual_conflict_adjusted_span_max_similarity_sentence_transformers_all_MiniLM_L6_v2,reference_answer_v2,1,30,0.7351868152618408,0.48018491835064364,0.2550018969111972,0.75,0.8709677419354839,0.0,0.0,0.0,0.9,0.25,0.72,0.9032258064516129,0.25,1.0,0.4,3,0,nq,long_form,sentence-transformers/all-MiniLM-L6-v2,definition,inherited_global,skipped,num_examples<50,31,1,30,0.2241971535751478,,,,
unit4,Factual conflict penalty on span max similarity: sentence-transformers/all-MiniLM-L6-v2,factual_conflict_penalty,correct_label,factual_conflict_adjusted_span_max_similarity_sentence_transformers_all_MiniLM_L6_v2,reference_answer_v2,3,101,0.5100558598836263,0.41756491428139497,0.09249094560223137,0.75,0.9615384615384616,0.0,0.0,0.0,0.6864686468646864,0.07223531465479618,0.56,0.8076923076923077,0.09523809523809523,0.6666666666666666,0.16666666666666666,1,1,nq,long_form,sentence-transformers/all-MiniLM-L6-v2,general,global_fixed,reporting_only,,104,3,101,0.176879128904067,,,,
unit4,Factual conflict penalty on span max similarity: sentence-transformers/all-MiniLM-L6-v2,factual_conflict_penalty,correct_label,factual_conflict_adjusted_span_max_similarity_sentence_transformers_all_MiniLM_L6_v2,reference_answer_v2,3,101,0.5100558598836263,0.41756491428139497,0.09249094560223137,0.75,0.9615384615384616,0.0,0.0,0.0,0.6864686468646864,0.07223531465479618,0.56,0.8076923076923077,0.09523809523809523,0.6666666666666666,0.16666666666666666,1,1,nq,long_form,sentence-transformers/all-MiniLM-L6-v2,general,inherited_global,skipped,num_positive<10,104,3,101,0.176879128904067,,,,
unit4,Factual conflict penalty on span max similarity: sentence-transformers/all-MiniLM-L6-v2,factual_conflict_penalty,correct_label,factual_conflict_adjusted_span_max_similarity_sentence_transformers_all_MiniLM_L6_v2,reference_answer_v2,0,2,nan,0.2899686247110367,nan,0.75,1.0,0.0,0.0,0.0,nan,nan,0.0,0.0,0.0,0.0,0.0,0,0,nq,long_form,sentence-transformers/all-MiniLM-L6-v2,list,global_fixed,reporting_only,,2,0,2,0.10760949552059174,,,,
unit4,Factual conflict penalty on span max similarity: sentence-transformers/all-MiniLM-L6-v2,factual_conflict_penalty,correct_label,factual_conflict_adjusted_span_max_similarity_sentence_transformers_all_MiniLM_L6_v2,reference_answer_v2,0,2,nan,0.2899686247110367,nan,0.75,1.0,0.0,0.0,0.0,nan,nan,0.0,0.0,0.0,0.0,0.0,0,0,nq,long_form,sentence-transformers/all-MiniLM-L6-v2,list,inherited_global,skipped,num_examples<50,2,0,2,0.10760949552059174,,,,
unit4,Factual conflict penalty on span max similarity: sentence-transformers/all-MiniLM-L6-v2,factual_conflict_penalty,correct_label,factual_conflict_adjusted_span_max_similarity_sentence_transformers_all_MiniLM_L6_v2,reference_answer_v2,2,21,0.8946134746074677,0.3640349064909277,0.53057856811654,0.75,0.9565217391304348,0.6666666666666666,1.0,0.8,0.9761904761904762,0.8333333333333333,0.74,0.9565217391304348,0.6666666666666666,1.0,0.8,1,0,nq,long_form,sentence-transformers/all-MiniLM-L6-v2,number,global_fixed,reporting_only,,23,2,21,0.25789163324223163,,,,
unit4,Factual conflict penalty on span max similarity: sentence-transformers/all-MiniLM-L6-v2,factual_conflict_penalty,correct_label,factual_conflict_adjusted_span_max_similarity_sentence_transformers_all_MiniLM_L6_v2,reference_answer_v2,2,21,0.8946134746074677,0.3640349064909277,0.53057856811654,0.75,0.9565217391304348,0.6666666666666666,1.0,0.8,0.9761904761904762,0.8333333333333333,0.74,0.9565217391304348,0.6666666666666666,1.0,0.8,1,0,nq,long_form,sentence-transformers/all-MiniLM-L6-v2,number,inherited_global,skipped,num_examples<50,23,2,21,0.25789163324223163,,,,
unit4,Factual conflict penalty on span max similarity: sentence-transformers/all-MiniLM-L6-v2,factual_conflict_penalty,correct_label,factual_conflict_adjusted_span_max_similarity_sentence_transformers_all_MiniLM_L6_v2,reference_answer_v2,10,90,0.9824999999999999,0.5478964182403352,0.43460358175966474,0.75,0.84,0.38461538461538464,1.0,0.5555555555555556,0.9966666666666666,0.9666666666666667,0.84,0.98,0.8333333333333334,1.0,0.9090909090909091,6,0,nq,long_form,sentence-transformers/all-MiniLM-L6-v2,when,global_fixed,reporting_only,,100,10,90,0.22219102406365826,,,,
unit4,Factual conflict penalty on span max similarity: sentence-transformers/all-MiniLM-L6-v2,factual_conflict_penalty,correct_label,factual_conflict_adjusted_span_max_similarity_sentence_transformers_all_MiniLM_L6_v2,reference_answer_v2,10,90,,,,0.8640000000000001,0.93,0.6153846153846154,0.8,0.6956521739130435,0.9966666666666666,0.9666666666666667,,,,,,,,nq,long_form,sentence-transformers/all-MiniLM-L6-v2,when,question_type_cv,applied,,100,10,90,0.22219102406365826,5,0.84;0.84;0.84;0.99;0.81,0.8640000000000001,0.06406246951218786
unit4,Factual conflict penalty on span max similarity: sentence-transformers/all-MiniLM-L6-v2,factual_conflict_penalty,correct_label,factual_conflict_adjusted_span_max_similarity_sentence_transformers_all_MiniLM_L6_v2,reference_answer_v2,12,68,0.9202204595009486,0.41388716113542307,0.5063332983655255,0.75,0.9,0.6111111111111112,0.9166666666666666,0.7333333333333333,0.9650735294117646,0.798262617012617,0.83,0.9375,0.7692307692307693,0.8333333333333334,0.8,4,0,nq,long_form,sentence-transformers/all-MiniLM-L6-v2,where,global_fixed,reporting_only,,80,12,68,0.2905280738356067,,,,
unit4,Factual conflict penalty on span max similarity: sentence-transformers/all-MiniLM-L6-v2,factual_conflict_penalty,correct_label,factual_conflict_adjusted_span_max_similarity_sentence_transformers_all_MiniLM_L6_v2,reference_answer_v2,12,68,,,,0.844,0.925,0.75,0.75,0.75,0.9650735294117646,0.798262617012617,,,,,,,,nq,long_form,sentence-transformers/all-MiniLM-L6-v2,where,question_type_cv,applied,,80,12,68,0.2905280738356067,5,0.83;0.83;0.83;0.90;0.83,0.844,0.028000000000000025
unit4,Factual conflict penalty on span max similarity: sentence-transformers/all-MiniLM-L6-v2,factual_conflict_penalty,correct_label,factual_conflict_adjusted_span_max_similarity_sentence_transformers_all_MiniLM_L6_v2,reference_answer_v2,20,126,0.8450479626655578,0.3589233061860478,0.48612465647951003,0.75,0.9178082191780822,0.6666666666666666,0.8,0.7272727272727273,0.8978174603174603,0.8428958876969964,0.88,0.958904109589041,0.8888888888888888,0.8,0.8421052631578947,5,3,nq,long_form,sentence-transformers/all-MiniLM-L6-v2,who,global_fixed,reporting_only,,146,20,126,0.2668779106337443,,,,
unit4,Factual conflict penalty on span max similarity: sentence-transformers/all-MiniLM-L6-v2,factual_conflict_penalty,correct_label,factual_conflict_adjusted_span_max_similarity_sentence_transformers_all_MiniLM_L6_v2,reference_answer_v2,20,126,,,,0.8799999999999999,0.9383561643835616,0.7894736842105263,0.75,0.7692307692307693,0.8978174603174603,0.8428958876969964,,,,,,,,nq,long_form,sentence-transformers/all-MiniLM-L6-v2,who,question_type_cv,applied,,146,20,126,0.2668779106337443,5,0.88;0.93;0.88;0.88;0.83,0.8799999999999999,0.031622776601683826
unit4,Factual conflict penalty on span max similarity: sentence-transformers/all-MiniLM-L6-v2,factual_conflict_penalty,correct_label,factual_conflict_adjusted_span_max_similarity_sentence_transformers_all_MiniLM_L6_v2,reference_answer_v2,0,14,nan,0.4972655014227442,nan,0.75,1.0,0.0,0.0,0.0,nan,nan,0.0,0.0,0.0,0.0,0.0,0,0,nq,long_form,sentence-transformers/all-MiniLM-L6-v2,yes_no,global_fixed,reporting_only,,14,0,14,0.21595840318200898,,,,
unit4,Factual conflict penalty on span max similarity: sentence-transformers/all-MiniLM-L6-v2,factual_conflict_penalty,correct_label,factual_conflict_adjusted_span_max_similarity_sentence_transformers_all_MiniLM_L6_v2,reference_answer_v2,0,14,nan,0.4972655014227442,nan,0.75,1.0,0.0,0.0,0.0,nan,nan,0.0,0.0,0.0,0.0,0.0,0,0,nq,long_form,sentence-transformers/all-MiniLM-L6-v2,yes_no,inherited_global,skipped,num_examples<50,14,0,14,0.21595840318200898,,,,
unit4,Factual conflict penalty on multi-view score: sentence-transformers/all-MiniLM-L6-v2,factual_conflict_penalty,correct_label,factual_conflict_adjusted_multi_view_score_sentence_transformers_all_MiniLM_L6_v2,reference_answer_v2,48,452,0.6308817629236728,0.3225632102533836,0.30831855267028924,0.75,0.92,0.6428571428571429,0.375,0.47368421052631576,0.8214417404129793,0.5120853720140979,0.7,0.904,0.5,0.5208333333333334,0.5102040816326531,3,15,nq,long_form,sentence-transformers/all-MiniLM-L6-v2,all,dataset_global,dataset_reference,,500,48,452,0.23490431098622763,,,,
unit4,Factual conflict penalty on multi-view score: sentence-transformers/all-MiniLM-L6-v2,factual_conflict_penalty,correct_label,factual_conflict_adjusted_multi_view_score_sentence_transformers_all_MiniLM_L6_v2,reference_answer_v2,1,30,0.7084180742502213,0.4539830285749502,0.2544350456752711,0.75,0.9032258064516129,0.0,0.0,0.0,0.8333333333333334,0.16666666666666666,0.69,0.8387096774193549,0.16666666666666666,1.0,0.2857142857142857,0,0,nq,long_form,sentence-transformers/all-MiniLM-L6-v2,definition,global_fixed,reporting_only,,31,1,30,0.21671044987124652,,,,
unit4,Factual conflict penalty on multi-view score: sentence-transformers/all-MiniLM-L6-v2,factual_conflict_penalty,correct_label,factual_conflict_adjusted_multi_view_score_sentence_transformers_all_MiniLM_L6_v2,reference_answer_v2,1,30,0.7084180742502213,0.4539830285749502,0.2544350456752711,0.75,0.9032258064516129,0.0,0.0,0.0,0.8333333333333334,0.16666666666666666,0.69,0.8387096774193549,0.16666666666666666,1.0,0.2857142857142857,0,0,nq,long_form,sentence-transformers/all-MiniLM-L6-v2,definition,inherited_global,skipped,num_examples<50,31,1,30,0.21671044987124652,,,,
unit4,Factual conflict penalty on multi-view score: sentence-transformers/all-MiniLM-L6-v2,factual_conflict_penalty,correct_label,factual_conflict_adjusted_multi_view_score_sentence_transformers_all_MiniLM_L6_v2,reference_answer_v2,3,101,0.48942658801873523,0.4247834638184341,0.0646431242003011,0.75,0.9423076923076923,0.0,0.0,0.0,0.5874587458745875,0.04607244607244607,0.36,0.40384615384615385,0.046153846153846156,1.0,0.08823529411764706,2,1,nq,long_form,sentence-transformers/all-MiniLM-L6-v2,general,global_fixed,reporting_only,,104,3,101,0.2040516200761241,,,,
unit4,Factual conflict penalty on multi-view score: sentence-transformers/all-MiniLM-L6-v2,factual_conflict_penalty,correct_label,factual_conflict_adjusted_multi_view_score_sentence_transformers_all_MiniLM_L6_v2,reference_answer_v2,3,101,0.48942658801873523,0.4247834638184341,0.0646431242003011,0.75,0.9423076923076923,0.0,0.0,0.0,0.5874587458745875,0.04607244607244607,0.36,0.40384615384615385,0.046153846153846156,1.0,0.08823529411764706,2,1,nq,long_form,sentence-transformers/all-MiniLM-L6-v2,general,inherited_global,skipped,num_positive<10,104,3,101,0.2040516200761241,,,,
unit4,Factual conflict penalty on multi-view score: sentence-transformers/all-MiniLM-L6-v2,factual_conflict_penalty,correct_label,factual_conflict_adjusted_multi_view_score_sentence_transformers_all_MiniLM_L6_v2,reference_answer_v2,0,2,nan,0.27224633768200873,nan,0.75,1.0,0.0,0.0,0.0,nan,nan,0.0,0.0,0.0,0.0,0.0,0,0,nq,long_form,sentence-transformers/all-MiniLM-L6-v2,list,global_fixed,reporting_only,,2,0,2,0.11536476090550422,,,,
unit4,Factual conflict penalty on multi-view score: sentence-transformers/all-MiniLM-L6-v2,factual_conflict_penalty,correct_label,factual_conflict_adjusted_multi_view_score_sentence_transformers_all_MiniLM_L6_v2,reference_answer_v2,0,2,nan,0.27224633768200873,nan,0.75,1.0,0.0,0.0,0.0,nan,nan,0.0,0.0,0.0,0.0,0.0,0,0,nq,long_form,sentence-transformers/all-MiniLM-L6-v2,list,inherited_global,skipped,num_examples<50,2,0,2,0.11536476090550422,,,,
unit4,Factual conflict penalty on multi-view score: sentence-transformers/all-MiniLM-L6-v2,factual_conflict_penalty,correct_label,factual_conflict_adjusted_multi_view_score_sentence_transformers_all_MiniLM_L6_v2,reference_answer_v2,2,21,0.8197944268584252,0.214540462487466,0.6052539643709591,0.75,1.0,1.0,1.0,1.0,1.0,1.0,0.66,1.0,1.0,1.0,1.0,0,0,nq,long_form,sentence-transformers/all-MiniLM-L6-v2,number,global_fixed,reporting_only,,23,2,21,0.2337137123741076,,,,
unit4,Factual conflict penalty on multi-view score: sentence-transformers/all-MiniLM-L6-v2,factual_conflict_penalty,correct_label,factual_conflict_adjusted_multi_view_score_sentence_transformers_all_MiniLM_L6_v2,reference_answer_v2,2,21,0.8197944268584252,0.214540462487466,0.6052539643709591,0.75,1.0,1.0,1.0,1.0,1.0,1.0,0.66,1.0,1.0,1.0,1.0,0,0,nq,long_form,sentence-transformers/all-MiniLM-L6-v2,number,inherited_global,skipped,num_examples<50,23,2,21,0.2337137123741076,,,,
unit4,Factual conflict penalty on multi-view score: sentence-transformers/all-MiniLM-L6-v2,factual_conflict_penalty,correct_label,factual_conflict_adjusted_multi_view_score_sentence_transformers_all_MiniLM_L6_v2,reference_answer_v2,10,90,0.6806397048011423,0.3709023129949087,0.3097373918062336,0.75,0.91,0.5714285714285714,0.4,0.47058823529411764,0.8933333333333333,0.5568410625014398,0.69,0.91,0.5384615384615384,0.7,0.6086956521739131,0,1,nq,long_form,sentence-transformers/all-MiniLM-L6-v2,when,global_fixed,reporting_only,,100,10,90,0.21396914944735,,,,
unit4,Factual conflict penalty on multi-view score: sentence-transformers/all-MiniLM-L6-v2,factual_conflict_penalty,correct_label,factual_conflict_adjusted_multi_view_score_sentence_transformers_all_MiniLM_L6_v2,reference_answer_v2,10,90,,,,0.6819999999999999,0.9,0.5,0.7,0.5833333333333334,0.8933333333333333,0.5568410625014398,,,,,,,,nq,long_form,sentence-transformers/all-MiniLM-L6-v2,when,question_type_cv,applied,,100,10,90,0.21396914944735,5,0.69;0.69;0.69;0.69;0.65,0.6819999999999999,0.01599999999999997
unit4,Factual conflict penalty on multi-view score: sentence-transformers/all-MiniLM-L6-v2,factual_conflict_penalty,correct_label,factual_conflict_adjusted_multi_view_score_sentence_transformers_all_MiniLM_L6_v2,reference_answer_v2,12,68,0.6235229860680799,0.2457802225302092,0.3777427635378707,0.75,0.9,1.0,0.3333333333333333,0.5,0.8897058823529411,0.6857562102244198,0.64,0.9,0.75,0.5,0.6,0,5,nq,long_form,sentence-transformers/all-MiniLM-L6-v2,where,global_fixed,reporting_only,,80,12,68,0.2426975973174813,,,,
unit4,Factual conflict penalty on multi-view score: sentence-transformers/all-MiniLM-L6-v2,factual_conflict_penalty,correct_label,factual_conflict_adjusted_multi_view_score_sentence_transformers_all_MiniLM_L6_v2,reference_answer_v2,12,68,,,,0.6100000000000001,0.85,0.5,0.5,0.5,0.8897058823529411,0.6857562102244198,,,,,,,,nq,long_form,sentence-transformers/all-MiniLM-L6-v2,where,question_type_cv,applied,,80,12,68,0.2426975973174813,5,0.29;0.64;0.74;0.74;0.64,0.6100000000000001,0.16613247725836147
unit4,Factual conflict penalty on multi-view score: sentence-transformers/all-MiniLM-L6-v2,factual_conflict_penalty,correct_label,factual_conflict_adjusted_multi_view_score_sentence_transformers_all_MiniLM_L6_v2,reference_answer_v2,20,126,0.6088682523742319,0.2168104728395563,0.39205777953467563,0.75,0.9178082191780822,1.0,0.4,0.5714285714285714,0.8581349206349206,0.7018689735359018,0.72,0.9246575342465754,1.0,0.45,0.6206896551724138,0,8,nq,long_form,sentence-transformers/all-MiniLM-L6-v2,who,global_fixed,reporting_only,,146,20,126,0.229997646819673,,,,
unit4,Factual conflict penalty on multi-view score: sentence-transformers/all-MiniLM-L6-v2,factual_conflict_penalty,correct_label,factual_conflict_adjusted_multi_view_score_sentence_transformers_all_MiniLM_L6_v2,reference_answer_v2,20,126,,,,0.61,0.8835616438356164,0.6,0.45,0.5142857142857142,0.8581349206349206,0.7018689735359018,,,,,,,,nq,long_form,sentence-transformers/all-MiniLM-L6-v2,who,question_type_cv,applied,,146,20,126,0.229997646819673,5,0.64;0.72;0.72;0.38;0.59,0.61,0.1252198067399882
unit4,Factual conflict penalty on multi-view score: sentence-transformers/all-MiniLM-L6-v2,factual_conflict_penalty,correct_label,factual_conflict_adjusted_multi_view_score_sentence_transformers_all_MiniLM_L6_v2,reference_answer_v2,0,14,nan,0.48669464747415114,nan,0.75,0.8571428571428571,0.0,0.0,0.0,nan,nan,0.0,0.0,0.0,0.0,0.0,1,0,nq,long_form,sentence-transformers/all-MiniLM-L6-v2,yes_no,global_fixed,reporting_only,,14,0,14,0.22432983351680544,,,,
unit4,Factual conflict penalty on multi-view score: sentence-transformers/all-MiniLM-L6-v2,factual_conflict_penalty,correct_label,factual_conflict_adjusted_multi_view_score_sentence_transformers_all_MiniLM_L6_v2,reference_answer_v2,0,14,nan,0.48669464747415114,nan,0.75,0.8571428571428571,0.0,0.0,0.0,nan,nan,0.0,0.0,0.0,0.0,0.0,1,0,nq,long_form,sentence-transformers/all-MiniLM-L6-v2,yes_no,inherited_global,skipped,num_examples<50,14,0,14,0.22432983351680544,,,,
unit6,Reduced fixed multi-view hybrid: sentence-transformers/all-MiniLM-L6-v2,multi_view_hybrid_scoring,correct_label,unit6_fixed_multi_view_hybrid_score_sentence_transformers_all_MiniLM_L6_v2,reference_answer_v2,48,452,0.6399055852302505,0.2950876590680533,0.34481792616219725,0.75,0.928,0.75,0.375,0.5,0.8638919616519174,0.59793828121681,0.71,0.932,0.7333333333333333,0.4583333333333333,0.5641025641025641,1,14,nq,long_form,sentence-transformers/all-MiniLM-L6-v2,all,dataset_global,dataset_reference,,500,48,452,0.21991419716108937,,,,
unit6,Reduced fixed multi-view hybrid: sentence-transformers/all-MiniLM-L6-v2,multi_view_hybrid_scoring,correct_label,unit6_fixed_multi_view_hybrid_score_sentence_transformers_all_MiniLM_L6_v2,reference_answer_v2,1,30,0.6570464640855789,0.41151769234491137,0.2455287717406675,0.75,0.9354838709677419,0.0,0.0,0.0,0.9,0.25,0.63,0.9032258064516129,0.25,1.0,0.4,0,0,nq,long_form,sentence-transformers/all-MiniLM-L6-v2,definition,global_fixed,reporting_only,,31,1,30,0.204431441465416,,,,
unit6,Reduced fixed multi-view hybrid: sentence-transformers/all-MiniLM-L6-v2,multi_view_hybrid_scoring,correct_label,unit6_fixed_multi_view_hybrid_score_sentence_transformers_all_MiniLM_L6_v2,reference_answer_v2,1,30,0.6570464640855789,0.41151769234491137,0.2455287717406675,0.75,0.9354838709677419,0.0,0.0,0.0,0.9,0.25,0.63,0.9032258064516129,0.25,1.0,0.4,0,0,nq,long_form,sentence-transformers/all-MiniLM-L6-v2,definition,inherited_global,skipped,num_examples<50,31,1,30,0.204431441465416,,,,
unit6,Reduced fixed multi-view hybrid: sentence-transformers/all-MiniLM-L6-v2,multi_view_hybrid_scoring,correct_label,unit6_fixed_multi_view_hybrid_score_sentence_transformers_all_MiniLM_L6_v2,reference_answer_v2,3,101,0.39309874922037125,0.35895574520123413,0.03414300401913711,0.75,0.9711538461538461,0.0,0.0,0.0,0.5346534653465346,0.03965201002911135,0.4,0.5769230769230769,0.044444444444444446,0.6666666666666666,0.08333333333333333,0,3,nq,long_form,sentence-transformers/all-MiniLM-L6-v2,general,global_fixed,reporting_only,,104,3,101,0.17332786113180854,,,,
unit6,Reduced fixed multi-view hybrid: sentence-transformers/all-MiniLM-L6-v2,multi_view_hybrid_scoring,correct_label,unit6_fixed_multi_view_hybrid_score_sentence_transformers_all_MiniLM_L6_v2,reference_answer_v2,3,101,0.39309874922037125,0.35895574520123413,0.03414300401913711,0.75,0.9711538461538461,0.0,0.0,0.0,0.5346534653465346,0.03965201002911135,0.4,0.5769230769230769,0.044444444444444446,0.6666666666666666,0.08333333333333333,0,3,nq,long_form,sentence-transformers/all-MiniLM-L6-v2,general,inherited_global,skipped,num_positive<10,104,3,101,0.17332786113180854,,,,
unit6,Reduced fixed multi-view hybrid: sentence-transformers/all-MiniLM-L6-v2,multi_view_hybrid_scoring,correct_label,unit6_fixed_multi_view_hybrid_score_sentence_transformers_all_MiniLM_L6_v2,reference_answer_v2,0,2,nan,0.24817408993840218,nan,0.75,1.0,0.0,0.0,0.0,nan,nan,0.0,0.0,0.0,0.0,0.0,0,0,nq,long_form,sentence-transformers/all-MiniLM-L6-v2,list,global_fixed,reporting_only,,2,0,2,0.11895636096596718,,,,
unit6,Reduced fixed multi-view hybrid: sentence-transformers/all-MiniLM-L6-v2,multi_view_hybrid_scoring,correct_label,unit6_fixed_multi_view_hybrid_score_sentence_transformers_all_MiniLM_L6_v2,reference_answer_v2,0,2,nan,0.24817408993840218,nan,0.75,1.0,0.0,0.0,0.0,nan,nan,0.0,0.0,0.0,0.0,0.0,0,0,nq,long_form,sentence-transformers/all-MiniLM-L6-v2,list,inherited_global,skipped,num_examples<50,2,0,2,0.11895636096596718,,,,
unit6,Reduced fixed multi-view hybrid: sentence-transformers/all-MiniLM-L6-v2,multi_view_hybrid_scoring,correct_label,unit6_fixed_multi_view_hybrid_score_sentence_transformers_all_MiniLM_L6_v2,reference_answer_v2,2,21,0.8140426483005285,0.21015946873591196,0.6038831795646166,0.75,0.9565217391304348,1.0,0.5,0.6666666666666666,1.0,1.0,0.53,1.0,1.0,1.0,1.0,0,0,nq,long_form,sentence-transformers/all-MiniLM-L6-v2,number,global_fixed,reporting_only,,23,2,21,0.22754299988585314,,,,
unit6,Reduced fixed multi-view hybrid: sentence-transformers/all-MiniLM-L6-v2,multi_view_hybrid_scoring,correct_label,unit6_fixed_multi_view_hybrid_score_sentence_transformers_all_MiniLM_L6_v2,reference_answer_v2,2,21,0.8140426483005285,0.21015946873591196,0.6038831795646166,0.75,0.9565217391304348,1.0,0.5,0.6666666666666666,1.0,1.0,0.53,1.0,1.0,1.0,1.0,0,0,nq,long_form,sentence-transformers/all-MiniLM-L6-v2,number,inherited_global,skipped,num_examples<50,23,2,21,0.22754299988585314,,,,
unit6,Reduced fixed multi-view hybrid: sentence-transformers/all-MiniLM-L6-v2,multi_view_hybrid_scoring,correct_label,unit6_fixed_multi_view_hybrid_score_sentence_transformers_all_MiniLM_L6_v2,reference_answer_v2,10,90,0.7079124901723116,0.34551270863951616,0.36239978153279545,0.75,0.92,0.625,0.5,0.5555555555555556,0.9522222222222223,0.6683467023172905,0.66,0.94,0.7,0.7,0.7,0,0,nq,long_form,sentence-transformers/all-MiniLM-L6-v2,when,global_fixed,reporting_only,,100,10,90,0.2009913076979815,,,,
unit6,Reduced fixed multi-view hybrid: sentence-transformers/all-MiniLM-L6-v2,multi_view_hybrid_scoring,correct_label,unit6_fixed_multi_view_hybrid_score_sentence_transformers_all_MiniLM_L6_v2,reference_answer_v2,10,90,,,,0.64,0.91,0.5384615384615384,0.7,0.6086956521739131,0.9522222222222223,0.6683467023172905,,,,,,,,nq,long_form,sentence-transformers/all-MiniLM-L6-v2,when,question_type_cv,applied,,100,10,90,0.2009913076979815,5,0.66;0.66;0.66;0.66;0.56,0.64,0.039999999999999994
unit6,Reduced fixed multi-view hybrid: sentence-transformers/all-MiniLM-L6-v2,multi_view_hybrid_scoring,correct_label,unit6_fixed_multi_view_hybrid_score_sentence_transformers_all_MiniLM_L6_v2,reference_answer_v2,12,68,0.655769798749437,0.25908822445050933,0.39668157429892764,0.75,0.9125,1.0,0.4166666666666667,0.5882352941176471,0.8982843137254901,0.7024151973230671,0.64,0.9,0.75,0.5,0.6,0,3,nq,long_form,sentence-transformers/all-MiniLM-L6-v2,where,global_fixed,reporting_only,,80,12,68,0.24375049995013906,,,,
unit6,Reduced fixed multi-view hybrid: sentence-transformers/all-MiniLM-L6-v2,multi_view_hybrid_scoring,correct_label,unit6_fixed_multi_view_hybrid_score_sentence_transformers_all_MiniLM_L6_v2,reference_answer_v2,12,68,,,,0.546,0.7875,0.35294117647058826,0.5,0.41379310344827586,0.8982843137254901,0.7024151973230671,,,,,,,,nq,long_form,sentence-transformers/all-MiniLM-L6-v2,where,question_type_cv,applied,,80,12,68,0.24375049995013906,5,0.46;0.64;0.46;0.68;0.49,0.546,0.09457272334029512
unit6,Reduced fixed multi-view hybrid: sentence-transformers/all-MiniLM-L6-v2,multi_view_hybrid_scoring,correct_label,unit6_fixed_multi_view_hybrid_score_sentence_transformers_all_MiniLM_L6_v2,reference_answer_v2,20,126,0.6151338797993958,0.19862009824123344,0.4165137815581624,0.75,0.910958904109589,1.0,0.35,0.5185185185185185,0.8686507936507938,0.7519313038306629,0.57,0.9315068493150684,0.9166666666666666,0.55,0.6875,0,8,nq,long_form,sentence-transformers/all-MiniLM-L6-v2,who,global_fixed,reporting_only,,146,20,126,0.22475742307088947,,,,
unit6,Reduced fixed multi-view hybrid: sentence-transformers/all-MiniLM-L6-v2,multi_view_hybrid_scoring,correct_label,unit6_fixed_multi_view_hybrid_score_sentence_transformers_all_MiniLM_L6_v2,reference_answer_v2,20,126,,,,0.48599999999999993,0.8698630136986302,0.5217391304347826,0.6,0.5581395348837209,0.8686507936507938,0.7519313038306629,,,,,,,,nq,long_form,sentence-transformers/all-MiniLM-L6-v2,who,question_type_cv,applied,,146,20,126,0.22475742307088947,5,0.49;0.57;0.57;0.40;0.40,0.48599999999999993,0.07605261336732615
unit6,Reduced fixed multi-view hybrid: sentence-transformers/all-MiniLM-L6-v2,multi_view_hybrid_scoring,correct_label,unit6_fixed_multi_view_hybrid_score_sentence_transformers_all_MiniLM_L6_v2,reference_answer_v2,0,14,nan,0.4378277443693332,nan,0.75,0.8571428571428571,0.0,0.0,0.0,nan,nan,0.0,0.0,0.0,0.0,0.0,1,0,nq,long_form,sentence-transformers/all-MiniLM-L6-v2,yes_no,global_fixed,reporting_only,,14,0,14,0.21860642109608583,,,,
unit6,Reduced fixed multi-view hybrid: sentence-transformers/all-MiniLM-L6-v2,multi_view_hybrid_scoring,correct_label,unit6_fixed_multi_view_hybrid_score_sentence_transformers_all_MiniLM_L6_v2,reference_answer_v2,0,14,nan,0.4378277443693332,nan,0.75,0.8571428571428571,0.0,0.0,0.0,nan,nan,0.0,0.0,0.0,0.0,0.0,1,0,nq,long_form,sentence-transformers/all-MiniLM-L6-v2,yes_no,inherited_global,skipped,num_examples<50,14,0,14,0.21860642109608583,,,,
unit6,Reduced span-precision multi-view hybrid: sentence-transformers/all-MiniLM-L6-v2,multi_view_hybrid_scoring,correct_label,unit6_span_precision_multi_view_hybrid_score_sentence_transformers_all_MiniLM_L6_v2,reference_answer_v2,48,452,0.6836782071448396,0.31204465237643936,0.37163355476840026,0.75,0.934,0.7777777777777778,0.4375,0.56,0.8866841814159292,0.6738942475932274,0.63,0.926,0.6078431372549019,0.6458333333333334,0.6262626262626263,1,8,nq,long_form,sentence-transformers/all-MiniLM-L6-v2,all,dataset_global,dataset_reference,,500,48,452,0.22091383134315415,,,,
unit6,Reduced span-precision multi-view hybrid: sentence-transformers/all-MiniLM-L6-v2,multi_view_hybrid_scoring,correct_label,unit6_span_precision_multi_view_hybrid_score_sentence_transformers_all_MiniLM_L6_v2,reference_answer_v2,1,30,0.6614158421754837,0.4084239612830455,0.2529918808924382,0.75,0.9354838709677419,0.0,0.0,0.0,0.9333333333333333,0.3333333333333333,0.66,0.9354838709677419,0.3333333333333333,1.0,0.5,0,0,nq,long_form,sentence-transformers/all-MiniLM-L6-v2,definition,global_fixed,reporting_only,,31,1,30,0.2026653091793578,,,,
unit6,Reduced span-precision multi-view hybrid: sentence-transformers/all-MiniLM-L6-v2,multi_view_hybrid_scoring,correct_label,unit6_span_precision_multi_view_hybrid_score_sentence_transformers_all_MiniLM_L6_v2,reference_answer_v2,1,30,0.6614158421754837,0.4084239612830455,0.2529918808924382,0.75,0.9354838709677419,0.0,0.0,0.0,0.9333333333333333,0.3333333333333333,0.66,0.9354838709677419,0.3333333333333333,1.0,0.5,0,0,nq,long_form,sentence-transformers/all-MiniLM-L6-v2,definition,inherited_global,skipped,num_examples<50,31,1,30,0.2026653091793578,,,,
unit6,Reduced span-precision multi-view hybrid: sentence-transformers/all-MiniLM-L6-v2,multi_view_hybrid_scoring,correct_label,unit6_span_precision_multi_view_hybrid_score_sentence_transformers_all_MiniLM_L6_v2,reference_answer_v2,3,101,0.39695850263039273,0.3579155989853692,0.03904290364502355,0.75,0.9711538461538461,0.0,0.0,0.0,0.5478547854785478,0.04125615763546798,0.43,0.6057692307692307,0.047619047619047616,0.6666666666666666,0.08888888888888889,0,3,nq,long_form,sentence-transformers/all-MiniLM-L6-v2,general,global_fixed,reporting_only,,104,3,101,0.1701906558785475,,,,
unit6,Reduced span-precision multi-view hybrid: sentence-transformers/all-MiniLM-L6-v2,multi_view_hybrid_scoring,correct_label,unit6_span_precision_multi_view_hybrid_score_sentence_transformers_all_MiniLM_L6_v2,reference_answer_v2,3,101,0.39695850263039273,0.3579155989853692,0.03904290364502355,0.75,0.9711538461538461,0.0,0.0,0.0,0.5478547854785478,0.04125615763546798,0.43,0.6057692307692307,0.047619047619047616,0.6666666666666666,0.08888888888888889,0,3,nq,long_form,sentence-transformers/all-MiniLM-L6-v2,general,inherited_global,skipped,num_positive<10,104,3,101,0.1701906558785475,,,,
unit6,Reduced span-precision multi-view hybrid: sentence-transformers/all-MiniLM-L6-v2,multi_view_hybrid_scoring,correct_label,unit6_span_precision_multi_view_hybrid_score_sentence_transformers_all_MiniLM_L6_v2,reference_answer_v2,0,2,nan,0.2501617092639208,nan,0.75,1.0,0.0,0.0,0.0,nan,nan,0.0,0.0,0.0,0.0,0.0,0,0,nq,long_form,sentence-transformers/all-MiniLM-L6-v2,list,global_fixed,reporting_only,,2,0,2,0.11887817643582821,,,,
unit6,Reduced span-precision multi-view hybrid: sentence-transformers/all-MiniLM-L6-v2,multi_view_hybrid_scoring,correct_label,unit6_span_precision_multi_view_hybrid_score_sentence_transformers_all_MiniLM_L6_v2,reference_answer_v2,0,2,nan,0.2501617092639208,nan,0.75,1.0,0.0,0.0,0.0,nan,nan,0.0,0.0,0.0,0.0,0.0,0,0,nq,long_form,sentence-transformers/all-MiniLM-L6-v2,list,inherited_global,skipped,num_examples<50,2,0,2,0.11887817643582821,,,,
unit6,Reduced span-precision multi-view hybrid: sentence-transformers/all-MiniLM-L6-v2,multi_view_hybrid_scoring,correct_label,unit6_span_precision_multi_view_hybrid_score_sentence_transformers_all_MiniLM_L6_v2,reference_answer_v2,2,21,0.8159228768199682,0.2307317034100249,0.5851911734099433,0.75,0.9565217391304348,1.0,0.5,0.6666666666666666,1.0,1.0,0.53,1.0,1.0,1.0,1.0,0,0,nq,long_form,sentence-transformers/all-MiniLM-L6-v2,number,global_fixed,reporting_only,,23,2,21,0.22444755417771212,,,,
unit6,Reduced span-precision multi-view hybrid: sentence-transformers/all-MiniLM-L6-v2,multi_view_hybrid_scoring,correct_label,unit6_span_precision_multi_view_hybrid_score_sentence_transformers_all_MiniLM_L6_v2,reference_answer_v2,2,21,0.8159228768199682,0.2307317034100249,0.5851911734099433,0.75,0.9565217391304348,1.0,0.5,0.6666666666666666,1.0,1.0,0.53,1.0,1.0,1.0,1.0,0,0,nq,long_form,sentence-transformers/all-MiniLM-L6-v2,number,inherited_global,skipped,num_examples<50,23,2,21,0.22444755417771212,,,,
unit6,Reduced span-precision multi-view hybrid: sentence-transformers/all-MiniLM-L6-v2,multi_view_hybrid_scoring,correct_label,unit6_span_precision_multi_view_hybrid_score_sentence_transformers_all_MiniLM_L6_v2,reference_answer_v2,10,90,0.7810089270863682,0.3777240771802062,0.403284849906162,0.75,0.94,0.7,0.7,0.7,0.9822222222222222,0.8249342324342323,0.63,0.96,0.7142857142857143,1.0,0.8333333333333334,1,0,nq,long_form,sentence-transformers/all-MiniLM-L6-v2,when,global_fixed,reporting_only,,100,10,90,0.2041441515332886,,,,
unit6,Reduced span-precision multi-view hybrid: sentence-transformers/all-MiniLM-L6-v2,multi_view_hybrid_scoring,correct_label,unit6_span_precision_multi_view_hybrid_score_sentence_transformers_all_MiniLM_L6_v2,reference_answer_v2,10,90,,,,0.662,0.94,0.6666666666666666,0.8,0.7272727272727273,0.9822222222222222,0.8249342324342323,,,,,,,,nq,long_form,sentence-transformers/all-MiniLM-L6-v2,when,question_type_cv,applied,,100,10,90,0.2041441515332886,5,0.63;0.63;0.63;0.79;0.63,0.662,0.064
unit6,Reduced span-precision multi-view hybrid: sentence-transformers/all-MiniLM-L6-v2,multi_view_hybrid_scoring,correct_label,unit6_span_precision_multi_view_hybrid_score_sentence_transformers_all_MiniLM_L6_v2,reference_answer_v2,12,68,0.7026769272051752,0.2810440822888558,0.42163284491631936,0.75,0.9125,1.0,0.4166666666666667,0.5882352941176471,0.9252450980392157,0.746142031691904,0.55,0.875,0.5555555555555556,0.8333333333333334,0.6666666666666666,0,1,nq,long_form,sentence-transformers/all-MiniLM-L6-v2,where,global_fixed,reporting_only,,80,12,68,0.2487296908879042,,,,
unit6,Reduced span-precision multi-view hybrid: sentence-transformers/all-MiniLM-L6-v2,multi_view_hybrid_scoring,correct_label,unit6_span_precision_multi_view_hybrid_score_sentence_transformers_all_MiniLM_L6_v2,reference_answer_v2,12,68,,,,0.5740000000000001,0.8375,0.47058823529411764,0.6666666666666666,0.5517241379310345,0.9252450980392157,0.746142031691904,,,,,,,,nq,long_form,sentence-transformers/all-MiniLM-L6-v2,where,question_type_cv,applied,,80,12,68,0.2487296908879042,5,0.48;0.55;0.55;0.74;0.55,0.5740000000000001,0.08731551981177228
unit6,Reduced span-precision multi-view hybrid: sentence-transformers/all-MiniLM-L6-v2,multi_view_hybrid_scoring,correct_label,unit6_span_precision_multi_view_hybrid_score_sentence_transformers_all_MiniLM_L6_v2,reference_answer_v2,20,126,0.6545102220959962,0.22255279799975963,0.43195742409623655,0.75,0.9178082191780822,1.0,0.4,0.5714285714285714,0.8807539682539683,0.788919190246921,0.53,0.9246575342465754,0.7142857142857143,0.75,0.7317073170731707,0,4,nq,long_form,sentence-transformers/all-MiniLM-L6-v2,who,global_fixed,reporting_only,,146,20,126,0.22856878200287414,,,,
unit6,Reduced span-precision multi-view hybrid: sentence-transformers/all-MiniLM-L6-v2,multi_view_hybrid_scoring,correct_label,unit6_span_precision_multi_view_hybrid_score_sentence_transformers_all_MiniLM_L6_v2,reference_answer_v2,20,126,,,,0.54,0.910958904109589,0.6666666666666666,0.7,0.6829268292682927,0.8807539682539683,0.788919190246921,,,,,,,,nq,long_form,sentence-transformers/all-MiniLM-L6-v2,who,question_type_cv,applied,,146,20,126,0.22856878200287414,5,0.52;0.59;0.53;0.53;0.53,0.54,0.025298221281347014
unit6,Reduced span-precision multi-view hybrid: sentence-transformers/all-MiniLM-L6-v2,multi_view_hybrid_scoring,correct_label,unit6_span_precision_multi_view_hybrid_score_sentence_transformers_all_MiniLM_L6_v2,reference_answer_v2,0,14,nan,0.4391773041548653,nan,0.75,0.8571428571428571,0.0,0.0,0.0,nan,nan,0.0,0.0,0.0,0.0,0.0,0,0,nq,long_form,sentence-transformers/all-MiniLM-L6-v2,yes_no,global_fixed,reporting_only,,14,0,14,0.21647665383444686,,,,
unit6,Reduced span-precision multi-view hybrid: sentence-transformers/all-MiniLM-L6-v2,multi_view_hybrid_scoring,correct_label,unit6_span_precision_multi_view_hybrid_score_sentence_transformers_all_MiniLM_L6_v2,reference_answer_v2,0,14,nan,0.4391773041548653,nan,0.75,0.8571428571428571,0.0,0.0,0.0,nan,nan,0.0,0.0,0.0,0.0,0.0,0,0,nq,long_form,sentence-transformers/all-MiniLM-L6-v2,yes_no,inherited_global,skipped,num_examples<50,14,0,14,0.21647665383444686,,,,
unit6,Reduced span-guarded multi-view hybrid: sentence-transformers/all-MiniLM-L6-v2,multi_view_hybrid_scoring,correct_label,unit6_span_guarded_multi_view_hybrid_score_sentence_transformers_all_MiniLM_L6_v2,reference_answer_v2,48,452,0.8117262072178226,0.4098894240796286,0.40183678313819404,0.75,0.944,0.6851851851851852,0.7708333333333334,0.7254901960784313,0.9119653392330384,0.7957382762569679,0.79,0.962,0.8372093023255814,0.75,0.7912087912087912,6,4,nq,long_form,sentence-transformers/all-MiniLM-L6-v2,all,dataset_global,dataset_reference,,500,48,452,0.23069346877274333,,,,
unit6,Reduced span-guarded multi-view hybrid: sentence-transformers/all-MiniLM-L6-v2,multi_view_hybrid_scoring,correct_label,unit6_span_guarded_multi_view_hybrid_score_sentence_transformers_all_MiniLM_L6_v2,reference_answer_v2,1,30,0.698172631263733,0.4725230825766515,0.22564954868708148,0.75,0.9032258064516129,0.0,0.0,0.0,0.8666666666666667,0.2,0.65,0.8387096774193549,0.16666666666666666,1.0,0.2857142857142857,0,0,nq,long_form,sentence-transformers/all-MiniLM-L6-v2,definition,global_fixed,reporting_only,,31,1,30,0.2038496899859181,,,,
unit6,Reduced span-guarded multi-view hybrid: sentence-transformers/all-MiniLM-L6-v2,multi_view_hybrid_scoring,correct_label,unit6_span_guarded_multi_view_hybrid_score_sentence_transformers_all_MiniLM_L6_v2,reference_answer_v2,1,30,0.698172631263733,0.4725230825766515,0.22564954868708148,0.75,0.9032258064516129,0.0,0.0,0.0,0.8666666666666667,0.2,0.65,0.8387096774193549,0.16666666666666666,1.0,0.2857142857142857,0,0,nq,long_form,sentence-transformers/all-MiniLM-L6-v2,definition,inherited_global,skipped,num_examples<50,31,1,30,0.2038496899859181,,,,
unit6,Reduced span-guarded multi-view hybrid: sentence-transformers/all-MiniLM-L6-v2,multi_view_hybrid_scoring,correct_label,unit6_span_guarded_multi_view_hybrid_score_sentence_transformers_all_MiniLM_L6_v2,reference_answer_v2,3,101,0.47679580450057985,0.41616319181658423,0.06063261268399561,0.75,0.9711538461538461,0.0,0.0,0.0,0.6072607260726072,0.051194613854460405,0.57,0.8269230769230769,0.058823529411764705,0.3333333333333333,0.1,0,1,nq,long_form,sentence-transformers/all-MiniLM-L6-v2,general,global_fixed,reporting_only,,104,3,101,0.1677354854363051,,,,
unit6,Reduced span-guarded multi-view hybrid: sentence-transformers/all-MiniLM-L6-v2,multi_view_hybrid_scoring,correct_label,unit6_span_guarded_multi_view_hybrid_score_sentence_transformers_all_MiniLM_L6_v2,reference_answer_v2,3,101,0.47679580450057985,0.41616319181658423,0.06063261268399561,0.75,0.9711538461538461,0.0,0.0,0.0,0.6072607260726072,0.051194613854460405,0.57,0.8269230769230769,0.058823529411764705,0.3333333333333333,0.1,0,1,nq,long_form,sentence-transformers/all-MiniLM-L6-v2,general,inherited_global,skipped,num_positive<10,104,3,101,0.1677354854363051,,,,
unit6,Reduced span-guarded multi-view hybrid: sentence-transformers/all-MiniLM-L6-v2,multi_view_hybrid_scoring,correct_label,unit6_span_guarded_multi_view_hybrid_score_sentence_transformers_all_MiniLM_L6_v2,reference_answer_v2,0,2,nan,0.3072983334461848,nan,0.75,1.0,0.0,0.0,0.0,nan,nan,0.0,0.0,0.0,0.0,0.0,0,0,nq,long_form,sentence-transformers/all-MiniLM-L6-v2,list,global_fixed,reporting_only,,2,0,2,0.11357776025931038,,,,
unit6,Reduced span-guarded multi-view hybrid: sentence-transformers/all-MiniLM-L6-v2,multi_view_hybrid_scoring,correct_label,unit6_span_guarded_multi_view_hybrid_score_sentence_transformers_all_MiniLM_L6_v2,reference_answer_v2,0,2,nan,0.3072983334461848,nan,0.75,1.0,0.0,0.0,0.0,nan,nan,0.0,0.0,0.0,0.0,0.0,0,0,nq,long_form,sentence-transformers/all-MiniLM-L6-v2,list,inherited_global,skipped,num_examples<50,2,0,2,0.11357776025931038,,,,
unit6,Reduced span-guarded multi-view hybrid: sentence-transformers/all-MiniLM-L6-v2,multi_view_hybrid_scoring,correct_label,unit6_span_guarded_multi_view_hybrid_score_sentence_transformers_all_MiniLM_L6_v2,reference_answer_v2,2,21,0.8536479443311691,0.3489310388998794,0.5047169054312897,0.75,0.9565217391304348,1.0,0.5,0.6666666666666666,0.9761904761904762,0.8333333333333333,0.61,0.9565217391304348,0.6666666666666666,1.0,0.8,0,0,nq,long_form,sentence-transformers/all-MiniLM-L6-v2,number,global_fixed,reporting_only,,23,2,21,0.23428237989104478,,,,
unit6,Reduced span-guarded multi-view hybrid: sentence-transformers/all-MiniLM-L6-v2,multi_view_hybrid_scoring,correct_label,unit6_span_guarded_multi_view_hybrid_score_sentence_transformers_all_MiniLM_L6_v2,reference_answer_v2,2,21,0.8536479443311691,0.3489310388998794,0.5047169054312897,0.75,0.9565217391304348,1.0,0.5,0.6666666666666666,0.9761904761904762,0.8333333333333333,0.61,0.9565217391304348,0.6666666666666666,1.0,0.8,0,0,nq,long_form,sentence-transformers/all-MiniLM-L6-v2,number,inherited_global,skipped,num_examples<50,23,2,21,0.23428237989104478,,,,
unit6,Reduced span-guarded multi-view hybrid: sentence-transformers/all-MiniLM-L6-v2,multi_view_hybrid_scoring,correct_label,unit6_span_guarded_multi_view_hybrid_score_sentence_transformers_all_MiniLM_L6_v2,reference_answer_v2,10,90,0.9245228719264269,0.5083172328966344,0.41620563902979246,0.75,0.94,0.625,1.0,0.7692307692307693,0.991111111111111,0.9183658008658008,0.8,0.98,0.8333333333333334,1.0,0.9090909090909091,2,0,nq,long_form,sentence-transformers/all-MiniLM-L6-v2,when,global_fixed,reporting_only,,100,10,90,0.21414554956529216,,,,
unit6,Reduced span-guarded multi-view hybrid: sentence-transformers/all-MiniLM-L6-v2,multi_view_hybrid_scoring,correct_label,unit6_span_guarded_multi_view_hybrid_score_sentence_transformers_all_MiniLM_L6_v2,reference_answer_v2,10,90,,,,0.794,0.96,0.7142857142857143,1.0,0.8333333333333334,0.991111111111111,0.9183658008658008,,,,,,,,nq,long_form,sentence-transformers/all-MiniLM-L6-v2,when,question_type_cv,applied,,100,10,90,0.21414554956529216,5,0.80;0.80;0.80;0.80;0.77,0.794,0.01200000000000001
unit6,Reduced span-guarded multi-view hybrid: sentence-transformers/all-MiniLM-L6-v2,multi_view_hybrid_scoring,correct_label,unit6_span_guarded_multi_view_hybrid_score_sentence_transformers_all_MiniLM_L6_v2,reference_answer_v2,12,68,0.84796437745293,0.3858660082281333,0.4620983692247967,0.75,0.9375,0.7692307692307693,0.8333333333333334,0.8,0.9595588235294118,0.8409213471713474,0.75,0.9375,0.7692307692307693,0.8333333333333334,0.8,3,0,nq,long_form,sentence-transformers/all-MiniLM-L6-v2,where,global_fixed,reporting_only,,80,12,68,0.2648691330033608,,,,
unit6,Reduced span-guarded multi-view hybrid: sentence-transformers/all-MiniLM-L6-v2,multi_view_hybrid_scoring,correct_label,unit6_span_guarded_multi_view_hybrid_score_sentence_transformers_all_MiniLM_L6_v2,reference_answer_v2,12,68,,,,0.75,0.9375,0.7692307692307693,0.8333333333333334,0.8,0.9595588235294118,0.8409213471713474,,,,,,,,nq,long_form,sentence-transformers/all-MiniLM-L6-v2,where,question_type_cv,applied,,80,12,68,0.2648691330033608,5,0.75;0.75;0.75;0.75;0.75,0.75,0.0
unit6,Reduced span-guarded multi-view hybrid: sentence-transformers/all-MiniLM-L6-v2,multi_view_hybrid_scoring,correct_label,unit6_span_guarded_multi_view_hybrid_score_sentence_transformers_all_MiniLM_L6_v2,reference_answer_v2,20,126,0.785310038216412,0.335246959316899,0.45006307889951297,0.75,0.9452054794520548,0.8,0.8,0.8,0.8948412698412698,0.8534982443331943,0.79,0.9657534246575342,0.9411764705882353,0.8,0.8648648648648649,1,3,nq,long_form,sentence-transformers/all-MiniLM-L6-v2,who,global_fixed,reporting_only,,146,20,126,0.2423976821513761,,,,
unit6,Reduced span-guarded multi-view hybrid: sentence-transformers/all-MiniLM-L6-v2,multi_view_hybrid_scoring,correct_label,unit6_span_guarded_multi_view_hybrid_score_sentence_transformers_all_MiniLM_L6_v2,reference_answer_v2,20,126,,,,0.788,0.958904109589041,0.8888888888888888,0.8,0.8421052631578947,0.8948412698412698,0.8534982443331943,,,,,,,,nq,long_form,sentence-transformers/all-MiniLM-L6-v2,who,question_type_cv,applied,,146,20,126,0.2423976821513761,5,0.79;0.79;0.79;0.78;0.79,0.788,0.0040000000000000036
unit6,Reduced span-guarded multi-view hybrid: sentence-transformers/all-MiniLM-L6-v2,multi_view_hybrid_scoring,correct_label,unit6_span_guarded_multi_view_hybrid_score_sentence_transformers_all_MiniLM_L6_v2,reference_answer_v2,0,14,nan,0.4922242825205947,nan,0.75,0.8571428571428571,0.0,0.0,0.0,nan,nan,0.0,0.0,0.0,0.0,0.0,0,0,nq,long_form,sentence-transformers/all-MiniLM-L6-v2,yes_no,global_fixed,reporting_only,,14,0,14,0.21440924001367204,,,,
unit6,Reduced span-guarded multi-view hybrid: sentence-transformers/all-MiniLM-L6-v2,multi_view_hybrid_scoring,correct_label,unit6_span_guarded_multi_view_hybrid_score_sentence_transformers_all_MiniLM_L6_v2,reference_answer_v2,0,14,nan,0.4922242825205947,nan,0.75,0.8571428571428571,0.0,0.0,0.0,nan,nan,0.0,0.0,0.0,0.0,0.0,0,0,nq,long_form,sentence-transformers/all-MiniLM-L6-v2,yes_no,inherited_global,skipped,num_examples<50,14,0,14,0.21440924001367204,,,,
unit6,Reduced span-ranked multi-view hybrid: sentence-transformers/all-MiniLM-L6-v2,multi_view_hybrid_scoring,correct_label,unit6_span_ranked_multi_view_hybrid_score_sentence_transformers_all_MiniLM_L6_v2,reference_answer_v2,48,452,0.864969927733764,0.44583509629315526,0.41913483144060876,0.75,0.91,0.5194805194805194,0.8333333333333334,0.64,0.9161135693215339,0.8118899627918049,0.91,0.964,0.8571428571428571,0.75,0.8,18,4,nq,long_form,sentence-transformers/all-MiniLM-L6-v2,all,dataset_global,dataset_reference,,500,48,452,0.24433556536917947,,,,
unit6,Reduced span-ranked multi-view hybrid: sentence-transformers/all-MiniLM-L6-v2,multi_view_hybrid_scoring,correct_label,unit6_span_ranked_multi_view_hybrid_score_sentence_transformers_all_MiniLM_L6_v2,reference_answer_v2,1,30,0.7334390640258789,0.5030244364579518,0.23041462756792708,0.75,0.8709677419354839,0.0,0.0,0.0,0.9,0.25,0.73,0.9032258064516129,0.25,1.0,0.4,3,0,nq,long_form,sentence-transformers/all-MiniLM-L6-v2,definition,global_fixed,reporting_only,,31,1,30,0.21952928724103343,,,,
unit6,Reduced span-ranked multi-view hybrid: sentence-transformers/all-MiniLM-L6-v2,multi_view_hybrid_scoring,correct_label,unit6_span_ranked_multi_view_hybrid_score_sentence_transformers_all_MiniLM_L6_v2,reference_answer_v2,1,30,0.7334390640258789,0.5030244364579518,0.23041462756792708,0.75,0.8709677419354839,0.0,0.0,0.0,0.9,0.25,0.73,0.9032258064516129,0.25,1.0,0.4,3,0,nq,long_form,sentence-transformers/all-MiniLM-L6-v2,definition,inherited_global,skipped,num_examples<50,31,1,30,0.21952928724103343,,,,
unit6,Reduced span-ranked multi-view hybrid: sentence-transformers/all-MiniLM-L6-v2,multi_view_hybrid_scoring,correct_label,unit6_span_ranked_multi_view_hybrid_score_sentence_transformers_all_MiniLM_L6_v2,reference_answer_v2,3,101,0.5251786251862843,0.4385547384776827,0.0866238867086016,0.75,0.9615384615384616,0.0,0.0,0.0,0.6534653465346535,0.06073762838468721,0.56,0.7403846153846154,0.07142857142857142,0.6666666666666666,0.12903225806451613,0,1,nq,long_form,sentence-transformers/all-MiniLM-L6-v2,general,global_fixed,reporting_only,,104,3,101,0.1752889477983622,,,,
unit6,Reduced span-ranked multi-view hybrid: sentence-transformers/all-MiniLM-L6-v2,multi_view_hybrid_scoring,correct_label,unit6_span_ranked_multi_view_hybrid_score_sentence_transformers_all_MiniLM_L6_v2,reference_answer_v2,3,101,0.5251786251862843,0.4385547384776827,0.0866238867086016,0.75,0.9615384615384616,0.0,0.0,0.0,0.6534653465346535,0.06073762838468721,0.56,0.7403846153846154,0.07142857142857142,0.6666666666666666,0.12903225806451613,0,1,nq,long_form,sentence-transformers/all-MiniLM-L6-v2,general,inherited_global,skipped,num_positive<10,104,3,101,0.1752889477983622,,,,
unit6,Reduced span-ranked multi-view hybrid: sentence-transformers/all-MiniLM-L6-v2,multi_view_hybrid_scoring,correct_label,unit6_span_ranked_multi_view_hybrid_score_sentence_transformers_all_MiniLM_L6_v2,reference_answer_v2,0,2,nan,0.31417357698082926,nan,0.75,1.0,0.0,0.0,0.0,nan,nan,0.0,0.0,0.0,0.0,0.0,0,0,nq,long_form,sentence-transformers/all-MiniLM-L6-v2,list,global_fixed,reporting_only,,2,0,2,0.10764076933264734,,,,
unit6,Reduced span-ranked multi-view hybrid: sentence-transformers/all-MiniLM-L6-v2,multi_view_hybrid_scoring,correct_label,unit6_span_ranked_multi_view_hybrid_score_sentence_transformers_all_MiniLM_L6_v2,reference_answer_v2,0,2,nan,0.31417357698082926,nan,0.75,1.0,0.0,0.0,0.0,nan,nan,0.0,0.0,0.0,0.0,0.0,0,0,nq,long_form,sentence-transformers/all-MiniLM-L6-v2,list,inherited_global,skipped,num_examples<50,2,0,2,0.10764076933264734,,,,
unit6,Reduced span-ranked multi-view hybrid: sentence-transformers/all-MiniLM-L6-v2,multi_view_hybrid_scoring,correct_label,unit6_span_ranked_multi_view_hybrid_score_sentence_transformers_all_MiniLM_L6_v2,reference_answer_v2,2,21,0.8938613831996918,0.38562906163367666,0.5082323215660152,0.75,0.9565217391304348,0.6666666666666666,1.0,0.8,0.9761904761904762,0.8333333333333333,0.71,0.9565217391304348,0.6666666666666666,1.0,0.8,1,0,nq,long_form,sentence-transformers/all-MiniLM-L6-v2,number,global_fixed,reporting_only,,23,2,21,0.253226070419789,,,,
unit6,Reduced span-ranked multi-view hybrid: sentence-transformers/all-MiniLM-L6-v2,multi_view_hybrid_scoring,correct_label,unit6_span_ranked_multi_view_hybrid_score_sentence_transformers_all_MiniLM_L6_v2,reference_answer_v2,2,21,0.8938613831996918,0.38562906163367666,0.5082323215660152,0.75,0.9565217391304348,0.6666666666666666,1.0,0.8,0.9761904761904762,0.8333333333333333,0.71,0.9565217391304348,0.6666666666666666,1.0,0.8,1,0,nq,long_form,sentence-transformers/all-MiniLM-L6-v2,number,inherited_global,skipped,num_examples<50,23,2,21,0.253226070419789,,,,
unit6,Reduced span-ranked multi-view hybrid: sentence-transformers/all-MiniLM-L6-v2,multi_view_hybrid_scoring,correct_label,unit6_span_ranked_multi_view_hybrid_score_sentence_transformers_all_MiniLM_L6_v2,reference_answer_v2,10,90,0.9602614490762352,0.5576785374907259,0.4025829115855093,0.75,0.83,0.37037037037037035,1.0,0.5405405405405406,0.9944444444444445,0.9540404040404039,0.85,0.98,0.8333333333333334,1.0,0.9090909090909091,5,0,nq,long_form,sentence-transformers/all-MiniLM-L6-v2,when,global_fixed,reporting_only,,100,10,90,0.2170702234247204,,,,
unit6,Reduced span-ranked multi-view hybrid: sentence-transformers/all-MiniLM-L6-v2,multi_view_hybrid_scoring,correct_label,unit6_span_ranked_multi_view_hybrid_score_sentence_transformers_all_MiniLM_L6_v2,reference_answer_v2,10,90,,,,0.858,0.93,0.6153846153846154,0.8,0.6956521739130435,0.9944444444444445,0.9540404040404039,,,,,,,,nq,long_form,sentence-transformers/all-MiniLM-L6-v2,when,question_type_cv,applied,,100,10,90,0.2170702234247204,5,0.85;0.85;0.85;0.94;0.80,0.858,0.04534313619501851
unit6,Reduced span-ranked multi-view hybrid: sentence-transformers/all-MiniLM-L6-v2,multi_view_hybrid_scoring,correct_label,unit6_span_ranked_multi_view_hybrid_score_sentence_transformers_all_MiniLM_L6_v2,reference_answer_v2,12,68,0.9139576081186532,0.42585061807249,0.48810699004616326,0.75,0.9,0.6111111111111112,0.9166666666666666,0.7333333333333333,0.9656862745098039,0.8582962870462872,0.84,0.9375,0.7692307692307693,0.8333333333333334,0.8,4,0,nq,long_form,sentence-transformers/all-MiniLM-L6-v2,where,global_fixed,reporting_only,,80,12,68,0.28345652814875233,,,,
unit6,Reduced span-ranked multi-view hybrid: sentence-transformers/all-MiniLM-L6-v2,multi_view_hybrid_scoring,correct_label,unit6_span_ranked_multi_view_hybrid_score_sentence_transformers_all_MiniLM_L6_v2,reference_answer_v2,12,68,,,,0.8720000000000001,0.9125,0.7272727272727273,0.6666666666666666,0.6956521739130435,0.9656862745098039,0.8582962870462872,,,,,,,,nq,long_form,sentence-transformers/all-MiniLM-L6-v2,where,question_type_cv,applied,,80,12,68,0.28345652814875233,5,0.84;0.84;0.93;0.91;0.84,0.8720000000000001,0.03969886648255845
unit6,Reduced span-ranked multi-view hybrid: sentence-transformers/all-MiniLM-L6-v2,multi_view_hybrid_scoring,correct_label,unit6_span_ranked_multi_view_hybrid_score_sentence_transformers_all_MiniLM_L6_v2,reference_answer_v2,20,126,0.8425876518525183,0.37355312345760106,0.4690345283949172,0.75,0.9246575342465754,0.68,0.85,0.7555555555555555,0.8976190476190476,0.8606090238793188,0.92,0.9657534246575342,0.9411764705882353,0.8,0.8648648648648649,5,3,nq,long_form,sentence-transformers/all-MiniLM-L6-v2,who,global_fixed,reporting_only,,146,20,126,0.2601979078835636,,,,
unit6,Reduced span-ranked multi-view hybrid: sentence-transformers/all-MiniLM-L6-v2,multi_view_hybrid_scoring,correct_label,unit6_span_ranked_multi_view_hybrid_score_sentence_transformers_all_MiniLM_L6_v2,reference_answer_v2,20,126,,,,0.9120000000000001,0.958904109589041,0.8888888888888888,0.8,0.8421052631578947,0.8976190476190476,0.8606090238793188,,,,,,,,nq,long_form,sentence-transformers/all-MiniLM-L6-v2,who,question_type_cv,applied,,146,20,126,0.2601979078835636,5,0.92;0.92;0.92;0.88;0.92,0.9120000000000001,0.016000000000000014
unit6,Reduced span-ranked multi-view hybrid: sentence-transformers/all-MiniLM-L6-v2,multi_view_hybrid_scoring,correct_label,unit6_span_ranked_multi_view_hybrid_score_sentence_transformers_all_MiniLM_L6_v2,reference_answer_v2,0,14,nan,0.5135386026785993,nan,0.75,1.0,0.0,0.0,0.0,nan,nan,0.0,0.0,0.0,0.0,0.0,0,0,nq,long_form,sentence-transformers/all-MiniLM-L6-v2,yes_no,global_fixed,reporting_only,,14,0,14,0.2173471692524227,,,,
unit6,Reduced span-ranked multi-view hybrid: sentence-transformers/all-MiniLM-L6-v2,multi_view_hybrid_scoring,correct_label,unit6_span_ranked_multi_view_hybrid_score_sentence_transformers_all_MiniLM_L6_v2,reference_answer_v2,0,14,nan,0.5135386026785993,nan,0.75,1.0,0.0,0.0,0.0,nan,nan,0.0,0.0,0.0,0.0,0.0,0,0,nq,long_form,sentence-transformers/all-MiniLM-L6-v2,yes_no,inherited_global,skipped,num_examples<50,14,0,14,0.2173471692524227,,,,
unit6,Reduced semantic-recall multi-view hybrid: sentence-transformers/all-MiniLM-L6-v2,multi_view_hybrid_scoring,correct_label,unit6_semantic_recall_multi_view_hybrid_score_sentence_transformers_all_MiniLM_L6_v2,reference_answer_v2,48,452,0.5961329633156613,0.27831921907579654,0.3178137442398648,0.75,0.918,0.7058823529411765,0.25,0.36923076923076925,0.8379194321533923,0.5198890158366382,0.62,0.916,0.5681818181818182,0.5208333333333334,0.5434782608695652,1,17,nq,long_form,sentence-transformers/all-MiniLM-L6-v2,all,dataset_global,dataset_reference,,500,48,452,0.22163935978784052,,,,
unit6,Reduced semantic-recall multi-view hybrid: sentence-transformers/all-MiniLM-L6-v2,multi_view_hybrid_scoring,correct_label,unit6_semantic_recall_multi_view_hybrid_score_sentence_transformers_all_MiniLM_L6_v2,reference_answer_v2,1,30,0.6526770859956741,0.41461142340677726,0.23806566258889683,0.75,0.9354838709677419,0.0,0.0,0.0,0.9,0.25,0.64,0.9032258064516129,0.25,1.0,0.4,0,0,nq,long_form,sentence-transformers/all-MiniLM-L6-v2,definition,global_fixed,reporting_only,,31,1,30,0.20677779356802528,,,,
unit6,Reduced semantic-recall multi-view hybrid: sentence-transformers/all-MiniLM-L6-v2,multi_view_hybrid_scoring,correct_label,unit6_semantic_recall_multi_view_hybrid_score_sentence_transformers_all_MiniLM_L6_v2,reference_answer_v2,1,30,0.6526770859956741,0.41461142340677726,0.23806566258889683,0.75,0.9354838709677419,0.0,0.0,0.0,0.9,0.25,0.64,0.9032258064516129,0.25,1.0,0.4,0,0,nq,long_form,sentence-transformers/all-MiniLM-L6-v2,definition,inherited_global,skipped,num_examples<50,31,1,30,0.20677779356802528,,,,
unit6,Reduced semantic-recall multi-view hybrid: sentence-transformers/all-MiniLM-L6-v2,multi_view_hybrid_scoring,correct_label,unit6_semantic_recall_multi_view_hybrid_score_sentence_transformers_all_MiniLM_L6_v2,reference_answer_v2,3,101,0.38923899581034976,0.35999589141709903,0.02924310439325073,0.75,0.9711538461538461,0.0,0.0,0.0,0.5346534653465347,0.03968837177655304,0.28,0.34615384615384615,0.04225352112676056,1.0,0.08108108108108109,0,3,nq,long_form,sentence-transformers/all-MiniLM-L6-v2,general,global_fixed,reporting_only,,104,3,101,0.17716522292194,,,,
unit6,Reduced semantic-recall multi-view hybrid: sentence-transformers/all-MiniLM-L6-v2,multi_view_hybrid_scoring,correct_label,unit6_semantic_recall_multi_view_hybrid_score_sentence_transformers_all_MiniLM_L6_v2,reference_answer_v2,3,101,0.38923899581034976,0.35999589141709903,0.02924310439325073,0.75,0.9711538461538461,0.0,0.0,0.0,0.5346534653465347,0.03968837177655304,0.28,0.34615384615384615,0.04225352112676056,1.0,0.08108108108108109,0,3,nq,long_form,sentence-transformers/all-MiniLM-L6-v2,general,inherited_global,skipped,num_positive<10,104,3,101,0.17716522292194,,,,
unit6,Reduced semantic-recall multi-view hybrid: sentence-transformers/all-MiniLM-L6-v2,multi_view_hybrid_scoring,correct_label,unit6_semantic_recall_multi_view_hybrid_score_sentence_transformers_all_MiniLM_L6_v2,reference_answer_v2,0,2,nan,0.24618647061288357,nan,0.75,1.0,0.0,0.0,0.0,nan,nan,0.0,0.0,0.0,0.0,0.0,0,0,nq,long_form,sentence-transformers/all-MiniLM-L6-v2,list,global_fixed,reporting_only,,2,0,2,0.11903454549610615,,,,
unit6,Reduced semantic-recall multi-view hybrid: sentence-transformers/all-MiniLM-L6-v2,multi_view_hybrid_scoring,correct_label,unit6_semantic_recall_multi_view_hybrid_score_sentence_transformers_all_MiniLM_L6_v2,reference_answer_v2,0,2,nan,0.24618647061288357,nan,0.75,1.0,0.0,0.0,0.0,nan,nan,0.0,0.0,0.0,0.0,0.0,0,0,nq,long_form,sentence-transformers/all-MiniLM-L6-v2,list,inherited_global,skipped,num_examples<50,2,0,2,0.11903454549610615,,,,
unit6,Reduced semantic-recall multi-view hybrid: sentence-transformers/all-MiniLM-L6-v2,multi_view_hybrid_scoring,correct_label,unit6_semantic_recall_multi_view_hybrid_score_sentence_transformers_all_MiniLM_L6_v2,reference_answer_v2,2,21,0.8121624197810888,0.189587234061799,0.6225751857192898,0.75,0.9565217391304348,1.0,0.5,0.6666666666666666,1.0,1.0,0.55,1.0,1.0,1.0,1.0,0,0,nq,long_form,sentence-transformers/all-MiniLM-L6-v2,number,global_fixed,reporting_only,,23,2,21,0.23392809486754065,,,,
unit6,Reduced semantic-recall multi-view hybrid: sentence-transformers/all-MiniLM-L6-v2,multi_view_hybrid_scoring,correct_label,unit6_semantic_recall_multi_view_hybrid_score_sentence_transformers_all_MiniLM_L6_v2,reference_answer_v2,2,21,0.8121624197810888,0.189587234061799,0.6225751857192898,0.75,0.9565217391304348,1.0,0.5,0.6666666666666666,1.0,1.0,0.55,1.0,1.0,1.0,1.0,0,0,nq,long_form,sentence-transformers/all-MiniLM-L6-v2,number,inherited_global,skipped,num_examples<50,23,2,21,0.23392809486754065,,,,
unit6,Reduced semantic-recall multi-view hybrid: sentence-transformers/all-MiniLM-L6-v2,multi_view_hybrid_scoring,correct_label,unit6_semantic_recall_multi_view_hybrid_score_sentence_transformers_all_MiniLM_L6_v2,reference_answer_v2,10,90,0.6348160532582551,0.31330134009882626,0.3215147131594288,0.75,0.91,0.6666666666666666,0.2,0.3076923076923077,0.9266666666666667,0.5642207792207792,0.62,0.92,0.5833333333333334,0.7,0.6363636363636364,0,1,nq,long_form,sentence-transformers/all-MiniLM-L6-v2,when,global_fixed,reporting_only,,100,10,90,0.20213830678547232,,,,
unit6,Reduced semantic-recall multi-view hybrid: sentence-transformers/all-MiniLM-L6-v2,multi_view_hybrid_scoring,correct_label,unit6_semantic_recall_multi_view_hybrid_score_sentence_transformers_all_MiniLM_L6_v2,reference_answer_v2,10,90,,,,0.6220000000000001,0.9,0.5,0.6,0.5454545454545454,0.9266666666666667,0.5642207792207792,,,,,,,,nq,long_form,sentence-transformers/all-MiniLM-L6-v2,when,question_type_cv,applied,,100,10,90,0.20213830678547232,5,0.62;0.62;0.65;0.60;0.62,0.6220000000000001,0.016000000000000014
unit6,Reduced semantic-recall multi-view hybrid: sentence-transformers/all-MiniLM-L6-v2,multi_view_hybrid_scoring,correct_label,unit6_semantic_recall_multi_view_hybrid_score_sentence_transformers_all_MiniLM_L6_v2,reference_answer_v2,12,68,0.6088626702936987,0.2375542895228748,0.37130838077082384,0.75,0.8875,1.0,0.25,0.4,0.8872549019607843,0.6829538653068066,0.63,0.9,0.75,0.5,0.6,0,4,nq,long_form,sentence-transformers/all-MiniLM-L6-v2,where,global_fixed,reporting_only,,80,12,68,0.24041579711959796,,,,
unit6,Reduced semantic-recall multi-view hybrid: sentence-transformers/all-MiniLM-L6-v2,multi_view_hybrid_scoring,correct_label,unit6_semantic_recall_multi_view_hybrid_score_sentence_transformers_all_MiniLM_L6_v2,reference_answer_v2,12,68,,,,0.626,0.85,0.5,0.4166666666666667,0.45454545454545453,0.8872549019607843,0.6829538653068066,,,,,,,,nq,long_form,sentence-transformers/all-MiniLM-L6-v2,where,question_type_cv,applied,,80,12,68,0.24041579711959796,5,0.63;0.63;0.67;0.67;0.53,0.626,0.05122499389946279
unit6,Reduced semantic-recall multi-view hybrid: sentence-transformers/all-MiniLM-L6-v2,multi_view_hybrid_scoring,correct_label,unit6_semantic_recall_multi_view_hybrid_score_sentence_transformers_all_MiniLM_L6_v2,reference_answer_v2,20,126,0.5757575375027955,0.17513609166494534,0.4006214458378501,0.75,0.8972602739726028,0.8571428571428571,0.3,0.4444444444444444,0.8573412698412699,0.7099774137146685,0.55,0.9315068493150684,0.9166666666666666,0.55,0.6875,0,9,nq,long_form,sentence-transformers/all-MiniLM-L6-v2,who,global_fixed,reporting_only,,146,20,126,0.22231313548107293,,,,
unit6,Reduced semantic-recall multi-view hybrid: sentence-transformers/all-MiniLM-L6-v2,multi_view_hybrid_scoring,correct_label,unit6_semantic_recall_multi_view_hybrid_score_sentence_transformers_all_MiniLM_L6_v2,reference_answer_v2,20,126,,,,0.538,0.910958904109589,0.7333333333333333,0.55,0.6285714285714286,0.8573412698412699,0.7099774137146685,,,,,,,,nq,long_form,sentence-transformers/all-MiniLM-L6-v2,who,question_type_cv,applied,,146,20,126,0.22231313548107293,5,0.55;0.55;0.55;0.55;0.49,0.538,0.02400000000000002
unit6,Reduced semantic-recall multi-view hybrid: sentence-transformers/all-MiniLM-L6-v2,multi_view_hybrid_scoring,correct_label,unit6_semantic_recall_multi_view_hybrid_score_sentence_transformers_all_MiniLM_L6_v2,reference_answer_v2,0,14,nan,0.4364781845838011,nan,0.75,0.8571428571428571,0.0,0.0,0.0,nan,nan,0.0,0.0,0.0,0.0,0.0,1,0,nq,long_form,sentence-transformers/all-MiniLM-L6-v2,yes_no,global_fixed,reporting_only,,14,0,14,0.22123613341341478,,,,
unit6,Reduced semantic-recall multi-view hybrid: sentence-transformers/all-MiniLM-L6-v2,multi_view_hybrid_scoring,correct_label,unit6_semantic_recall_multi_view_hybrid_score_sentence_transformers_all_MiniLM_L6_v2,reference_answer_v2,0,14,nan,0.4364781845838011,nan,0.75,0.8571428571428571,0.0,0.0,0.0,nan,nan,0.0,0.0,0.0,0.0,0.0,1,0,nq,long_form,sentence-transformers/all-MiniLM-L6-v2,yes_no,inherited_global,skipped,num_examples<50,14,0,14,0.22123613341341478,,,,
baseline,Embedding cosine: BAAI/bge-base-en-v1.5,embedding,correct_label,similarity_BAAI_bge_base_en_v1.5,reference_answer,48,452,0.6889264105508724,0.5608941498583397,0.1280322606925327,0.75,0.818,0.19718309859154928,0.2916666666666667,0.23529411764705882,0.7111449115044248,0.29909668810765705,0.79,0.86,0.28,0.2916666666666667,0.2857142857142857,31,5,nq,long_form,BAAI/bge-base-en-v1.5,all,dataset_global,dataset_reference,,500,48,452,0.153312099108323,,,,
baseline,Embedding cosine: BAAI/bge-base-en-v1.5,embedding,correct_label,similarity_BAAI_bge_base_en_v1.5,reference_answer,1,30,0.793173611164093,0.7050259113311768,0.08814769983291626,0.75,0.5483870967741935,0.06666666666666667,1.0,0.125,0.7333333333333334,0.1111111111111111,0.79,0.7419354838709677,0.1111111111111111,1.0,0.2,8,0,nq,long_form,BAAI/bge-base-en-v1.5,definition,global_fixed,reporting_only,,31,1,30,0.12024179258729438,,,,
baseline,Embedding cosine: BAAI/bge-base-en-v1.5,embedding,correct_label,similarity_BAAI_bge_base_en_v1.5,reference_answer,1,30,0.793173611164093,0.7050259113311768,0.08814769983291626,0.75,0.5483870967741935,0.06666666666666667,1.0,0.125,0.7333333333333334,0.1111111111111111,0.79,0.7419354838709677,0.1111111111111111,1.0,0.2,8,0,nq,long_form,BAAI/bge-base-en-v1.5,definition,inherited_global,skipped,num_examples<50,31,1,30,0.12024179258729438,,,,
baseline,Embedding cosine: BAAI/bge-base-en-v1.5,embedding,correct_label,similarity_BAAI_bge_base_en_v1.5,reference_answer,3,101,0.7200735410054525,0.6479674884588411,0.0721060525466114,0.75,0.7692307692307693,0.043478260869565216,0.3333333333333333,0.07692307692307693,0.6897689768976898,0.0727152817034106,0.8,0.8846153846153846,0.09090909090909091,0.3333333333333333,0.14285714285714285,10,0,nq,long_form,BAAI/bge-base-en-v1.5,general,global_fixed,reporting_only,,104,3,101,0.11872177438883805,,,,
baseline,Embedding cosine: BAAI/bge-base-en-v1.5,embedding,correct_label,similarity_BAAI_bge_base_en_v1.5,reference_answer,3,101,0.7200735410054525,0.6479674884588411,0.0721060525466114,0.75,0.7692307692307693,0.043478260869565216,0.3333333333333333,0.07692307692307693,0.6897689768976898,0.0727152817034106,0.8,0.8846153846153846,0.09090909090909091,0.3333333333333333,0.14285714285714285,10,0,nq,long_form,BAAI/bge-base-en-v1.5,general,inherited_global,skipped,num_positive<10,104,3,101,0.11872177438883805,,,,
baseline,Embedding cosine: BAAI/bge-base-en-v1.5,embedding,correct_label,similarity_BAAI_bge_base_en_v1.5,reference_answer,0,2,nan,0.5946639627218246,nan,0.75,1.0,0.0,0.0,0.0,nan,nan,0.0,0.0,0.0,0.0,0.0,0,0,nq,long_form,BAAI/bge-base-en-v1.5,list,global_fixed,reporting_only,,2,0,2,0.10036905109882355,,,,
baseline,Embedding cosine: BAAI/bge-base-en-v1.5,embedding,correct_label,similarity_BAAI_bge_base_en_v1.5,reference_answer,0,2,nan,0.5946639627218246,nan,0.75,1.0,0.0,0.0,0.0,nan,nan,0.0,0.0,0.0,0.0,0.0,0,0,nq,long_form,BAAI/bge-base-en-v1.5,list,inherited_global,skipped,num_examples<50,2,0,2,0.10036905109882355,,,,
baseline,Embedding cosine: BAAI/bge-base-en-v1.5,embedding,correct_label,similarity_BAAI_bge_base_en_v1.5,reference_answer,2,21,0.9117493033409119,0.5535846622217269,0.358164641119185,0.75,0.9130434782608695,0.5,1.0,0.6666666666666666,1.0,1.0,0.8,1.0,1.0,1.0,1.0,0,0,nq,long_form,BAAI/bge-base-en-v1.5,number,global_fixed,reporting_only,,23,2,21,0.15279576692548347,,,,
baseline,Embedding cosine: BAAI/bge-base-en-v1.5,embedding,correct_label,similarity_BAAI_bge_base_en_v1.5,reference_answer,2,21,0.9117493033409119,0.5535846622217269,0.358164641119185,0.75,0.9130434782608695,0.5,1.0,0.6666666666666666,1.0,1.0,0.8,1.0,1.0,1.0,1.0,0,0,nq,long_form,BAAI/bge-base-en-v1.5,number,inherited_global,skipped,num_examples<50,23,2,21,0.15279576692548347,,,,
baseline,Embedding cosine: BAAI/bge-base-en-v1.5,embedding,correct_label,similarity_BAAI_bge_base_en_v1.5,reference_answer,10,90,0.6055804789066315,0.5578088005383809,0.04777167836825058,0.75,0.82,0.0,0.0,0.0,0.6499999999999999,0.14167168997117352,0.56,0.6,0.1875,0.9,0.3103448275862069,5,1,nq,long_form,BAAI/bge-base-en-v1.5,when,global_fixed,reporting_only,,100,10,90,0.12816835500417512,,,,
baseline,Embedding cosine: BAAI/bge-base-en-v1.5,embedding,correct_label,similarity_BAAI_bge_base_en_v1.5,reference_answer,10,90,,,,0.562,0.6,0.17391304347826086,0.8,0.2857142857142857,0.6499999999999999,0.14167168997117352,,,,,,,,nq,long_form,BAAI/bge-base-en-v1.5,when,question_type_cv,applied,,100,10,90,0.12816835500417512,5,0.57;0.56;0.56;0.56;0.56,0.562,0.0039999999999999584
baseline,Embedding cosine: BAAI/bge-base-en-v1.5,embedding,correct_label,similarity_BAAI_bge_base_en_v1.5,reference_answer,12,68,0.720625047882398,0.5236025527119637,0.19702249517043435,0.75,0.8375,0.45454545454545453,0.4166666666666667,0.43478260869565216,0.8419117647058822,0.47212052180041525,0.79,0.875,0.625,0.4166666666666667,0.5,3,0,nq,long_form,BAAI/bge-base-en-v1.5,where,global_fixed,reporting_only,,80,12,68,0.15767124015891432,,,,
baseline,Embedding cosine: BAAI/bge-base-en-v1.5,embedding,correct_label,similarity_BAAI_bge_base_en_v1.5,reference_answer,12,68,,,,0.632,0.7,0.2692307692307692,0.5833333333333334,0.3684210526315789,0.8419117647058822,0.47212052180041525,,,,,,,,nq,long_form,BAAI/bge-base-en-v1.5,where,question_type_cv,applied,,80,12,68,0.15767124015891432,5,0.67;0.53;0.78;0.53;0.65,0.632,0.09431860898041276
baseline,Embedding cosine: BAAI/bge-base-en-v1.5,embedding,correct_label,similarity_BAAI_bge_base_en_v1.5,reference_answer,20,126,0.6794134750962257,0.4683314911902897,0.21108198390593602,0.75,0.8835616438356164,0.7142857142857143,0.25,0.37037037037037035,0.8341269841269842,0.5339353754120322,0.66,0.863013698630137,0.5,0.55,0.5238095238095238,2,4,nq,long_form,BAAI/bge-base-en-v1.5,who,global_fixed,reporting_only,,146,20,126,0.14948774430513123,,,,
baseline,Embedding cosine: BAAI/bge-base-en-v1.5,embedding,correct_label,similarity_BAAI_bge_base_en_v1.5,reference_answer,20,126,,,,0.6580000000000001,0.8561643835616438,0.4782608695652174,0.55,0.5116279069767442,0.8341269841269842,0.5339353754120322,,,,,,,,nq,long_form,BAAI/bge-base-en-v1.5,who,question_type_cv,applied,,146,20,126,0.14948774430513123,5,0.66;0.66;0.65;0.66;0.66,0.6580000000000001,0.0040000000000000036
baseline,Embedding cosine: BAAI/bge-base-en-v1.5,embedding,correct_label,similarity_BAAI_bge_base_en_v1.5,reference_answer,0,14,nan,0.6640373361962182,nan,0.75,0.7857142857142857,0.0,0.0,0.0,nan,nan,0.0,0.0,0.0,0.0,0.0,3,0,nq,long_form,BAAI/bge-base-en-v1.5,yes_no,global_fixed,reporting_only,,14,0,14,0.12113576770444277,,,,
baseline,Embedding cosine: BAAI/bge-base-en-v1.5,embedding,correct_label,similarity_BAAI_bge_base_en_v1.5,reference_answer,0,14,nan,0.6640373361962182,nan,0.75,0.7857142857142857,0.0,0.0,0.0,nan,nan,0.0,0.0,0.0,0.0,0.0,3,0,nq,long_form,BAAI/bge-base-en-v1.5,yes_no,inherited_global,skipped,num_examples<50,14,0,14,0.12113576770444277,,,,
baseline,Hybrid 0.7*embedding+0.3*overlap: BAAI/bge-base-en-v1.5,hybrid_ablation,correct_label,hybrid_BAAI_bge_base_en_v1.5,reference_answer,48,452,0.6002842016713251,0.41977721392063977,0.18050698775068535,0.75,0.896,0.3888888888888889,0.14583333333333334,0.21212121212121213,0.7918971238938053,0.34683046573088394,0.62,0.864,0.3275862068965517,0.3958333333333333,0.3584905660377358,6,13,nq,long_form,BAAI/bge-base-en-v1.5,all,dataset_global,dataset_reference,,500,48,452,0.15467517558018506,,,,
baseline,Hybrid 0.7*embedding+0.3*overlap: BAAI/bge-base-en-v1.5,hybrid_ablation,correct_label,hybrid_BAAI_bge_base_en_v1.5,reference_answer,1,30,0.6752215278148651,0.5595495232132089,0.11567200460165616,0.75,0.8709677419354839,0.0,0.0,0.0,0.7666666666666666,0.125,0.67,0.7741935483870968,0.125,1.0,0.2222222222222222,2,0,nq,long_form,BAAI/bge-base-en-v1.5,definition,global_fixed,reporting_only,,31,1,30,0.15189492646521063,,,,
baseline,Hybrid 0.7*embedding+0.3*overlap: BAAI/bge-base-en-v1.5,hybrid_ablation,correct_label,hybrid_BAAI_bge_base_en_v1.5,reference_answer,1,30,0.6752215278148651,0.5595495232132089,0.11567200460165616,0.75,0.8709677419354839,0.0,0.0,0.0,0.7666666666666666,0.125,0.67,0.7741935483870968,0.125,1.0,0.2222222222222222,2,0,nq,long_form,BAAI/bge-base-en-v1.5,definition,inherited_global,skipped,num_examples<50,31,1,30,0.15189492646521063,,,,
baseline,Hybrid 0.7*embedding+0.3*overlap: BAAI/bge-base-en-v1.5,hybrid_ablation,correct_label,hybrid_BAAI_bge_base_en_v1.5,reference_answer,3,101,0.5040514787038166,0.49550780213946016,0.00854367656435645,0.75,0.9615384615384616,0.0,0.0,0.0,0.5148514851485149,0.037695078031212484,0.44,0.34615384615384615,0.04225352112676056,1.0,0.08108108108108109,1,1,nq,long_form,BAAI/bge-base-en-v1.5,general,global_fixed,reporting_only,,104,3,101,0.11852649389412316,,,,
baseline,Hybrid 0.7*embedding+0.3*overlap: BAAI/bge-base-en-v1.5,hybrid_ablation,correct_label,hybrid_BAAI_bge_base_en_v1.5,reference_answer,3,101,0.5040514787038166,0.49550780213946016,0.00854367656435645,0.75,0.9615384615384616,0.0,0.0,0.0,0.5148514851485149,0.037695078031212484,0.44,0.34615384615384615,0.04225352112676056,1.0,0.08108108108108109,1,1,nq,long_form,BAAI/bge-base-en-v1.5,general,inherited_global,skipped,num_positive<10,104,3,101,0.11852649389412316,,,,
baseline,Hybrid 0.7*embedding+0.3*overlap: BAAI/bge-base-en-v1.5,hybrid_ablation,correct_label,hybrid_BAAI_bge_base_en_v1.5,reference_answer,0,2,nan,0.46626477390527726,nan,0.75,1.0,0.0,0.0,0.0,nan,nan,0.0,0.0,0.0,0.0,0.0,0,0,nq,long_form,BAAI/bge-base-en-v1.5,list,global_fixed,reporting_only,,2,0,2,0.1202583357691765,,,,
baseline,Hybrid 0.7*embedding+0.3*overlap: BAAI/bge-base-en-v1.5,hybrid_ablation,correct_label,hybrid_BAAI_bge_base_en_v1.5,reference_answer,0,2,nan,0.46626477390527726,nan,0.75,1.0,0.0,0.0,0.0,nan,nan,0.0,0.0,0.0,0.0,0.0,0,0,nq,long_form,BAAI/bge-base-en-v1.5,list,inherited_global,skipped,num_examples<50,2,0,2,0.1202583357691765,,,,
baseline,Hybrid 0.7*embedding+0.3*overlap: BAAI/bge-base-en-v1.5,hybrid_ablation,correct_label,hybrid_BAAI_bge_base_en_v1.5,reference_answer,2,21,0.7882245123386382,0.4038096298555751,0.3844148824830631,0.75,0.9565217391304348,1.0,0.5,0.6666666666666666,0.9761904761904762,0.8333333333333333,0.54,0.9565217391304348,0.6666666666666666,1.0,0.8,0,0,nq,long_form,BAAI/bge-base-en-v1.5,number,global_fixed,reporting_only,,23,2,21,0.15798692026810868,,,,
baseline,Hybrid 0.7*embedding+0.3*overlap: BAAI/bge-base-en-v1.5,hybrid_ablation,correct_label,hybrid_BAAI_bge_base_en_v1.5,reference_answer,2,21,0.7882245123386382,0.4038096298555751,0.3844148824830631,0.75,0.9565217391304348,1.0,0.5,0.6666666666666666,0.9761904761904762,0.8333333333333333,0.54,0.9565217391304348,0.6666666666666666,1.0,0.8,0,0,nq,long_form,BAAI/bge-base-en-v1.5,number,inherited_global,skipped,num_examples<50,23,2,21,0.15798692026810868,,,,
baseline,Hybrid 0.7*embedding+0.3*overlap: BAAI/bge-base-en-v1.5,hybrid_ablation,correct_label,hybrid_BAAI_bge_base_en_v1.5,reference_answer,10,90,0.5790730019013086,0.4287261411368473,0.1503468607644613,0.75,0.87,0.0,0.0,0.0,0.8344444444444444,0.2832746175393235,0.53,0.76,0.26666666666666666,0.8,0.4,0,1,nq,long_form,BAAI/bge-base-en-v1.5,when,global_fixed,reporting_only,,100,10,90,0.13676700122404625,,,,
baseline,Hybrid 0.7*embedding+0.3*overlap: BAAI/bge-base-en-v1.5,hybrid_ablation,correct_label,hybrid_BAAI_bge_base_en_v1.5,reference_answer,10,90,,,,0.552,0.76,0.20833333333333334,0.5,0.29411764705882354,0.8344444444444444,0.2832746175393235,,,,,,,,nq,long_form,BAAI/bge-base-en-v1.5,when,question_type_cv,applied,,100,10,90,0.13676700122404625,5,0.53;0.59;0.53;0.57;0.54,0.552,0.02399999999999997
baseline,Hybrid 0.7*embedding+0.3*overlap: BAAI/bge-base-en-v1.5,hybrid_ablation,correct_label,hybrid_BAAI_bge_base_en_v1.5,reference_answer,12,68,0.6291597557399007,0.37939993815887874,0.24975981758102195,0.75,0.8625,0.6666666666666666,0.16666666666666666,0.26666666666666666,0.9191176470588236,0.6478492489415143,0.52,0.8625,0.5294117647058824,0.75,0.6206896551724138,1,2,nq,long_form,BAAI/bge-base-en-v1.5,where,global_fixed,reporting_only,,80,12,68,0.15644078645898346,,,,
baseline,Hybrid 0.7*embedding+0.3*overlap: BAAI/bge-base-en-v1.5,hybrid_ablation,correct_label,hybrid_BAAI_bge_base_en_v1.5,reference_answer,12,68,,,,0.52,0.825,0.4375,0.5833333333333334,0.5,0.9191176470588236,0.6478492489415143,,,,,,,,nq,long_form,BAAI/bge-base-en-v1.5,where,question_type_cv,applied,,80,12,68,0.15644078645898346,5,0.62;0.47;0.52;0.47;0.52,0.52,0.05477225575051661
baseline,Hybrid 0.7*embedding+0.3*overlap: BAAI/bge-base-en-v1.5,hybrid_ablation,correct_label,hybrid_BAAI_bge_base_en_v1.5,reference_answer,20,126,0.5854584801864057,0.3311653771665361,0.25429310301986957,0.75,0.8835616438356164,0.8,0.2,0.32,0.8829365079365079,0.6602402962941802,0.53,0.910958904109589,0.7692307692307693,0.5,0.6060606060606061,1,9,nq,long_form,BAAI/bge-base-en-v1.5,who,global_fixed,reporting_only,,146,20,126,0.15069466476023094,,,,
baseline,Hybrid 0.7*embedding+0.3*overlap: BAAI/bge-base-en-v1.5,hybrid_ablation,correct_label,hybrid_BAAI_bge_base_en_v1.5,reference_answer,20,126,,,,0.49000000000000005,0.863013698630137,0.5,0.5,0.5,0.8829365079365079,0.6602402962941802,,,,,,,,nq,long_form,BAAI/bge-base-en-v1.5,who,question_type_cv,applied,,146,20,126,0.15069466476023094,5,0.53;0.43;0.53;0.53;0.43,0.49000000000000005,0.04898979485566358
baseline,Hybrid 0.7*embedding+0.3*overlap: BAAI/bge-base-en-v1.5,hybrid_ablation,correct_label,hybrid_BAAI_bge_base_en_v1.5,reference_answer,0,14,nan,0.527329227483302,nan,0.75,0.8571428571428571,0.0,0.0,0.0,nan,nan,0.0,0.0,0.0,0.0,0.0,1,0,nq,long_form,BAAI/bge-base-en-v1.5,yes_no,global_fixed,reporting_only,,14,0,14,0.14557947385882808,,,,
baseline,Hybrid 0.7*embedding+0.3*overlap: BAAI/bge-base-en-v1.5,hybrid_ablation,correct_label,hybrid_BAAI_bge_base_en_v1.5,reference_answer,0,14,nan,0.527329227483302,nan,0.75,0.8571428571428571,0.0,0.0,0.0,nan,nan,0.0,0.0,0.0,0.0,0.0,1,0,nq,long_form,BAAI/bge-base-en-v1.5,yes_no,inherited_global,skipped,num_examples<50,14,0,14,0.14557947385882808,,,,
unit1,Reference validation v2: BAAI/bge-base-en-v1.5,embedding_v2,correct_label,similarity_v2_BAAI_bge_base_en_v1.5,reference_answer_v2,48,452,0.6897550063828627,0.5604781702952047,0.12927683608765794,0.75,0.82,0.2,0.2916666666666667,0.23728813559322035,0.7110527286135693,0.2985056499953835,0.79,0.86,0.28,0.2916666666666667,0.2857142857142857,33,4,nq,long_form,BAAI/bge-base-en-v1.5,all,dataset_global,dataset_reference,,500,48,452,0.15455636642933612,,,,
unit1,Reference validation v2: BAAI/bge-base-en-v1.5,embedding_v2,correct_label,similarity_v2_BAAI_bge_base_en_v1.5,reference_answer_v2,1,30,0.793173611164093,0.7041579643885295,0.0890156467755635,0.75,0.5806451612903226,0.07142857142857142,1.0,0.13333333333333333,0.7333333333333334,0.1111111111111111,0.79,0.7419354838709677,0.1111111111111111,1.0,0.2,8,0,nq,long_form,BAAI/bge-base-en-v1.5,definition,global_fixed,reporting_only,,31,1,30,0.11898734458765235,,,,
unit1,Reference validation v2: BAAI/bge-base-en-v1.5,embedding_v2,correct_label,similarity_v2_BAAI_bge_base_en_v1.5,reference_answer_v2,1,30,0.793173611164093,0.7041579643885295,0.0890156467755635,0.75,0.5806451612903226,0.07142857142857142,1.0,0.13333333333333333,0.7333333333333334,0.1111111111111111,0.79,0.7419354838709677,0.1111111111111111,1.0,0.2,8,0,nq,long_form,BAAI/bge-base-en-v1.5,definition,inherited_global,skipped,num_examples<50,31,1,30,0.11898734458765235,,,,
unit1,Reference validation v2: BAAI/bge-base-en-v1.5,embedding_v2,correct_label,similarity_v2_BAAI_bge_base_en_v1.5,reference_answer_v2,3,101,0.723105231920878,0.6482336612621157,0.07487157065876238,0.75,0.7788461538461539,0.045454545454545456,0.3333333333333333,0.08,0.6963696369636964,0.0744181339809755,0.8,0.875,0.08333333333333333,0.3333333333333333,0.13333333333333333,11,0,nq,long_form,BAAI/bge-base-en-v1.5,general,global_fixed,reporting_only,,104,3,101,0.11828369992318019,,,,
unit1,Reference validation v2: BAAI/bge-base-en-v1.5,embedding_v2,correct_label,similarity_v2_BAAI_bge_base_en_v1.5,reference_answer_v2,3,101,0.723105231920878,0.6482336612621157,0.07487157065876238,0.75,0.7788461538461539,0.045454545454545456,0.3333333333333333,0.08,0.6963696369636964,0.0744181339809755,0.8,0.875,0.08333333333333333,0.3333333333333333,0.13333333333333333,11,0,nq,long_form,BAAI/bge-base-en-v1.5,general,inherited_global,skipped,num_positive<10,104,3,101,0.11828369992318019,,,,
unit1,Reference validation v2: BAAI/bge-base-en-v1.5,embedding_v2,correct_label,similarity_v2_BAAI_bge_base_en_v1.5,reference_answer_v2,0,2,nan,0.6004432439804077,nan,0.75,1.0,0.0,0.0,0.0,nan,nan,0.0,0.0,0.0,0.0,0.0,0,0,nq,long_form,BAAI/bge-base-en-v1.5,list,global_fixed,reporting_only,,2,0,2,0.09458976984024048,,,,
unit1,Reference validation v2: BAAI/bge-base-en-v1.5,embedding_v2,correct_label,similarity_v2_BAAI_bge_base_en_v1.5,reference_answer_v2,0,2,nan,0.6004432439804077,nan,0.75,1.0,0.0,0.0,0.0,nan,nan,0.0,0.0,0.0,0.0,0.0,0,0,nq,long_form,BAAI/bge-base-en-v1.5,list,inherited_global,skipped,num_examples<50,2,0,2,0.09458976984024048,,,,
unit1,Reference validation v2: BAAI/bge-base-en-v1.5,embedding_v2,correct_label,similarity_v2_BAAI_bge_base_en_v1.5,reference_answer_v2,2,21,0.9117493033409119,0.5460347277777535,0.36571457556315834,0.75,0.9130434782608695,0.5,1.0,0.6666666666666666,1.0,1.0,0.8,1.0,1.0,1.0,1.0,0,0,nq,long_form,BAAI/bge-base-en-v1.5,number,global_fixed,reporting_only,,23,2,21,0.15557997203340873,,,,
unit1,Reference validation v2: BAAI/bge-base-en-v1.5,embedding_v2,correct_label,similarity_v2_BAAI_bge_base_en_v1.5,reference_answer_v2,2,21,0.9117493033409119,0.5460347277777535,0.36571457556315834,0.75,0.9130434782608695,0.5,1.0,0.6666666666666666,1.0,1.0,0.8,1.0,1.0,1.0,1.0,0,0,nq,long_form,BAAI/bge-base-en-v1.5,number,inherited_global,skipped,num_examples<50,23,2,21,0.15557997203340873,,,,
unit1,Reference validation v2: BAAI/bge-base-en-v1.5,embedding_v2,correct_label,similarity_v2_BAAI_bge_base_en_v1.5,reference_answer_v2,10,90,0.6055804789066315,0.5549607478910022,0.05061973101562922,0.75,0.81,0.0,0.0,0.0,0.66,0.14552064830485298,0.56,0.61,0.19148936170212766,0.9,0.3157894736842105,6,1,nq,long_form,BAAI/bge-base-en-v1.5,when,global_fixed,reporting_only,,100,10,90,0.13135303506245258,,,,
unit1,Reference validation v2: BAAI/bge-base-en-v1.5,embedding_v2,correct_label,similarity_v2_BAAI_bge_base_en_v1.5,reference_answer_v2,10,90,,,,0.562,0.61,0.17777777777777778,0.8,0.2909090909090909,0.66,0.14552064830485298,,,,,,,,nq,long_form,BAAI/bge-base-en-v1.5,when,question_type_cv,applied,,100,10,90,0.13135303506245258,5,0.57;0.56;0.56;0.56;0.56,0.562,0.0039999999999999584
unit1,Reference validation v2: BAAI/bge-base-en-v1.5,embedding_v2,correct_label,similarity_v2_BAAI_bge_base_en_v1.5,reference_answer_v2,12,68,0.720625047882398,0.5251310607966255,0.19549398708577248,0.75,0.8375,0.45454545454545453,0.4166666666666667,0.43478260869565216,0.8370098039215685,0.46859131079332317,0.79,0.875,0.625,0.4166666666666667,0.5,3,0,nq,long_form,BAAI/bge-base-en-v1.5,where,global_fixed,reporting_only,,80,12,68,0.1582723745081719,,,,
unit1,Reference validation v2: BAAI/bge-base-en-v1.5,embedding_v2,correct_label,similarity_v2_BAAI_bge_base_en_v1.5,reference_answer_v2,12,68,,,,0.632,0.7,0.2692307692307692,0.5833333333333334,0.3684210526315789,0.8370098039215685,0.46859131079332317,,,,,,,,nq,long_form,BAAI/bge-base-en-v1.5,where,question_type_cv,applied,,80,12,68,0.1582723745081719,5,0.67;0.53;0.78;0.53;0.65,0.632,0.09431860898041276
unit1,Reference validation v2: BAAI/bge-base-en-v1.5,embedding_v2,correct_label,similarity_v2_BAAI_bge_base_en_v1.5,reference_answer_v2,20,126,0.6809473514556885,0.4692928384220789,0.2116545130336096,0.75,0.8835616438356164,0.7142857142857143,0.25,0.37037037037037035,0.8146825396825397,0.5339063932868013,0.66,0.8561643835616438,0.4782608695652174,0.55,0.5116279069767442,2,3,nq,long_form,BAAI/bge-base-en-v1.5,who,global_fixed,reporting_only,,146,20,126,0.1522918826840113,,,,
unit1,Reference validation v2: BAAI/bge-base-en-v1.5,embedding_v2,correct_label,similarity_v2_BAAI_bge_base_en_v1.5,reference_answer_v2,20,126,,,,0.616,0.8287671232876712,0.4074074074074074,0.55,0.46808510638297873,0.8146825396825397,0.5339063932868013,,,,,,,,nq,long_form,BAAI/bge-base-en-v1.5,who,question_type_cv,applied,,146,20,126,0.1522918826840113,5,0.60;0.66;0.62;0.60;0.60,0.616,0.023323807579381222
unit1,Reference validation v2: BAAI/bge-base-en-v1.5,embedding_v2,correct_label,similarity_v2_BAAI_bge_base_en_v1.5,reference_answer_v2,0,14,nan,0.6632786712476185,nan,0.75,0.7857142857142857,0.0,0.0,0.0,nan,nan,0.0,0.0,0.0,0.0,0.0,3,0,nq,long_form,BAAI/bge-base-en-v1.5,yes_no,global_fixed,reporting_only,,14,0,14,0.12084187900919398,,,,
unit1,Reference validation v2: BAAI/bge-base-en-v1.5,embedding_v2,correct_label,similarity_v2_BAAI_bge_base_en_v1.5,reference_answer_v2,0,14,nan,0.6632786712476185,nan,0.75,0.7857142857142857,0.0,0.0,0.0,nan,nan,0.0,0.0,0.0,0.0,0.0,3,0,nq,long_form,BAAI/bge-base-en-v1.5,yes_no,inherited_global,skipped,num_examples<50,14,0,14,0.12084187900919398,,,,
unit2,Reference validation + 0.5 span blend: BAAI/bge-base-en-v1.5,prediction_span_ablation,correct_label,prediction_span_blend_similarity_BAAI_bge_base_en_v1.5,reference_answer_v2,48,452,0.7390130003914237,0.5654184515958867,0.17359454879553704,0.75,0.854,0.34177215189873417,0.5625,0.4251968503937008,0.7879793510324484,0.44685859997418276,0.78,0.89,0.4406779661016949,0.5416666666666666,0.48598130841121495,29,4,nq,long_form,BAAI/bge-base-en-v1.5,all,dataset_global,dataset_reference,,500,48,452,0.14981108935707013,,,,
unit2,Reference validation + 0.5 span blend: BAAI/bge-base-en-v1.5,prediction_span_ablation,correct_label,prediction_span_blend_similarity_BAAI_bge_base_en_v1.5,reference_answer_v2,1,30,0.7935629189014435,0.6785100549459457,0.11505286395549774,0.75,0.6774193548387096,0.09090909090909091,1.0,0.16666666666666666,0.8,0.14285714285714285,0.79,0.8064516129032258,0.14285714285714285,1.0,0.25,6,0,nq,long_form,BAAI/bge-base-en-v1.5,definition,global_fixed,reporting_only,,31,1,30,0.11429562513096164,,,,
unit2,Reference validation + 0.5 span blend: BAAI/bge-base-en-v1.5,prediction_span_ablation,correct_label,prediction_span_blend_similarity_BAAI_bge_base_en_v1.5,reference_answer_v2,1,30,0.7935629189014435,0.6785100549459457,0.11505286395549774,0.75,0.6774193548387096,0.09090909090909091,1.0,0.16666666666666666,0.8,0.14285714285714285,0.79,0.8064516129032258,0.14285714285714285,1.0,0.25,6,0,nq,long_form,BAAI/bge-base-en-v1.5,definition,inherited_global,skipped,num_examples<50,31,1,30,0.11429562513096164,,,,
unit2,Reference validation + 0.5 span blend: BAAI/bge-base-en-v1.5,prediction_span_ablation,correct_label,prediction_span_blend_similarity_BAAI_bge_base_en_v1.5,reference_answer_v2,3,101,0.7257116337617239,0.6485067451059228,0.07720488865580111,0.75,0.7692307692307693,0.043478260869565216,0.3333333333333333,0.07692307692307693,0.6897689768976898,0.06954783567686794,0.74,0.7596153846153846,0.07692307692307693,0.6666666666666666,0.13793103448275862,11,0,nq,long_form,BAAI/bge-base-en-v1.5,general,global_fixed,reporting_only,,104,3,101,0.11962917314868554,,,,
unit2,Reference validation + 0.5 span blend: BAAI/bge-base-en-v1.5,prediction_span_ablation,correct_label,prediction_span_blend_similarity_BAAI_bge_base_en_v1.5,reference_answer_v2,3,101,0.7257116337617239,0.6485067451059228,0.07720488865580111,0.75,0.7692307692307693,0.043478260869565216,0.3333333333333333,0.07692307692307693,0.6897689768976898,0.06954783567686794,0.74,0.7596153846153846,0.07692307692307693,0.6666666666666666,0.13793103448275862,11,0,nq,long_form,BAAI/bge-base-en-v1.5,general,inherited_global,skipped,num_positive<10,104,3,101,0.11962917314868554,,,,
unit2,Reference validation + 0.5 span blend: BAAI/bge-base-en-v1.5,prediction_span_ablation,correct_label,prediction_span_blend_similarity_BAAI_bge_base_en_v1.5,reference_answer_v2,0,2,nan,0.5951122641563416,nan,0.75,1.0,0.0,0.0,0.0,nan,nan,0.0,0.0,0.0,0.0,0.0,0,0,nq,long_form,BAAI/bge-base-en-v1.5,list,global_fixed,reporting_only,,2,0,2,0.10113447904586792,,,,
unit2,Reference validation + 0.5 span blend: BAAI/bge-base-en-v1.5,prediction_span_ablation,correct_label,prediction_span_blend_similarity_BAAI_bge_base_en_v1.5,reference_answer_v2,0,2,nan,0.5951122641563416,nan,0.75,1.0,0.0,0.0,0.0,nan,nan,0.0,0.0,0.0,0.0,0.0,0,0,nq,long_form,BAAI/bge-base-en-v1.5,list,inherited_global,skipped,num_examples<50,2,0,2,0.10113447904586792,,,,
unit2,Reference validation + 0.5 span blend: BAAI/bge-base-en-v1.5,prediction_span_ablation,correct_label,prediction_span_blend_similarity_BAAI_bge_base_en_v1.5,reference_answer_v2,2,21,0.8502036184072495,0.5373739954971132,0.3128296229101363,0.75,0.9565217391304348,0.6666666666666666,1.0,0.8,1.0,1.0,0.72,0.9565217391304348,0.6666666666666666,1.0,0.8,1,0,nq,long_form,BAAI/bge-base-en-v1.5,number,global_fixed,reporting_only,,23,2,21,0.128623002522214,,,,
unit2,Reference validation + 0.5 span blend: BAAI/bge-base-en-v1.5,prediction_span_ablation,correct_label,prediction_span_blend_similarity_BAAI_bge_base_en_v1.5,reference_answer_v2,2,21,0.8502036184072495,0.5373739954971132,0.3128296229101363,0.75,0.9565217391304348,0.6666666666666666,1.0,0.8,1.0,1.0,0.72,0.9565217391304348,0.6666666666666666,1.0,0.8,1,0,nq,long_form,BAAI/bge-base-en-v1.5,number,inherited_global,skipped,num_examples<50,23,2,21,0.128623002522214,,,,
unit2,Reference validation + 0.5 span blend: BAAI/bge-base-en-v1.5,prediction_span_ablation,correct_label,prediction_span_blend_similarity_BAAI_bge_base_en_v1.5,reference_answer_v2,10,90,0.7738762974739075,0.585791140794754,0.1880851566791535,0.75,0.88,0.4375,0.7,0.5384615384615384,0.8877777777777778,0.370603454516498,0.78,0.9,0.5,0.7,0.5833333333333334,6,0,nq,long_form,BAAI/bge-base-en-v1.5,when,global_fixed,reporting_only,,100,10,90,0.13422035034157356,,,,
unit2,Reference validation + 0.5 span blend: BAAI/bge-base-en-v1.5,prediction_span_ablation,correct_label,prediction_span_blend_similarity_BAAI_bge_base_en_v1.5,reference_answer_v2,10,90,,,,0.774,0.88,0.4375,0.7,0.5384615384615384,0.8877777777777778,0.370603454516498,,,,,,,,nq,long_form,BAAI/bge-base-en-v1.5,when,question_type_cv,applied,,100,10,90,0.13422035034157356,5,0.78;0.78;0.78;0.78;0.75,0.774,0.01200000000000001
unit2,Reference validation + 0.5 span blend: BAAI/bge-base-en-v1.5,prediction_span_ablation,correct_label,prediction_span_blend_similarity_BAAI_bge_base_en_v1.5,reference_answer_v2,12,68,0.7381824180483818,0.5182498274918865,0.21993259055649528,0.75,0.9,0.75,0.5,0.6,0.8639705882352942,0.6588865995115996,0.78,0.9125,0.8571428571428571,0.5,0.631578947368421,1,0,nq,long_form,BAAI/bge-base-en-v1.5,where,global_fixed,reporting_only,,80,12,68,0.15008494913635712,,,,
unit2,Reference validation + 0.5 span blend: BAAI/bge-base-en-v1.5,prediction_span_ablation,correct_label,prediction_span_blend_similarity_BAAI_bge_base_en_v1.5,reference_answer_v2,12,68,,,,0.774,0.9,0.75,0.5,0.6,0.8639705882352942,0.6588865995115996,,,,,,,,nq,long_form,BAAI/bge-base-en-v1.5,where,question_type_cv,applied,,80,12,68,0.15008494913635712,5,0.75;0.78;0.78;0.78;0.78,0.774,0.012000000000000009
unit2,Reference validation + 0.5 span blend: BAAI/bge-base-en-v1.5,prediction_span_ablation,correct_label,prediction_span_blend_similarity_BAAI_bge_base_en_v1.5,reference_answer_v2,20,126,0.7102283485233783,0.47567467474275166,0.2345536737806267,0.75,0.8972602739726028,0.6666666666666666,0.5,0.5714285714285714,0.8277777777777778,0.6359918053134205,0.77,0.9178082191780822,0.9,0.45,0.6,1,4,nq,long_form,BAAI/bge-base-en-v1.5,who,global_fixed,reporting_only,,146,20,126,0.15007618074272677,,,,
unit2,Reference validation + 0.5 span blend: BAAI/bge-base-en-v1.5,prediction_span_ablation,correct_label,prediction_span_blend_similarity_BAAI_bge_base_en_v1.5,reference_answer_v2,20,126,,,,0.764,0.8972602739726028,0.6923076923076923,0.45,0.5454545454545454,0.8277777777777778,0.6359918053134205,,,,,,,,nq,long_form,BAAI/bge-base-en-v1.5,who,question_type_cv,applied,,146,20,126,0.15007618074272677,5,0.77;0.77;0.77;0.77;0.74,0.764,0.01200000000000001
unit2,Reference validation + 0.5 span blend: BAAI/bge-base-en-v1.5,prediction_span_ablation,correct_label,prediction_span_blend_similarity_BAAI_bge_base_en_v1.5,reference_answer_v2,0,14,nan,0.6673127732106617,nan,0.75,0.7857142857142857,0.0,0.0,0.0,nan,nan,0.0,0.0,0.0,0.0,0.0,3,0,nq,long_form,BAAI/bge-base-en-v1.5,yes_no,global_fixed,reporting_only,,14,0,14,0.11744291568215216,,,,
unit2,Reference validation + 0.5 span blend: BAAI/bge-base-en-v1.5,prediction_span_ablation,correct_label,prediction_span_blend_similarity_BAAI_bge_base_en_v1.5,reference_answer_v2,0,14,nan,0.6673127732106617,nan,0.75,0.7857142857142857,0.0,0.0,0.0,nan,nan,0.0,0.0,0.0,0.0,0.0,3,0,nq,long_form,BAAI/bge-base-en-v1.5,yes_no,inherited_global,skipped,num_examples<50,14,0,14,0.11744291568215216,,,,
unit3,Span max similarity: BAAI/bge-base-en-v1.5,span_similarity_ablation,correct_label,span_max_similarity_BAAI_bge_base_en_v1.5,reference_answer_v2,48,452,0.9341558658828338,0.6445394511112069,0.2896164147716269,0.75,0.79,0.3006993006993007,0.8958333333333334,0.450261780104712,0.9263228244837757,0.8116660423222007,0.91,0.966,0.8444444444444444,0.7916666666666666,0.8172043010752689,56,1,nq,long_form,BAAI/bge-base-en-v1.5,all,dataset_global,dataset_reference,,500,48,452,0.15369479507431122,,,,
unit3,Span max similarity: BAAI/bge-base-en-v1.5,span_similarity_ablation,correct_label,span_max_similarity_BAAI_bge_base_en_v1.5,reference_answer_v2,1,30,0.7939521670341492,0.7031322320302328,0.09081993500391639,0.75,0.6451612903225806,0.08333333333333333,1.0,0.15384615384615385,0.7666666666666666,0.125,0.79,0.7741935483870968,0.125,1.0,0.2222222222222222,7,0,nq,long_form,BAAI/bge-base-en-v1.5,definition,global_fixed,reporting_only,,31,1,30,0.10449964312432522,,,,
unit3,Span max similarity: BAAI/bge-base-en-v1.5,span_similarity_ablation,correct_label,span_max_similarity_BAAI_bge_base_en_v1.5,reference_answer_v2,1,30,0.7939521670341492,0.7031322320302328,0.09081993500391639,0.75,0.6451612903225806,0.08333333333333333,1.0,0.15384615384615385,0.7666666666666666,0.125,0.79,0.7741935483870968,0.125,1.0,0.2222222222222222,7,0,nq,long_form,BAAI/bge-base-en-v1.5,definition,inherited_global,skipped,num_examples<50,31,1,30,0.10449964312432522,,,,
unit3,Span max similarity: BAAI/bge-base-en-v1.5,span_similarity_ablation,correct_label,span_max_similarity_BAAI_bge_base_en_v1.5,reference_answer_v2,3,101,0.7283179759979248,0.6611701185160345,0.06714785748189034,0.75,0.7884615384615384,0.047619047619047616,0.3333333333333333,0.08333333333333333,0.693069306930693,0.0969281045751634,0.8,0.9326923076923077,0.16666666666666666,0.3333333333333333,0.2222222222222222,5,0,nq,long_form,BAAI/bge-base-en-v1.5,general,global_fixed,reporting_only,,104,3,101,0.10204483845654372,,,,
unit3,Span max similarity: BAAI/bge-base-en-v1.5,span_similarity_ablation,correct_label,span_max_similarity_BAAI_bge_base_en_v1.5,reference_answer_v2,3,101,0.7283179759979248,0.6611701185160345,0.06714785748189034,0.75,0.7884615384615384,0.047619047619047616,0.3333333333333333,0.08333333333333333,0.693069306930693,0.0969281045751634,0.8,0.9326923076923077,0.16666666666666666,0.3333333333333333,0.2222222222222222,5,0,nq,long_form,BAAI/bge-base-en-v1.5,general,inherited_global,skipped,num_positive<10,104,3,101,0.10204483845654372,,,,
unit3,Span max similarity: BAAI/bge-base-en-v1.5,span_similarity_ablation,correct_label,span_max_similarity_BAAI_bge_base_en_v1.5,reference_answer_v2,0,2,nan,0.6208796501159668,nan,0.75,1.0,0.0,0.0,0.0,nan,nan,0.0,0.0,0.0,0.0,0.0,0,0,nq,long_form,BAAI/bge-base-en-v1.5,list,global_fixed,reporting_only,,2,0,2,0.07658082246780396,,,,
unit3,Span max similarity: BAAI/bge-base-en-v1.5,span_similarity_ablation,correct_label,span_max_similarity_BAAI_bge_base_en_v1.5,reference_answer_v2,0,2,nan,0.6208796501159668,nan,0.75,1.0,0.0,0.0,0.0,nan,nan,0.0,0.0,0.0,0.0,0.0,0,0,nq,long_form,BAAI/bge-base-en-v1.5,list,inherited_global,skipped,num_examples<50,2,0,2,0.07658082246780396,,,,
unit3,Span max similarity: BAAI/bge-base-en-v1.5,span_similarity_ablation,correct_label,span_max_similarity_BAAI_bge_base_en_v1.5,reference_answer_v2,2,21,0.9275607466697693,0.6138736477919987,0.3136870988777706,0.75,0.9130434782608695,0.5,1.0,0.6666666666666666,0.9761904761904762,0.8333333333333333,0.79,0.9565217391304348,0.6666666666666666,1.0,0.8,1,0,nq,long_form,BAAI/bge-base-en-v1.5,number,global_fixed,reporting_only,,23,2,21,0.1432074049181488,,,,
unit3,Span max similarity: BAAI/bge-base-en-v1.5,span_similarity_ablation,correct_label,span_max_similarity_BAAI_bge_base_en_v1.5,reference_answer_v2,2,21,0.9275607466697693,0.6138736477919987,0.3136870988777706,0.75,0.9130434782608695,0.5,1.0,0.6666666666666666,0.9761904761904762,0.8333333333333333,0.79,0.9565217391304348,0.6666666666666666,1.0,0.8,1,0,nq,long_form,BAAI/bge-base-en-v1.5,number,inherited_global,skipped,num_examples<50,23,2,21,0.1432074049181488,,,,
unit3,Span max similarity: BAAI/bge-base-en-v1.5,span_similarity_ablation,correct_label,span_max_similarity_BAAI_bge_base_en_v1.5,reference_answer_v2,10,90,1.0000000476837159,0.684565226899253,0.31543482078446283,0.75,0.73,0.2702702702702703,1.0,0.425531914893617,0.9966666666666667,0.9454545454545454,0.95,0.99,0.9090909090909091,1.0,0.9523809523809523,15,0,nq,long_form,BAAI/bge-base-en-v1.5,when,global_fixed,reporting_only,,100,10,90,0.14901336031747064,,,,
unit3,Span max similarity: BAAI/bge-base-en-v1.5,span_similarity_ablation,correct_label,span_max_similarity_BAAI_bge_base_en_v1.5,reference_answer_v2,10,90,,,,0.9400000000000001,0.98,0.8333333333333334,1.0,0.9090909090909091,0.9966666666666667,0.9454545454545454,,,,,,,,nq,long_form,BAAI/bge-base-en-v1.5,when,question_type_cv,applied,,100,10,90,0.14901336031747064,5,0.95;0.95;0.95;0.95;0.90,0.9400000000000001,0.019999999999999976
unit3,Span max similarity: BAAI/bge-base-en-v1.5,span_similarity_ablation,correct_label,span_max_similarity_BAAI_bge_base_en_v1.5,reference_answer_v2,12,68,0.966155414779981,0.6351887973792413,0.33096661740073974,0.75,0.7875,0.41379310344827586,1.0,0.5853658536585366,0.9767156862745098,0.8647047397047397,0.91,0.9625,0.8461538461538461,0.9166666666666666,0.88,11,0,nq,long_form,BAAI/bge-base-en-v1.5,where,global_fixed,reporting_only,,80,12,68,0.17948527892818691,,,,
unit3,Span max similarity: BAAI/bge-base-en-v1.5,span_similarity_ablation,correct_label,span_max_similarity_BAAI_bge_base_en_v1.5,reference_answer_v2,12,68,,,,0.908,0.95,0.7857142857142857,0.9166666666666666,0.8461538461538461,0.9767156862745098,0.8647047397047397,,,,,,,,nq,long_form,BAAI/bge-base-en-v1.5,where,question_type_cv,applied,,80,12,68,0.17948527892818691,5,0.91;0.91;0.91;0.91;0.90,0.908,0.0040000000000000036
unit3,Span max similarity: BAAI/bge-base-en-v1.5,span_similarity_ablation,correct_label,span_max_similarity_BAAI_bge_base_en_v1.5,reference_answer_v2,20,126,0.9205794259905815,0.5926887643715691,0.32789066161901237,0.75,0.863013698630137,0.5,0.85,0.6296296296296297,0.9109126984126984,0.8305857161123232,0.88,0.958904109589041,0.85,0.85,0.85,13,1,nq,long_form,BAAI/bge-base-en-v1.5,who,global_fixed,reporting_only,,146,20,126,0.1744797569824614,,,,
unit3,Span max similarity: BAAI/bge-base-en-v1.5,span_similarity_ablation,correct_label,span_max_similarity_BAAI_bge_base_en_v1.5,reference_answer_v2,20,126,,,,0.884,0.9383561643835616,0.7619047619047619,0.8,0.7804878048780488,0.9109126984126984,0.8305857161123232,,,,,,,,nq,long_form,BAAI/bge-base-en-v1.5,who,question_type_cv,applied,,146,20,126,0.1744797569824614,5,0.86;0.92;0.88;0.88;0.88,0.884,0.01959591794226544
unit3,Span max similarity: BAAI/bge-base-en-v1.5,span_similarity_ablation,correct_label,span_max_similarity_BAAI_bge_base_en_v1.5,reference_answer_v2,0,14,nan,0.7031488652740207,nan,0.75,0.5714285714285714,0.0,0.0,0.0,nan,nan,0.0,0.0,0.0,0.0,0.0,4,0,nq,long_form,BAAI/bge-base-en-v1.5,yes_no,global_fixed,reporting_only,,14,0,14,0.11905792994604285,,,,
unit3,Span max similarity: BAAI/bge-base-en-v1.5,span_similarity_ablation,correct_label,span_max_similarity_BAAI_bge_base_en_v1.5,reference_answer_v2,0,14,nan,0.7031488652740207,nan,0.75,0.5714285714285714,0.0,0.0,0.0,nan,nan,0.0,0.0,0.0,0.0,0.0,4,0,nq,long_form,BAAI/bge-base-en-v1.5,yes_no,inherited_global,skipped,num_examples<50,14,0,14,0.11905792994604285,,,,
unit3,Conservative multi-view score: BAAI/bge-base-en-v1.5,span_similarity_ablation,correct_label,multi_view_score_BAAI_bge_base_en_v1.5,reference_answer_v2,48,452,0.7585272869405647,0.5733305515474187,0.18519673539314596,0.75,0.854,0.34177215189873417,0.5625,0.4251968503937008,0.8125460914454278,0.49282432467741627,0.79,0.896,0.4642857142857143,0.5416666666666666,0.5,29,4,nq,long_form,BAAI/bge-base-en-v1.5,all,dataset_global,dataset_reference,,500,48,452,0.14705079383809128,,,,
unit3,Conservative multi-view score: BAAI/bge-base-en-v1.5,span_similarity_ablation,correct_label,multi_view_score_BAAI_bge_base_en_v1.5,reference_answer_v2,1,30,0.7936018437147141,0.6809722726543745,0.11262957106033955,0.75,0.6774193548387096,0.09090909090909091,1.0,0.16666666666666666,0.8,0.14285714285714285,0.79,0.8064516129032258,0.14285714285714285,1.0,0.25,6,0,nq,long_form,BAAI/bge-base-en-v1.5,definition,global_fixed,reporting_only,,31,1,30,0.11166048843560941,,,,
unit3,Conservative multi-view score: BAAI/bge-base-en-v1.5,span_similarity_ablation,correct_label,multi_view_score_BAAI_bge_base_en_v1.5,reference_answer_v2,1,30,0.7936018437147141,0.6809722726543745,0.11262957106033955,0.75,0.6774193548387096,0.09090909090909091,1.0,0.16666666666666666,0.8,0.14285714285714285,0.79,0.8064516129032258,0.14285714285714285,1.0,0.25,6,0,nq,long_form,BAAI/bge-base-en-v1.5,definition,inherited_global,skipped,num_examples<50,31,1,30,0.11166048843560941,,,,
unit3,Conservative multi-view score: BAAI/bge-base-en-v1.5,span_similarity_ablation,correct_label,multi_view_score_BAAI_bge_base_en_v1.5,reference_answer_v2,3,101,0.7259722679853439,0.649773082446934,0.07619918553840987,0.75,0.7884615384615384,0.047619047619047616,0.3333333333333333,0.08333333333333333,0.6996699669966997,0.07612903225806451,0.74,0.7692307692307693,0.08,0.6666666666666666,0.14285714285714285,10,0,nq,long_form,BAAI/bge-base-en-v1.5,general,global_fixed,reporting_only,,104,3,101,0.11669333905126562,,,,
unit3,Conservative multi-view score: BAAI/bge-base-en-v1.5,span_similarity_ablation,correct_label,multi_view_score_BAAI_bge_base_en_v1.5,reference_answer_v2,3,101,0.7259722679853439,0.649773082446934,0.07619918553840987,0.75,0.7884615384615384,0.047619047619047616,0.3333333333333333,0.08333333333333333,0.6996699669966997,0.07612903225806451,0.74,0.7692307692307693,0.08,0.6666666666666666,0.14285714285714285,10,0,nq,long_form,BAAI/bge-base-en-v1.5,general,inherited_global,skipped,num_positive<10,104,3,101,0.11669333905126562,,,,
unit3,Conservative multi-view score: BAAI/bge-base-en-v1.5,span_similarity_ablation,correct_label,multi_view_score_BAAI_bge_base_en_v1.5,reference_answer_v2,0,2,nan,0.5976890027523041,nan,0.75,1.0,0.0,0.0,0.0,nan,nan,0.0,0.0,0.0,0.0,0.0,0,0,nq,long_form,BAAI/bge-base-en-v1.5,list,global_fixed,reporting_only,,2,0,2,0.09867911338806154,,,,
unit3,Conservative multi-view score: BAAI/bge-base-en-v1.5,span_similarity_ablation,correct_label,multi_view_score_BAAI_bge_base_en_v1.5,reference_answer_v2,0,2,nan,0.5976890027523041,nan,0.75,1.0,0.0,0.0,0.0,nan,nan,0.0,0.0,0.0,0.0,0.0,0,0,nq,long_form,BAAI/bge-base-en-v1.5,list,inherited_global,skipped,num_examples<50,2,0,2,0.09867911338806154,,,,
unit3,Conservative multi-view score: BAAI/bge-base-en-v1.5,span_similarity_ablation,correct_label,multi_view_score_BAAI_bge_base_en_v1.5,reference_answer_v2,2,21,0.8579393312335015,0.5450239607266019,0.31291537050689966,0.75,0.9565217391304348,0.6666666666666666,1.0,0.8,1.0,1.0,0.84,1.0,1.0,1.0,1.0,1,0,nq,long_form,BAAI/bge-base-en-v1.5,number,global_fixed,reporting_only,,23,2,21,0.12845693251897355,,,,
unit3,Conservative multi-view score: BAAI/bge-base-en-v1.5,span_similarity_ablation,correct_label,multi_view_score_BAAI_bge_base_en_v1.5,reference_answer_v2,2,21,0.8579393312335015,0.5450239607266019,0.31291537050689966,0.75,0.9565217391304348,0.6666666666666666,1.0,0.8,1.0,1.0,0.84,1.0,1.0,1.0,1.0,1,0,nq,long_form,BAAI/bge-base-en-v1.5,number,inherited_global,skipped,num_examples<50,23,2,21,0.12845693251897355,,,,
unit3,Conservative multi-view score: BAAI/bge-base-en-v1.5,span_similarity_ablation,correct_label,multi_view_score_BAAI_bge_base_en_v1.5,reference_answer_v2,10,90,0.7964886724948883,0.595668549405204,0.20082012308968433,0.75,0.86,0.3888888888888889,0.7,0.5,0.9077777777777778,0.43012113617376774,0.78,0.9,0.5,0.7,0.5833333333333334,7,0,nq,long_form,BAAI/bge-base-en-v1.5,when,global_fixed,reporting_only,,100,10,90,0.13351535023293115,,,,
unit3,Conservative multi-view score: BAAI/bge-base-en-v1.5,span_similarity_ablation,correct_label,multi_view_score_BAAI_bge_base_en_v1.5,reference_answer_v2,10,90,,,,0.77,0.87,0.4117647058823529,0.7,0.5185185185185185,0.9077777777777778,0.43012113617376774,,,,,,,,nq,long_form,BAAI/bge-base-en-v1.5,when,question_type_cv,applied,,100,10,90,0.13351535023293115,5,0.78;0.78;0.78;0.78;0.73,0.77,0.020000000000000018
unit3,Conservative multi-view score: BAAI/bge-base-en-v1.5,span_similarity_ablation,correct_label,multi_view_score_BAAI_bge_base_en_v1.5,reference_answer_v2,12,68,0.7609797177215416,0.5299437244806219,0.23103599324091972,0.75,0.9,0.75,0.5,0.6,0.8860294117647058,0.6812250720888242,0.79,0.9125,0.8571428571428571,0.5,0.631578947368421,1,0,nq,long_form,BAAI/bge-base-en-v1.5,where,global_fixed,reporting_only,,80,12,68,0.1496093160496147,,,,
unit3,Conservative multi-view score: BAAI/bge-base-en-v1.5,span_similarity_ablation,correct_label,multi_view_score_BAAI_bge_base_en_v1.5,reference_answer_v2,12,68,,,,0.782,0.9,0.75,0.5,0.6,0.8860294117647058,0.6812250720888242,,,,,,,,nq,long_form,BAAI/bge-base-en-v1.5,where,question_type_cv,applied,,80,12,68,0.1496093160496147,5,0.75;0.79;0.79;0.79;0.79,0.782,0.016000000000000014
unit3,Conservative multi-view score: BAAI/bge-base-en-v1.5,span_similarity_ablation,correct_label,multi_view_score_BAAI_bge_base_en_v1.5,reference_answer_v2,20,126,0.7312634562700987,0.4873760837056334,0.2438873725644653,0.75,0.8972602739726028,0.6666666666666666,0.5,0.5714285714285714,0.85,0.6568160980355466,0.63,0.8767123287671232,0.5384615384615384,0.7,0.6086956521739131,1,4,nq,long_form,BAAI/bge-base-en-v1.5,who,global_fixed,reporting_only,,146,20,126,0.14932074582850333,,,,
unit3,Conservative multi-view score: BAAI/bge-base-en-v1.5,span_similarity_ablation,correct_label,multi_view_score_BAAI_bge_base_en_v1.5,reference_answer_v2,20,126,,,,0.7180000000000001,0.8835616438356164,0.5882352941176471,0.5,0.5405405405405406,0.85,0.6568160980355466,,,,,,,,nq,long_form,BAAI/bge-base-en-v1.5,who,question_type_cv,applied,,146,20,126,0.14932074582850333,5,0.63;0.78;0.78;0.63;0.77,0.7180000000000001,0.0719444229944198
unit3,Conservative multi-view score: BAAI/bge-base-en-v1.5,span_similarity_ablation,correct_label,multi_view_score_BAAI_bge_base_en_v1.5,reference_answer_v2,0,14,nan,0.6708963824169977,nan,0.75,0.7857142857142857,0.0,0.0,0.0,nan,nan,0.0,0.0,0.0,0.0,0.0,3,0,nq,long_form,BAAI/bge-base-en-v1.5,yes_no,global_fixed,reporting_only,,14,0,14,0.11620819805668957,,,,
unit3,Conservative multi-view score: BAAI/bge-base-en-v1.5,span_similarity_ablation,correct_label,multi_view_score_BAAI_bge_base_en_v1.5,reference_answer_v2,0,14,nan,0.6708963824169977,nan,0.75,0.7857142857142857,0.0,0.0,0.0,nan,nan,0.0,0.0,0.0,0.0,0.0,3,0,nq,long_form,BAAI/bge-base-en-v1.5,yes_no,inherited_global,skipped,num_examples<50,14,0,14,0.11620819805668957,,,,
unit4,Factual conflict penalty on span max similarity: BAAI/bge-base-en-v1.5,factual_conflict_penalty,correct_label,factual_conflict_adjusted_span_max_similarity_BAAI_bge_base_en_v1.5,reference_answer_v2,48,452,0.9057704293479523,0.5874654827215582,0.3183049466263941,0.75,0.858,0.3925233644859813,0.875,0.5419354838709678,0.9284891224188789,0.8181370011639713,0.85,0.964,0.8125,0.8125,0.8125,25,1,nq,long_form,BAAI/bge-base-en-v1.5,all,dataset_global,dataset_reference,,500,48,452,0.16318618487143688,,,,
unit4,Factual conflict penalty on span max similarity: BAAI/bge-base-en-v1.5,factual_conflict_penalty,correct_label,factual_conflict_adjusted_span_max_similarity_BAAI_bge_base_en_v1.5,reference_answer_v2,1,30,0.7939521670341492,0.6486600098080105,0.14529215722613864,0.75,0.7419354838709677,0.1111111111111111,1.0,0.2,0.8666666666666667,0.2,0.79,0.8709677419354839,0.2,1.0,0.3333333333333333,3,0,nq,long_form,BAAI/bge-base-en-v1.5,definition,global_fixed,reporting_only,,31,1,30,0.11586904846736726,,,,
unit4,Factual conflict penalty on span max similarity: BAAI/bge-base-en-v1.5,factual_conflict_penalty,correct_label,factual_conflict_adjusted_span_max_similarity_BAAI_bge_base_en_v1.5,reference_answer_v2,1,30,0.7939521670341492,0.6486600098080105,0.14529215722613864,0.75,0.7419354838709677,0.1111111111111111,1.0,0.2,0.8666666666666667,0.2,0.79,0.8709677419354839,0.2,1.0,0.3333333333333333,3,0,nq,long_form,BAAI/bge-base-en-v1.5,definition,inherited_global,skipped,num_examples<50,31,1,30,0.11586904846736726,,,,
unit4,Factual conflict penalty on span max similarity: BAAI/bge-base-en-v1.5,factual_conflict_penalty,correct_label,factual_conflict_adjusted_span_max_similarity_BAAI_bge_base_en_v1.5,reference_answer_v2,3,101,0.6866513093312582,0.6092094358406239,0.07744187349063425,0.75,0.8653846153846154,0.0,0.0,0.0,0.702970297029703,0.08479135243841127,0.73,0.8557692307692307,0.125,0.6666666666666666,0.21052631578947367,1,0,nq,long_form,BAAI/bge-base-en-v1.5,general,global_fixed,reporting_only,,104,3,101,0.10864449639624864,,,,
unit4,Factual conflict penalty on span max similarity: BAAI/bge-base-en-v1.5,factual_conflict_penalty,correct_label,factual_conflict_adjusted_span_max_similarity_BAAI_bge_base_en_v1.5,reference_answer_v2,3,101,0.6866513093312582,0.6092094358406239,0.07744187349063425,0.75,0.8653846153846154,0.0,0.0,0.0,0.702970297029703,0.08479135243841127,0.73,0.8557692307692307,0.125,0.6666666666666666,0.21052631578947367,1,0,nq,long_form,BAAI/bge-base-en-v1.5,general,inherited_global,skipped,num_positive<10,104,3,101,0.10864449639624864,,,,
unit4,Factual conflict penalty on span max similarity: BAAI/bge-base-en-v1.5,factual_conflict_penalty,correct_label,factual_conflict_adjusted_span_max_similarity_BAAI_bge_base_en_v1.5,reference_answer_v2,0,2,nan,0.5583796501159668,nan,0.75,1.0,0.0,0.0,0.0,nan,nan,0.0,0.0,0.0,0.0,0.0,0,0,nq,long_form,BAAI/bge-base-en-v1.5,list,global_fixed,reporting_only,,2,0,2,0.07658082246780396,,,,
unit4,Factual conflict penalty on span max similarity: BAAI/bge-base-en-v1.5,factual_conflict_penalty,correct_label,factual_conflict_adjusted_span_max_similarity_BAAI_bge_base_en_v1.5,reference_answer_v2,0,2,nan,0.5583796501159668,nan,0.75,1.0,0.0,0.0,0.0,nan,nan,0.0,0.0,0.0,0.0,0.0,0,0,nq,long_form,BAAI/bge-base-en-v1.5,list,inherited_global,skipped,num_examples<50,2,0,2,0.07658082246780396,,,,
unit4,Factual conflict penalty on span max similarity: BAAI/bge-base-en-v1.5,factual_conflict_penalty,correct_label,factual_conflict_adjusted_span_max_similarity_BAAI_bge_base_en_v1.5,reference_answer_v2,2,21,0.9275606870651245,0.5358974573158081,0.39166322974931644,0.75,0.9130434782608695,0.5,1.0,0.6666666666666666,1.0,1.0,0.79,1.0,1.0,1.0,1.0,0,0,nq,long_form,BAAI/bge-base-en-v1.5,number,global_fixed,reporting_only,,23,2,21,0.16036573741081744,,,,
unit4,Factual conflict penalty on span max similarity: BAAI/bge-base-en-v1.5,factual_conflict_penalty,correct_label,factual_conflict_adjusted_span_max_similarity_BAAI_bge_base_en_v1.5,reference_answer_v2,2,21,0.9275606870651245,0.5358974573158081,0.39166322974931644,0.75,0.9130434782608695,0.5,1.0,0.6666666666666666,1.0,1.0,0.79,1.0,1.0,1.0,1.0,0,0,nq,long_form,BAAI/bge-base-en-v1.5,number,inherited_global,skipped,num_examples<50,23,2,21,0.16036573741081744,,,,
unit4,Factual conflict penalty on span max similarity: BAAI/bge-base-en-v1.5,factual_conflict_penalty,correct_label,factual_conflict_adjusted_span_max_similarity_BAAI_bge_base_en_v1.5,reference_answer_v2,10,90,0.9824999999999999,0.6278985602325863,0.35460143976741365,0.75,0.84,0.38461538461538464,1.0,0.5555555555555556,0.9966666666666666,0.9666666666666667,0.86,0.98,0.8333333333333334,1.0,0.9090909090909091,7,0,nq,long_form,BAAI/bge-base-en-v1.5,when,global_fixed,reporting_only,,100,10,90,0.15636993679835062,,,,
unit4,Factual conflict penalty on span max similarity: BAAI/bge-base-en-v1.5,factual_conflict_penalty,correct_label,factual_conflict_adjusted_span_max_similarity_BAAI_bge_base_en_v1.5,reference_answer_v2,10,90,,,,0.868,0.95,0.7272727272727273,0.8,0.7619047619047619,0.9966666666666666,0.9666666666666667,,,,,,,,nq,long_form,BAAI/bge-base-en-v1.5,when,question_type_cv,applied,,100,10,90,0.15636993679835062,5,0.81;0.86;0.86;0.95;0.86,0.868,0.04534313619501851
unit4,Factual conflict penalty on span max similarity: BAAI/bge-base-en-v1.5,factual_conflict_penalty,correct_label,factual_conflict_adjusted_span_max_similarity_BAAI_bge_base_en_v1.5,reference_answer_v2,12,68,0.9349054048458735,0.5805669486397455,0.354338456206128,0.75,0.8375,0.48,1.0,0.6486486486486487,0.9712009803921569,0.8148559572472616,0.85,0.95,0.7857142857142857,0.9166666666666666,0.8461538461538461,7,0,nq,long_form,BAAI/bge-base-en-v1.5,where,global_fixed,reporting_only,,80,12,68,0.19182384416056025,,,,
unit4,Factual conflict penalty on span max similarity: BAAI/bge-base-en-v1.5,factual_conflict_penalty,correct_label,factual_conflict_adjusted_span_max_similarity_BAAI_bge_base_en_v1.5,reference_answer_v2,12,68,,,,0.8619999999999999,0.9375,0.7692307692307693,0.8333333333333334,0.8,0.9712009803921569,0.8148559572472616,,,,,,,,nq,long_form,BAAI/bge-base-en-v1.5,where,question_type_cv,applied,,80,12,68,0.19182384416056025,5,0.91;0.85;0.85;0.85;0.85,0.8619999999999999,0.024000000000000018
unit4,Factual conflict penalty on span max similarity: BAAI/bge-base-en-v1.5,factual_conflict_penalty,correct_label,factual_conflict_adjusted_span_max_similarity_BAAI_bge_base_en_v1.5,reference_answer_v2,20,126,0.8862044140696526,0.5311808278636326,0.3550235862060199,0.75,0.9041095890410958,0.6071428571428571,0.85,0.7083333333333334,0.9128968253968254,0.8575097357201663,0.82,0.958904109589041,0.85,0.85,0.85,5,1,nq,long_form,BAAI/bge-base-en-v1.5,who,global_fixed,reporting_only,,146,20,126,0.18319605542731188,,,,
unit4,Factual conflict penalty on span max similarity: BAAI/bge-base-en-v1.5,factual_conflict_penalty,correct_label,factual_conflict_adjusted_span_max_similarity_BAAI_bge_base_en_v1.5,reference_answer_v2,20,126,,,,0.836,0.9315068493150684,0.75,0.75,0.75,0.9128968253968254,0.8575097357201663,,,,,,,,nq,long_form,BAAI/bge-base-en-v1.5,who,question_type_cv,applied,,146,20,126,0.18319605542731188,5,0.80;0.92;0.82;0.82;0.82,0.836,0.04270831300812527
unit4,Factual conflict penalty on span max similarity: BAAI/bge-base-en-v1.5,factual_conflict_penalty,correct_label,factual_conflict_adjusted_span_max_similarity_BAAI_bge_base_en_v1.5,reference_answer_v2,0,14,nan,0.6611165523488506,nan,0.75,0.7142857142857143,0.0,0.0,0.0,nan,nan,0.0,0.0,0.0,0.0,0.0,2,0,nq,long_form,BAAI/bge-base-en-v1.5,yes_no,global_fixed,reporting_only,,14,0,14,0.12285361451478999,,,,
unit4,Factual conflict penalty on span max similarity: BAAI/bge-base-en-v1.5,factual_conflict_penalty,correct_label,factual_conflict_adjusted_span_max_similarity_BAAI_bge_base_en_v1.5,reference_answer_v2,0,14,nan,0.6611165523488506,nan,0.75,0.7142857142857143,0.0,0.0,0.0,nan,nan,0.0,0.0,0.0,0.0,0.0,2,0,nq,long_form,BAAI/bge-base-en-v1.5,yes_no,inherited_global,skipped,num_examples<50,14,0,14,0.12285361451478999,,,,
unit4,Factual conflict penalty on multi-view score: BAAI/bge-base-en-v1.5,factual_conflict_penalty,correct_label,factual_conflict_adjusted_multi_view_score_BAAI_bge_base_en_v1.5,reference_answer_v2,48,452,0.7301418700255454,0.51625658315777,0.21388528686777541,0.75,0.898,0.4716981132075472,0.5208333333333334,0.49504950495049505,0.8177083333333334,0.5657073828150138,0.79,0.924,0.625,0.5208333333333334,0.5681818181818182,14,5,nq,long_form,BAAI/bge-base-en-v1.5,all,dataset_global,dataset_reference,,500,48,452,0.15733720636875256,,,,
unit4,Factual conflict penalty on multi-view score: BAAI/bge-base-en-v1.5,factual_conflict_penalty,correct_label,factual_conflict_adjusted_multi_view_score_BAAI_bge_base_en_v1.5,reference_answer_v2,1,30,0.7936018437147141,0.6265000504321523,0.1671017932825618,0.75,0.8064516129032258,0.14285714285714285,1.0,0.25,0.9,0.25,0.77,0.9032258064516129,0.25,1.0,0.4,3,0,nq,long_form,BAAI/bge-base-en-v1.5,definition,global_fixed,reporting_only,,31,1,30,0.12190258673489127,,,,
unit4,Factual conflict penalty on multi-view score: BAAI/bge-base-en-v1.5,factual_conflict_penalty,correct_label,factual_conflict_adjusted_multi_view_score_BAAI_bge_base_en_v1.5,reference_answer_v2,1,30,0.7936018437147141,0.6265000504321523,0.1671017932825618,0.75,0.8064516129032258,0.14285714285714285,1.0,0.25,0.9,0.25,0.77,0.9032258064516129,0.25,1.0,0.4,3,0,nq,long_form,BAAI/bge-base-en-v1.5,definition,inherited_global,skipped,num_examples<50,31,1,30,0.12190258673489127,,,,
unit4,Factual conflict penalty on multi-view score: BAAI/bge-base-en-v1.5,factual_conflict_penalty,correct_label,factual_conflict_adjusted_multi_view_score_BAAI_bge_base_en_v1.5,reference_answer_v2,3,101,0.6843056013186772,0.5978123997715237,0.08649320154715356,0.75,0.8846153846153846,0.0,0.0,0.0,0.7128712871287128,0.09376571141277024,0.73,0.8557692307692307,0.125,0.6666666666666666,0.21052631578947367,4,0,nq,long_form,BAAI/bge-base-en-v1.5,general,global_fixed,reporting_only,,104,3,101,0.12121013053592103,,,,
unit4,Factual conflict penalty on multi-view score: BAAI/bge-base-en-v1.5,factual_conflict_penalty,correct_label,factual_conflict_adjusted_multi_view_score_BAAI_bge_base_en_v1.5,reference_answer_v2,3,101,0.6843056013186772,0.5978123997715237,0.08649320154715356,0.75,0.8846153846153846,0.0,0.0,0.0,0.7128712871287128,0.09376571141277024,0.73,0.8557692307692307,0.125,0.6666666666666666,0.21052631578947367,4,0,nq,long_form,BAAI/bge-base-en-v1.5,general,inherited_global,skipped,num_positive<10,104,3,101,0.12121013053592103,,,,
unit4,Factual conflict penalty on multi-view score: BAAI/bge-base-en-v1.5,factual_conflict_penalty,correct_label,factual_conflict_adjusted_multi_view_score_BAAI_bge_base_en_v1.5,reference_answer_v2,0,2,nan,0.5351890027523041,nan,0.75,1.0,0.0,0.0,0.0,nan,nan,0.0,0.0,0.0,0.0,0.0,0,0,nq,long_form,BAAI/bge-base-en-v1.5,list,global_fixed,reporting_only,,2,0,2,0.09867911338806154,,,,
unit4,Factual conflict penalty on multi-view score: BAAI/bge-base-en-v1.5,factual_conflict_penalty,correct_label,factual_conflict_adjusted_multi_view_score_BAAI_bge_base_en_v1.5,reference_answer_v2,0,2,nan,0.5351890027523041,nan,0.75,1.0,0.0,0.0,0.0,nan,nan,0.0,0.0,0.0,0.0,0.0,0,0,nq,long_form,BAAI/bge-base-en-v1.5,list,inherited_global,skipped,num_examples<50,2,0,2,0.09867911338806154,,,,
unit4,Factual conflict penalty on multi-view score: BAAI/bge-base-en-v1.5,factual_conflict_penalty,correct_label,factual_conflict_adjusted_multi_view_score_BAAI_bge_base_en_v1.5,reference_answer_v2,2,21,0.8579393312335015,0.4670477702504113,0.39089156098309025,0.75,1.0,1.0,1.0,1.0,1.0,1.0,0.73,1.0,1.0,1.0,1.0,0,0,nq,long_form,BAAI/bge-base-en-v1.5,number,global_fixed,reporting_only,,23,2,21,0.14762785993113356,,,,
unit4,Factual conflict penalty on multi-view score: BAAI/bge-base-en-v1.5,factual_conflict_penalty,correct_label,factual_conflict_adjusted_multi_view_score_BAAI_bge_base_en_v1.5,reference_answer_v2,2,21,0.8579393312335015,0.4670477702504113,0.39089156098309025,0.75,1.0,1.0,1.0,1.0,1.0,1.0,0.73,1.0,1.0,1.0,1.0,0,0,nq,long_form,BAAI/bge-base-en-v1.5,number,inherited_global,skipped,num_examples<50,23,2,21,0.14762785993113356,,,,
unit4,Factual conflict penalty on multi-view score: BAAI/bge-base-en-v1.5,factual_conflict_penalty,correct_label,factual_conflict_adjusted_multi_view_score_BAAI_bge_base_en_v1.5,reference_answer_v2,10,90,0.7789886724948882,0.5390018827385373,0.2399867897563509,0.75,0.9,0.5,0.7,0.5833333333333334,0.9366666666666666,0.6156912813434552,0.79,0.94,0.7,0.7,0.7,3,0,nq,long_form,BAAI/bge-base-en-v1.5,when,global_fixed,reporting_only,,100,10,90,0.14013872927760246,,,,
unit4,Factual conflict penalty on multi-view score: BAAI/bge-base-en-v1.5,factual_conflict_penalty,correct_label,factual_conflict_adjusted_multi_view_score_BAAI_bge_base_en_v1.5,reference_answer_v2,10,90,,,,0.79,0.94,0.7,0.7,0.7,0.9366666666666666,0.6156912813434552,,,,,,,,nq,long_form,BAAI/bge-base-en-v1.5,when,question_type_cv,applied,,100,10,90,0.14013872927760246,5,0.79;0.79;0.79;0.79;0.79,0.79,0.0
unit4,Factual conflict penalty on multi-view score: BAAI/bge-base-en-v1.5,factual_conflict_penalty,correct_label,factual_conflict_adjusted_multi_view_score_BAAI_bge_base_en_v1.5,reference_answer_v2,12,68,0.729729716728131,0.4753218757411261,0.2544078409870049,0.75,0.9,0.75,0.5,0.6,0.8799019607843137,0.6911893184693232,0.81,0.925,1.0,0.5,0.6666666666666666,1,1,nq,long_form,BAAI/bge-base-en-v1.5,where,global_fixed,reporting_only,,80,12,68,0.16565736731071684,,,,
unit4,Factual conflict penalty on multi-view score: BAAI/bge-base-en-v1.5,factual_conflict_penalty,correct_label,factual_conflict_adjusted_multi_view_score_BAAI_bge_base_en_v1.5,reference_answer_v2,12,68,,,,0.806,0.9125,0.8571428571428571,0.5,0.631578947368421,0.8799019607843137,0.6911893184693232,,,,,,,,nq,long_form,BAAI/bge-base-en-v1.5,where,question_type_cv,applied,,80,12,68,0.16565736731071684,5,0.81;0.79;0.81;0.81;0.81,0.806,0.008000000000000007
unit4,Factual conflict penalty on multi-view score: BAAI/bge-base-en-v1.5,factual_conflict_penalty,correct_label,factual_conflict_adjusted_multi_view_score_BAAI_bge_base_en_v1.5,reference_answer_v2,20,126,0.6968884562700988,0.4258681471976969,0.2710203090724019,0.75,0.9178082191780822,0.9,0.45,0.6,0.85,0.6741936307282967,0.72,0.9178082191780822,0.9,0.45,0.6,1,4,nq,long_form,BAAI/bge-base-en-v1.5,who,global_fixed,reporting_only,,146,20,126,0.16002308418412653,,,,
unit4,Factual conflict penalty on multi-view score: BAAI/bge-base-en-v1.5,factual_conflict_penalty,correct_label,factual_conflict_adjusted_multi_view_score_BAAI_bge_base_en_v1.5,reference_answer_v2,20,126,,,,0.674,0.8698630136986302,0.5294117647058824,0.45,0.4864864864864865,0.85,0.6741936307282967,,,,,,,,nq,long_form,BAAI/bge-base-en-v1.5,who,question_type_cv,applied,,146,20,126,0.16002308418412653,5,0.72;0.72;0.72;0.50;0.71,0.674,0.08708616422830895
unit4,Factual conflict penalty on multi-view score: BAAI/bge-base-en-v1.5,factual_conflict_penalty,correct_label,factual_conflict_adjusted_multi_view_score_BAAI_bge_base_en_v1.5,reference_answer_v2,0,14,nan,0.6288640694918276,nan,0.75,0.7857142857142857,0.0,0.0,0.0,nan,nan,0.0,0.0,0.0,0.0,0.0,2,0,nq,long_form,BAAI/bge-base-en-v1.5,yes_no,global_fixed,reporting_only,,14,0,14,0.12389402514987294,,,,
unit4,Factual conflict penalty on multi-view score: BAAI/bge-base-en-v1.5,factual_conflict_penalty,correct_label,factual_conflict_adjusted_multi_view_score_BAAI_bge_base_en_v1.5,reference_answer_v2,0,14,nan,0.6288640694918276,nan,0.75,0.7857142857142857,0.0,0.0,0.0,nan,nan,0.0,0.0,0.0,0.0,0.0,2,0,nq,long_form,BAAI/bge-base-en-v1.5,yes_no,inherited_global,skipped,num_examples<50,14,0,14,0.12389402514987294,,,,
unit6,Reduced fixed multi-view hybrid: BAAI/bge-base-en-v1.5,multi_view_hybrid_scoring,correct_label,unit6_fixed_multi_view_hybrid_score_BAAI_bge_base_en_v1.5,reference_answer_v2,48,452,0.7150970964692535,0.4452600980559065,0.26983699841334696,0.75,0.93,0.7096774193548387,0.4583333333333333,0.5569620253164557,0.871589233038348,0.6155650235478373,0.69,0.922,0.6097560975609756,0.5208333333333334,0.5617977528089888,7,4,nq,long_form,BAAI/bge-base-en-v1.5,all,dataset_global,dataset_reference,,500,48,452,0.1609125349329872,,,,
unit6,Reduced fixed multi-view hybrid: BAAI/bge-base-en-v1.5,multi_view_hybrid_scoring,correct_label,unit6_fixed_multi_view_hybrid_score_BAAI_bge_base_en_v1.5,reference_answer_v2,1,30,0.7197455175220966,0.5375774876401102,0.18216802988198644,0.75,0.9354838709677419,0.0,0.0,0.0,0.9666666666666667,0.5,0.71,0.967741935483871,0.5,1.0,0.6666666666666666,1,0,nq,long_form,BAAI/bge-base-en-v1.5,definition,global_fixed,reporting_only,,31,1,30,0.12384296216772143,,,,
unit6,Reduced fixed multi-view hybrid: BAAI/bge-base-en-v1.5,multi_view_hybrid_scoring,correct_label,unit6_fixed_multi_view_hybrid_score_BAAI_bge_base_en_v1.5,reference_answer_v2,1,30,0.7197455175220966,0.5375774876401102,0.18216802988198644,0.75,0.9354838709677419,0.0,0.0,0.0,0.9666666666666667,0.5,0.71,0.967741935483871,0.5,1.0,0.6666666666666666,1,0,nq,long_form,BAAI/bge-base-en-v1.5,definition,inherited_global,skipped,num_examples<50,31,1,30,0.12384296216772143,,,,
unit6,Reduced fixed multi-view hybrid: BAAI/bge-base-en-v1.5,multi_view_hybrid_scoring,correct_label,unit6_fixed_multi_view_hybrid_score_BAAI_bge_base_en_v1.5,reference_answer_v2,3,101,0.5478111132979393,0.5054775327661037,0.04233358053183556,0.75,0.9615384615384616,0.0,0.0,0.0,0.5907590759075907,0.04914235190097259,0.58,0.7019230769230769,0.0625,0.6666666666666666,0.11428571428571428,1,1,nq,long_form,BAAI/bge-base-en-v1.5,general,global_fixed,reporting_only,,104,3,101,0.11651398151891601,,,,
unit6,Reduced fixed multi-view hybrid: BAAI/bge-base-en-v1.5,multi_view_hybrid_scoring,correct_label,unit6_fixed_multi_view_hybrid_score_BAAI_bge_base_en_v1.5,reference_answer_v2,3,101,0.5478111132979393,0.5054775327661037,0.04233358053183556,0.75,0.9615384615384616,0.0,0.0,0.0,0.5907590759075907,0.04914235190097259,0.58,0.7019230769230769,0.0625,0.6666666666666666,0.11428571428571428,1,1,nq,long_form,BAAI/bge-base-en-v1.5,general,inherited_global,skipped,num_positive<10,104,3,101,0.11651398151891601,,,,
unit6,Reduced fixed multi-view hybrid: BAAI/bge-base-en-v1.5,multi_view_hybrid_scoring,correct_label,unit6_fixed_multi_view_hybrid_score_BAAI_bge_base_en_v1.5,reference_answer_v2,0,2,nan,0.4642737880349159,nan,0.75,1.0,0.0,0.0,0.0,nan,nan,0.0,0.0,0.0,0.0,0.0,0,0,nq,long_form,BAAI/bge-base-en-v1.5,list,global_fixed,reporting_only,,2,0,2,0.10135083273053169,,,,
unit6,Reduced fixed multi-view hybrid: BAAI/bge-base-en-v1.5,multi_view_hybrid_scoring,correct_label,unit6_fixed_multi_view_hybrid_score_BAAI_bge_base_en_v1.5,reference_answer_v2,0,2,nan,0.4642737880349159,nan,0.75,1.0,0.0,0.0,0.0,nan,nan,0.0,0.0,0.0,0.0,0.0,0,0,nq,long_form,BAAI/bge-base-en-v1.5,list,inherited_global,skipped,num_examples<50,2,0,2,0.10135083273053169,,,,
unit6,Reduced fixed multi-view hybrid: BAAI/bge-base-en-v1.5,multi_view_hybrid_scoring,correct_label,unit6_fixed_multi_view_hybrid_score_BAAI_bge_base_en_v1.5,reference_answer_v2,2,21,0.8404755778610706,0.39111662084857624,0.4493589570124944,0.75,0.9565217391304348,1.0,0.5,0.6666666666666666,1.0,1.0,0.62,1.0,1.0,1.0,1.0,0,0,nq,long_form,BAAI/bge-base-en-v1.5,number,global_fixed,reporting_only,,23,2,21,0.16422791547748958,,,,
unit6,Reduced fixed multi-view hybrid: BAAI/bge-base-en-v1.5,multi_view_hybrid_scoring,correct_label,unit6_fixed_multi_view_hybrid_score_BAAI_bge_base_en_v1.5,reference_answer_v2,2,21,0.8404755778610706,0.39111662084857624,0.4493589570124944,0.75,0.9565217391304348,1.0,0.5,0.6666666666666666,1.0,1.0,0.62,1.0,1.0,1.0,1.0,0,0,nq,long_form,BAAI/bge-base-en-v1.5,number,inherited_global,skipped,num_examples<50,23,2,21,0.16422791547748958,,,,
unit6,Reduced fixed multi-view hybrid: BAAI/bge-base-en-v1.5,multi_view_hybrid_scoring,correct_label,unit6_fixed_multi_view_hybrid_score_BAAI_bge_base_en_v1.5,reference_answer_v2,10,90,0.7911914774030446,0.46655227933452537,0.32463919806851926,0.75,0.95,0.7272727272727273,0.8,0.7619047619047619,0.9755555555555555,0.7660056610056609,0.66,0.95,0.6923076923076923,0.9,0.782608695652174,2,0,nq,long_form,BAAI/bge-base-en-v1.5,when,global_fixed,reporting_only,,100,10,90,0.1586809442702806,,,,
unit6,Reduced fixed multi-view hybrid: BAAI/bge-base-en-v1.5,multi_view_hybrid_scoring,correct_label,unit6_fixed_multi_view_hybrid_score_BAAI_bge_base_en_v1.5,reference_answer_v2,10,90,,,,0.67,0.94,0.6666666666666666,0.8,0.7272727272727273,0.9755555555555555,0.7660056610056609,,,,,,,,nq,long_form,BAAI/bge-base-en-v1.5,when,question_type_cv,applied,,100,10,90,0.1586809442702806,5,0.66;0.66;0.66;0.71;0.66,0.67,0.019999999999999976
unit6,Reduced fixed multi-view hybrid: BAAI/bge-base-en-v1.5,multi_view_hybrid_scoring,correct_label,unit6_fixed_multi_view_hybrid_score_BAAI_bge_base_en_v1.5,reference_answer_v2,12,68,0.7244567352657517,0.42269378937624336,0.30176294588950836,0.75,0.9,0.8333333333333334,0.4166666666666667,0.5555555555555556,0.9178921568627451,0.7113185164272121,0.54,0.825,0.46153846153846156,1.0,0.631578947368421,1,0,nq,long_form,BAAI/bge-base-en-v1.5,where,global_fixed,reporting_only,,80,12,68,0.17643056957104758,,,,
unit6,Reduced fixed multi-view hybrid: BAAI/bge-base-en-v1.5,multi_view_hybrid_scoring,correct_label,unit6_fixed_multi_view_hybrid_score_BAAI_bge_base_en_v1.5,reference_answer_v2,12,68,,,,0.5980000000000001,0.825,0.45,0.75,0.5625,0.9178921568627451,0.7113185164272121,,,,,,,,nq,long_form,BAAI/bge-base-en-v1.5,where,question_type_cv,applied,,80,12,68,0.17643056957104758,5,0.54;0.54;0.55;0.81;0.55,0.5980000000000001,0.10609429767899875
unit6,Reduced fixed multi-view hybrid: BAAI/bge-base-en-v1.5,multi_view_hybrid_scoring,correct_label,unit6_fixed_multi_view_hybrid_score_BAAI_bge_base_en_v1.5,reference_answer_v2,20,126,0.6837567510083318,0.36814930027439485,0.3156074507339369,0.75,0.910958904109589,0.8888888888888888,0.4,0.5517241379310345,0.8908730158730159,0.7683892205014602,0.59,0.9315068493150684,0.8125,0.65,0.7222222222222222,0,3,nq,long_form,BAAI/bge-base-en-v1.5,who,global_fixed,reporting_only,,146,20,126,0.1670107438883112,,,,
unit6,Reduced fixed multi-view hybrid: BAAI/bge-base-en-v1.5,multi_view_hybrid_scoring,correct_label,unit6_fixed_multi_view_hybrid_score_BAAI_bge_base_en_v1.5,reference_answer_v2,20,126,,,,0.58,0.910958904109589,0.6842105263157895,0.65,0.6666666666666666,0.8908730158730159,0.7683892205014602,,,,,,,,nq,long_form,BAAI/bge-base-en-v1.5,who,question_type_cv,applied,,146,20,126,0.1670107438883112,5,0.59;0.59;0.59;0.59;0.54,0.58,0.019999999999999976
unit6,Reduced fixed multi-view hybrid: BAAI/bge-base-en-v1.5,multi_view_hybrid_scoring,correct_label,unit6_fixed_multi_view_hybrid_score_BAAI_bge_base_en_v1.5,reference_answer_v2,0,14,nan,0.5582369726096059,nan,0.75,0.8571428571428571,0.0,0.0,0.0,nan,nan,0.0,0.0,0.0,0.0,0.0,2,0,nq,long_form,BAAI/bge-base-en-v1.5,yes_no,global_fixed,reporting_only,,14,0,14,0.1462406912004255,,,,
unit6,Reduced fixed multi-view hybrid: BAAI/bge-base-en-v1.5,multi_view_hybrid_scoring,correct_label,unit6_fixed_multi_view_hybrid_score_BAAI_bge_base_en_v1.5,reference_answer_v2,0,14,nan,0.5582369726096059,nan,0.75,0.8571428571428571,0.0,0.0,0.0,nan,nan,0.0,0.0,0.0,0.0,0.0,2,0,nq,long_form,BAAI/bge-base-en-v1.5,yes_no,inherited_global,skipped,num_examples<50,14,0,14,0.1462406912004255,,,,
unit6,Reduced span-precision multi-view hybrid: BAAI/bge-base-en-v1.5,multi_view_hybrid_scoring,correct_label,unit6_span_precision_multi_view_hybrid_score_BAAI_bge_base_en_v1.5,reference_answer_v2,48,452,0.7456472032858681,0.45576775815790677,0.2898794451279613,0.75,0.928,0.6875,0.4583333333333333,0.55,0.8923303834808259,0.6722810098245683,0.82,0.942,0.88,0.4583333333333333,0.6027397260273972,9,4,nq,long_form,BAAI/bge-base-en-v1.5,all,dataset_global,dataset_reference,,500,48,452,0.1618980458239149,,,,
unit6,Reduced span-precision multi-view hybrid: BAAI/bge-base-en-v1.5,multi_view_hybrid_scoring,correct_label,unit6_span_precision_multi_view_hybrid_score_BAAI_bge_base_en_v1.5,reference_answer_v2,1,30,0.7198428370058536,0.537449271095323,0.18239356591053058,0.75,0.9354838709677419,0.0,0.0,0.0,0.9666666666666667,0.5,0.71,0.967741935483871,0.5,1.0,0.6666666666666666,1,0,nq,long_form,BAAI/bge-base-en-v1.5,definition,global_fixed,reporting_only,,31,1,30,0.12190507219053537,,,,
unit6,Reduced span-precision multi-view hybrid: BAAI/bge-base-en-v1.5,multi_view_hybrid_scoring,correct_label,unit6_span_precision_multi_view_hybrid_score_BAAI_bge_base_en_v1.5,reference_answer_v2,1,30,0.7198428370058536,0.537449271095323,0.18239356591053058,0.75,0.9354838709677419,0.0,0.0,0.0,0.9666666666666667,0.5,0.71,0.967741935483871,0.5,1.0,0.6666666666666666,1,0,nq,long_form,BAAI/bge-base-en-v1.5,definition,inherited_global,skipped,num_examples<50,31,1,30,0.12190507219053537,,,,
unit6,Reduced span-precision multi-view hybrid: BAAI/bge-base-en-v1.5,multi_view_hybrid_scoring,correct_label,unit6_span_precision_multi_view_hybrid_score_BAAI_bge_base_en_v1.5,reference_answer_v2,3,101,0.5484627063075701,0.5070945899228435,0.041368116384726594,0.75,0.9615384615384616,0.0,0.0,0.0,0.6105610561056106,0.05096190167826885,0.58,0.7115384615384616,0.06451612903225806,0.6666666666666666,0.11764705882352941,1,1,nq,long_form,BAAI/bge-base-en-v1.5,general,global_fixed,reporting_only,,104,3,101,0.11537223528125744,,,,
unit6,Reduced span-precision multi-view hybrid: BAAI/bge-base-en-v1.5,multi_view_hybrid_scoring,correct_label,unit6_span_precision_multi_view_hybrid_score_BAAI_bge_base_en_v1.5,reference_answer_v2,3,101,0.5484627063075701,0.5070945899228435,0.041368116384726594,0.75,0.9615384615384616,0.0,0.0,0.0,0.6105610561056106,0.05096190167826885,0.58,0.7115384615384616,0.06451612903225806,0.6666666666666666,0.11764705882352941,1,1,nq,long_form,BAAI/bge-base-en-v1.5,general,inherited_global,skipped,num_positive<10,104,3,101,0.11537223528125744,,,,
unit6,Reduced span-precision multi-view hybrid: BAAI/bge-base-en-v1.5,multi_view_hybrid_scoring,correct_label,unit6_span_precision_multi_view_hybrid_score_BAAI_bge_base_en_v1.5,reference_answer_v2,0,2,nan,0.4668283388018608,nan,0.75,1.0,0.0,0.0,0.0,nan,nan,0.0,0.0,0.0,0.0,0.0,0,0,nq,long_form,BAAI/bge-base-en-v1.5,list,global_fixed,reporting_only,,2,0,2,0.09909971430897713,,,,
unit6,Reduced span-precision multi-view hybrid: BAAI/bge-base-en-v1.5,multi_view_hybrid_scoring,correct_label,unit6_span_precision_multi_view_hybrid_score_BAAI_bge_base_en_v1.5,reference_answer_v2,0,2,nan,0.4668283388018608,nan,0.75,1.0,0.0,0.0,0.0,nan,nan,0.0,0.0,0.0,0.0,0.0,0,0,nq,long_form,BAAI/bge-base-en-v1.5,list,inherited_global,skipped,num_examples<50,2,0,2,0.09909971430897713,,,,
unit6,Reduced span-precision multi-view hybrid: BAAI/bge-base-en-v1.5,multi_view_hybrid_scoring,correct_label,unit6_span_precision_multi_view_hybrid_score_BAAI_bge_base_en_v1.5,reference_answer_v2,2,21,0.8424520008265972,0.3995964858503569,0.4428555149762403,0.75,0.9565217391304348,1.0,0.5,0.6666666666666666,1.0,1.0,0.61,1.0,1.0,1.0,1.0,0,0,nq,long_form,BAAI/bge-base-en-v1.5,number,global_fixed,reporting_only,,23,2,21,0.16216939551966109,,,,
unit6,Reduced span-precision multi-view hybrid: BAAI/bge-base-en-v1.5,multi_view_hybrid_scoring,correct_label,unit6_span_precision_multi_view_hybrid_score_BAAI_bge_base_en_v1.5,reference_answer_v2,2,21,0.8424520008265972,0.3995964858503569,0.4428555149762403,0.75,0.9565217391304348,1.0,0.5,0.6666666666666666,1.0,1.0,0.61,1.0,1.0,1.0,1.0,0,0,nq,long_form,BAAI/bge-base-en-v1.5,number,inherited_global,skipped,num_examples<50,23,2,21,0.16216939551966109,,,,
unit6,Reduced span-precision multi-view hybrid: BAAI/bge-base-en-v1.5,multi_view_hybrid_scoring,correct_label,unit6_span_precision_multi_view_hybrid_score_BAAI_bge_base_en_v1.5,reference_answer_v2,10,90,0.8404939235001802,0.48275283921055673,0.3577410842896234,0.75,0.95,0.7272727272727273,0.8,0.7619047619047619,0.9866666666666667,0.8718650793650793,0.82,0.97,0.8888888888888888,0.8,0.8421052631578947,3,0,nq,long_form,BAAI/bge-base-en-v1.5,when,global_fixed,reporting_only,,100,10,90,0.16376621984110518,,,,
unit6,Reduced span-precision multi-view hybrid: BAAI/bge-base-en-v1.5,multi_view_hybrid_scoring,correct_label,unit6_span_precision_multi_view_hybrid_score_BAAI_bge_base_en_v1.5,reference_answer_v2,10,90,,,,0.736,0.94,0.6666666666666666,0.8,0.7272727272727273,0.9866666666666667,0.8718650793650793,,,,,,,,nq,long_form,BAAI/bge-base-en-v1.5,when,question_type_cv,applied,,100,10,90,0.16376621984110518,5,0.68;0.68;0.68;0.82;0.82,0.736,0.06858571279792894
unit6,Reduced span-precision multi-view hybrid: BAAI/bge-base-en-v1.5,multi_view_hybrid_scoring,correct_label,unit6_span_precision_multi_view_hybrid_score_BAAI_bge_base_en_v1.5,reference_answer_v2,12,68,0.7551480298861861,0.4364510064490703,0.3186970234371158,0.75,0.8875,0.7142857142857143,0.4166666666666667,0.5263157894736842,0.9325980392156863,0.738874079137237,0.58,0.85,0.5,0.9166666666666666,0.6470588235294118,2,0,nq,long_form,BAAI/bge-base-en-v1.5,where,global_fixed,reporting_only,,80,12,68,0.18022260039438018,,,,
unit6,Reduced span-precision multi-view hybrid: BAAI/bge-base-en-v1.5,multi_view_hybrid_scoring,correct_label,unit6_span_precision_multi_view_hybrid_score_BAAI_bge_base_en_v1.5,reference_answer_v2,12,68,,,,0.6239999999999999,0.825,0.45,0.75,0.5625,0.9325980392156863,0.738874079137237,,,,,,,,nq,long_form,BAAI/bge-base-en-v1.5,where,question_type_cv,applied,,80,12,68,0.18022260039438018,5,0.58;0.58;0.58;0.81;0.57,0.6239999999999999,0.09308061022576081
unit6,Reduced span-precision multi-view hybrid: BAAI/bge-base-en-v1.5,multi_view_hybrid_scoring,correct_label,unit6_span_precision_multi_view_hybrid_score_BAAI_bge_base_en_v1.5,reference_answer_v2,20,126,0.7137107603251934,0.3835737910180811,0.33013696930711234,0.75,0.910958904109589,0.8888888888888888,0.4,0.5517241379310345,0.9015873015873016,0.8055003456876849,0.6,0.9452054794520548,0.8,0.8,0.8,0,3,nq,long_form,BAAI/bge-base-en-v1.5,who,global_fixed,reporting_only,,146,20,126,0.16938006413920337,,,,
unit6,Reduced span-precision multi-view hybrid: BAAI/bge-base-en-v1.5,multi_view_hybrid_scoring,correct_label,unit6_span_precision_multi_view_hybrid_score_BAAI_bge_base_en_v1.5,reference_answer_v2,20,126,,,,0.6,0.9452054794520548,0.8,0.8,0.8,0.9015873015873016,0.8055003456876849,,,,,,,,nq,long_form,BAAI/bge-base-en-v1.5,who,question_type_cv,applied,,146,20,126,0.16938006413920337,5,0.60;0.60;0.60;0.60;0.60,0.6,0.0
unit6,Reduced span-precision multi-view hybrid: BAAI/bge-base-en-v1.5,multi_view_hybrid_scoring,correct_label,unit6_span_precision_multi_view_hybrid_score_BAAI_bge_base_en_v1.5,reference_answer_v2,0,14,nan,0.5632207468629062,nan,0.75,0.8571428571428571,0.0,0.0,0.0,nan,nan,0.0,0.0,0.0,0.0,0.0,2,0,nq,long_form,BAAI/bge-base-en-v1.5,yes_no,global_fixed,reporting_only,,14,0,14,0.14528764824028265,,,,
unit6,Reduced span-precision multi-view hybrid: BAAI/bge-base-en-v1.5,multi_view_hybrid_scoring,correct_label,unit6_span_precision_multi_view_hybrid_score_BAAI_bge_base_en_v1.5,reference_answer_v2,0,14,nan,0.5632207468629062,nan,0.75,0.8571428571428571,0.0,0.0,0.0,nan,nan,0.0,0.0,0.0,0.0,0.0,2,0,nq,long_form,BAAI/bge-base-en-v1.5,yes_no,inherited_global,skipped,num_examples<50,14,0,14,0.14528764824028265,,,,
unit6,Reduced span-guarded multi-view hybrid: BAAI/bge-base-en-v1.5,multi_view_hybrid_scoring,correct_label,unit6_span_guarded_multi_view_hybrid_score_BAAI_bge_base_en_v1.5,reference_answer_v2,48,452,0.8536960227042437,0.5570751627091336,0.2966208599951101,0.75,0.93,0.5942028985507246,0.8541666666666666,0.7008547008547008,0.9243178466076696,0.81333642490912,0.82,0.96,0.8333333333333334,0.7291666666666666,0.7777777777777778,11,3,nq,long_form,BAAI/bge-base-en-v1.5,all,dataset_global,dataset_reference,,500,48,452,0.15443522505662877,,,,
unit6,Reduced span-guarded multi-view hybrid: BAAI/bge-base-en-v1.5,multi_view_hybrid_scoring,correct_label,unit6_span_guarded_multi_view_hybrid_score_BAAI_bge_base_en_v1.5,reference_answer_v2,1,30,0.7544790947437288,0.621962567004024,0.1325165277397048,0.75,0.9032258064516129,0.25,1.0,0.4,0.9,0.25,0.75,0.9032258064516129,0.25,1.0,0.4,1,0,nq,long_form,BAAI/bge-base-en-v1.5,definition,global_fixed,reporting_only,,31,1,30,0.1065448264553728,,,,
unit6,Reduced span-guarded multi-view hybrid: BAAI/bge-base-en-v1.5,multi_view_hybrid_scoring,correct_label,unit6_span_guarded_multi_view_hybrid_score_BAAI_bge_base_en_v1.5,reference_answer_v2,1,30,0.7544790947437288,0.621962567004024,0.1325165277397048,0.75,0.9032258064516129,0.25,1.0,0.4,0.9,0.25,0.75,0.9032258064516129,0.25,1.0,0.4,1,0,nq,long_form,BAAI/bge-base-en-v1.5,definition,inherited_global,skipped,num_examples<50,31,1,30,0.1065448264553728,,,,
unit6,Reduced span-guarded multi-view hybrid: BAAI/bge-base-en-v1.5,multi_view_hybrid_scoring,correct_label,unit6_span_guarded_multi_view_hybrid_score_BAAI_bge_base_en_v1.5,reference_answer_v2,3,101,0.638298237323761,0.5867870247733152,0.05151121255044577,0.75,0.9326923076923077,0.0,0.0,0.0,0.6699669966996699,0.06743393009377664,0.67,0.7884615384615384,0.08695652173913043,0.6666666666666666,0.15384615384615385,0,0,nq,long_form,BAAI/bge-base-en-v1.5,general,global_fixed,reporting_only,,104,3,101,0.1035322665208113,,,,
unit6,Reduced span-guarded multi-view hybrid: BAAI/bge-base-en-v1.5,multi_view_hybrid_scoring,correct_label,unit6_span_guarded_multi_view_hybrid_score_BAAI_bge_base_en_v1.5,reference_answer_v2,3,101,0.638298237323761,0.5867870247733152,0.05151121255044577,0.75,0.9326923076923077,0.0,0.0,0.0,0.6699669966996699,0.06743393009377664,0.67,0.7884615384615384,0.08695652173913043,0.6666666666666666,0.15384615384615385,0,0,nq,long_form,BAAI/bge-base-en-v1.5,general,inherited_global,skipped,num_positive<10,104,3,101,0.1035322665208113,,,,
unit6,Reduced span-guarded multi-view hybrid: BAAI/bge-base-en-v1.5,multi_view_hybrid_scoring,correct_label,unit6_span_guarded_multi_view_hybrid_score_BAAI_bge_base_en_v1.5,reference_answer_v2,0,2,nan,0.5484147111574809,nan,0.75,1.0,0.0,0.0,0.0,nan,nan,0.0,0.0,0.0,0.0,0.0,0,0,nq,long_form,BAAI/bge-base-en-v1.5,list,global_fixed,reporting_only,,2,0,2,0.08739030162493389,,,,
unit6,Reduced span-guarded multi-view hybrid: BAAI/bge-base-en-v1.5,multi_view_hybrid_scoring,correct_label,unit6_span_guarded_multi_view_hybrid_score_BAAI_bge_base_en_v1.5,reference_answer_v2,0,2,nan,0.5484147111574809,nan,0.75,1.0,0.0,0.0,0.0,nan,nan,0.0,0.0,0.0,0.0,0.0,0,0,nq,long_form,BAAI/bge-base-en-v1.5,list,inherited_global,skipped,num_examples<50,2,0,2,0.08739030162493389,,,,
unit6,Reduced span-guarded multi-view hybrid: BAAI/bge-base-en-v1.5,multi_view_hybrid_scoring,correct_label,unit6_span_guarded_multi_view_hybrid_score_BAAI_bge_base_en_v1.5,reference_answer_v2,2,21,0.8832234799861909,0.5145119148208982,0.3687115651652927,0.75,0.9565217391304348,0.6666666666666666,1.0,0.8,1.0,1.0,0.76,1.0,1.0,1.0,1.0,0,0,nq,long_form,BAAI/bge-base-en-v1.5,number,global_fixed,reporting_only,,23,2,21,0.14574497926194258,,,,
unit6,Reduced span-guarded multi-view hybrid: BAAI/bge-base-en-v1.5,multi_view_hybrid_scoring,correct_label,unit6_span_guarded_multi_view_hybrid_score_BAAI_bge_base_en_v1.5,reference_answer_v2,2,21,0.8832234799861909,0.5145119148208982,0.3687115651652927,0.75,0.9565217391304348,0.6666666666666666,1.0,0.8,1.0,1.0,0.76,1.0,1.0,1.0,1.0,0,0,nq,long_form,BAAI/bge-base-en-v1.5,number,inherited_global,skipped,num_examples<50,23,2,21,0.14574497926194258,,,,
unit6,Reduced span-guarded multi-view hybrid: BAAI/bge-base-en-v1.5,multi_view_hybrid_scoring,correct_label,unit6_span_guarded_multi_view_hybrid_score_BAAI_bge_base_en_v1.5,reference_answer_v2,10,90,0.943558086037636,0.5931278076213873,0.35043027841624874,0.75,0.91,0.5263157894736842,1.0,0.6896551724137931,0.9955555555555555,0.9651515151515152,0.84,0.98,0.8333333333333334,1.0,0.9090909090909091,4,0,nq,long_form,BAAI/bge-base-en-v1.5,when,global_fixed,reporting_only,,100,10,90,0.1562567795486755,,,,
unit6,Reduced span-guarded multi-view hybrid: BAAI/bge-base-en-v1.5,multi_view_hybrid_scoring,correct_label,unit6_span_guarded_multi_view_hybrid_score_BAAI_bge_base_en_v1.5,reference_answer_v2,10,90,,,,0.852,0.95,0.7272727272727273,0.8,0.7619047619047619,0.9955555555555555,0.9651515151515152,,,,,,,,nq,long_form,BAAI/bge-base-en-v1.5,when,question_type_cv,applied,,100,10,90,0.1562567795486755,5,0.81;0.84;0.84;0.93;0.84,0.852,0.04069397989875162
unit6,Reduced span-guarded multi-view hybrid: BAAI/bge-base-en-v1.5,multi_view_hybrid_scoring,correct_label,unit6_span_guarded_multi_view_hybrid_score_BAAI_bge_base_en_v1.5,reference_answer_v2,12,68,0.8741534953316052,0.5438154044872574,0.33033809084434784,0.75,0.9125,0.6470588235294118,0.9166666666666666,0.7586206896551724,0.9718137254901961,0.8749584704747748,0.79,0.9375,0.7692307692307693,0.8333333333333334,0.8,2,0,nq,long_form,BAAI/bge-base-en-v1.5,where,global_fixed,reporting_only,,80,12,68,0.17761627336667152,,,,
unit6,Reduced span-guarded multi-view hybrid: BAAI/bge-base-en-v1.5,multi_view_hybrid_scoring,correct_label,unit6_span_guarded_multi_view_hybrid_score_BAAI_bge_base_en_v1.5,reference_answer_v2,12,68,,,,0.784,0.9,0.6428571428571429,0.75,0.6923076923076923,0.9718137254901961,0.8749584704747748,,,,,,,,nq,long_form,BAAI/bge-base-en-v1.5,where,question_type_cv,applied,,80,12,68,0.17761627336667152,5,0.79;0.77;0.79;0.80;0.77,0.784,0.01200000000000001
unit6,Reduced span-guarded multi-view hybrid: BAAI/bge-base-en-v1.5,multi_view_hybrid_scoring,correct_label,unit6_span_guarded_multi_view_hybrid_score_BAAI_bge_base_en_v1.5,reference_answer_v2,20,126,0.8308082759380341,0.49758823184739975,0.3332200440906343,0.75,0.958904109589041,0.85,0.85,0.85,0.9111111111111111,0.8570149340268955,0.75,0.958904109589041,0.85,0.85,0.85,2,3,nq,long_form,BAAI/bge-base-en-v1.5,who,global_fixed,reporting_only,,146,20,126,0.16937515484910007,,,,
unit6,Reduced span-guarded multi-view hybrid: BAAI/bge-base-en-v1.5,multi_view_hybrid_scoring,correct_label,unit6_span_guarded_multi_view_hybrid_score_BAAI_bge_base_en_v1.5,reference_answer_v2,20,126,,,,0.756,0.9383561643835616,0.7619047619047619,0.8,0.7804878048780488,0.9111111111111111,0.8570149340268955,,,,,,,,nq,long_form,BAAI/bge-base-en-v1.5,who,question_type_cv,applied,,146,20,126,0.16937515484910007,5,0.74;0.79;0.75;0.75;0.75,0.756,0.01743559577416271
unit6,Reduced span-guarded multi-view hybrid: BAAI/bge-base-en-v1.5,multi_view_hybrid_scoring,correct_label,unit6_span_guarded_multi_view_hybrid_score_BAAI_bge_base_en_v1.5,reference_answer_v2,0,14,nan,0.6367828567798758,nan,0.75,0.8571428571428571,0.0,0.0,0.0,nan,nan,0.0,0.0,0.0,0.0,0.0,2,0,nq,long_form,BAAI/bge-base-en-v1.5,yes_no,global_fixed,reporting_only,,14,0,14,0.12712539486678795,,,,
unit6,Reduced span-guarded multi-view hybrid: BAAI/bge-base-en-v1.5,multi_view_hybrid_scoring,correct_label,unit6_span_guarded_multi_view_hybrid_score_BAAI_bge_base_en_v1.5,reference_answer_v2,0,14,nan,0.6367828567798758,nan,0.75,0.8571428571428571,0.0,0.0,0.0,nan,nan,0.0,0.0,0.0,0.0,0.0,2,0,nq,long_form,BAAI/bge-base-en-v1.5,yes_no,inherited_global,skipped,num_examples<50,14,0,14,0.12712539486678795,,,,
unit6,Reduced span-ranked multi-view hybrid: BAAI/bge-base-en-v1.5,multi_view_hybrid_scoring,correct_label,unit6_span_ranked_multi_view_hybrid_score_BAAI_bge_base_en_v1.5,reference_answer_v2,48,452,0.9049045681891341,0.6060920060366176,0.2988125621525165,0.75,0.844,0.3706896551724138,0.8958333333333334,0.524390243902439,0.9289730825958702,0.8454361786665647,0.85,0.964,0.8125,0.8125,0.8125,33,1,nq,long_form,BAAI/bge-base-en-v1.5,all,dataset_global,dataset_reference,,500,48,452,0.15647176398213342,,,,
unit6,Reduced span-ranked multi-view hybrid: BAAI/bge-base-en-v1.5,multi_view_hybrid_scoring,correct_label,unit6_span_ranked_multi_view_hybrid_score_BAAI_bge_base_en_v1.5,reference_answer_v2,1,30,0.7939132392406463,0.6705001853148143,0.12341305392583202,0.75,0.7096774193548387,0.1,1.0,0.18181818181818182,0.8,0.14285714285714285,0.79,0.8064516129032258,0.14285714285714285,1.0,0.25,4,0,nq,long_form,BAAI/bge-base-en-v1.5,definition,global_fixed,reporting_only,,31,1,30,0.10969435627693383,,,,
unit6,Reduced span-ranked multi-view hybrid: BAAI/bge-base-en-v1.5,multi_view_hybrid_scoring,correct_label,unit6_span_ranked_multi_view_hybrid_score_BAAI_bge_base_en_v1.5,reference_answer_v2,1,30,0.7939132392406463,0.6705001853148143,0.12341305392583202,0.75,0.7096774193548387,0.1,1.0,0.18181818181818182,0.8,0.14285714285714285,0.79,0.8064516129032258,0.14285714285714285,1.0,0.25,4,0,nq,long_form,BAAI/bge-base-en-v1.5,definition,inherited_global,skipped,num_examples<50,31,1,30,0.10969435627693383,,,,
unit6,Reduced span-ranked multi-view hybrid: BAAI/bge-base-en-v1.5,multi_view_hybrid_scoring,correct_label,unit6_span_ranked_multi_view_hybrid_score_BAAI_bge_base_en_v1.5,reference_answer_v2,3,101,0.7030573387940725,0.6293468860480923,0.0737104527459802,0.75,0.875,0.08333333333333333,0.3333333333333333,0.13333333333333333,0.7128712871287128,0.09597423510466987,0.74,0.8461538461538461,0.11764705882352941,0.6666666666666666,0.2,3,0,nq,long_form,BAAI/bge-base-en-v1.5,general,global_fixed,reporting_only,,104,3,101,0.10363287402574885,,,,
unit6,Reduced span-ranked multi-view hybrid: BAAI/bge-base-en-v1.5,multi_view_hybrid_scoring,correct_label,unit6_span_ranked_multi_view_hybrid_score_BAAI_bge_base_en_v1.5,reference_answer_v2,3,101,0.7030573387940725,0.6293468860480923,0.0737104527459802,0.75,0.875,0.08333333333333333,0.3333333333333333,0.13333333333333333,0.7128712871287128,0.09597423510466987,0.74,0.8461538461538461,0.11764705882352941,0.6666666666666666,0.2,3,0,nq,long_form,BAAI/bge-base-en-v1.5,general,inherited_global,skipped,num_positive<10,104,3,101,0.10363287402574885,,,,
unit6,Reduced span-ranked multi-view hybrid: BAAI/bge-base-en-v1.5,multi_view_hybrid_scoring,correct_label,unit6_span_ranked_multi_view_hybrid_score_BAAI_bge_base_en_v1.5,reference_answer_v2,0,2,nan,0.5823578298091888,nan,0.75,1.0,0.0,0.0,0.0,nan,nan,0.0,0.0,0.0,0.0,0.0,0,0,nq,long_form,BAAI/bge-base-en-v1.5,list,global_fixed,reporting_only,,2,0,2,0.07748126983642578,,,,
unit6,Reduced span-ranked multi-view hybrid: BAAI/bge-base-en-v1.5,multi_view_hybrid_scoring,correct_label,unit6_span_ranked_multi_view_hybrid_score_BAAI_bge_base_en_v1.5,reference_answer_v2,0,2,nan,0.5823578298091888,nan,0.75,1.0,0.0,0.0,0.0,nan,nan,0.0,0.0,0.0,0.0,0.0,0,0,nq,long_form,BAAI/bge-base-en-v1.5,list,inherited_global,skipped,num_examples<50,2,0,2,0.07748126983642578,,,,
unit6,Reduced span-ranked multi-view hybrid: BAAI/bge-base-en-v1.5,multi_view_hybrid_scoring,correct_label,unit6_span_ranked_multi_view_hybrid_score_BAAI_bge_base_en_v1.5,reference_answer_v2,2,21,0.9267701178789138,0.5636959875055723,0.3630741303733416,0.75,0.9130434782608695,0.5,1.0,0.6666666666666666,1.0,1.0,0.83,1.0,1.0,1.0,1.0,1,0,nq,long_form,BAAI/bge-base-en-v1.5,number,global_fixed,reporting_only,,23,2,21,0.15110817830834336,,,,
unit6,Reduced span-ranked multi-view hybrid: BAAI/bge-base-en-v1.5,multi_view_hybrid_scoring,correct_label,unit6_span_ranked_multi_view_hybrid_score_BAAI_bge_base_en_v1.5,reference_answer_v2,2,21,0.9267701178789138,0.5636959875055723,0.3630741303733416,0.75,0.9130434782608695,0.5,1.0,0.6666666666666666,1.0,1.0,0.83,1.0,1.0,1.0,1.0,1,0,nq,long_form,BAAI/bge-base-en-v1.5,number,inherited_global,skipped,num_examples<50,23,2,21,0.15110817830834336,,,,
unit6,Reduced span-ranked multi-view hybrid: BAAI/bge-base-en-v1.5,multi_view_hybrid_scoring,correct_label,unit6_span_ranked_multi_view_hybrid_score_BAAI_bge_base_en_v1.5,reference_answer_v2,10,90,0.9697790692448617,0.6440850029488404,0.32569406629602127,0.75,0.81,0.3448275862068966,1.0,0.5128205128205128,0.9955555555555555,0.9651515151515152,0.86,0.98,0.8333333333333334,1.0,0.9090909090909091,7,0,nq,long_form,BAAI/bge-base-en-v1.5,when,global_fixed,reporting_only,,100,10,90,0.1487747034486177,,,,
unit6,Reduced span-ranked multi-view hybrid: BAAI/bge-base-en-v1.5,multi_view_hybrid_scoring,correct_label,unit6_span_ranked_multi_view_hybrid_score_BAAI_bge_base_en_v1.5,reference_answer_v2,10,90,,,,0.8720000000000001,0.95,0.7272727272727273,0.8,0.7619047619047619,0.9955555555555555,0.9651515151515152,,,,,,,,nq,long_form,BAAI/bge-base-en-v1.5,when,question_type_cv,applied,,100,10,90,0.1487747034486177,5,0.83;0.86;0.86;0.95;0.86,0.8720000000000001,0.0406939798987516
unit6,Reduced span-ranked multi-view hybrid: BAAI/bge-base-en-v1.5,multi_view_hybrid_scoring,correct_label,unit6_span_ranked_multi_view_hybrid_score_BAAI_bge_base_en_v1.5,reference_answer_v2,12,68,0.9351288869976998,0.596912801306413,0.3382160856912868,0.75,0.825,0.46153846153846156,1.0,0.631578947368421,0.9754901960784313,0.8851192788692789,0.85,0.95,0.7857142857142857,0.9166666666666666,0.8461538461538461,8,0,nq,long_form,BAAI/bge-base-en-v1.5,where,global_fixed,reporting_only,,80,12,68,0.18368121284541444,,,,
unit6,Reduced span-ranked multi-view hybrid: BAAI/bge-base-en-v1.5,multi_view_hybrid_scoring,correct_label,unit6_span_ranked_multi_view_hybrid_score_BAAI_bge_base_en_v1.5,reference_answer_v2,12,68,,,,0.8480000000000001,0.9375,0.7333333333333333,0.9166666666666666,0.8148148148148148,0.9754901960784313,0.8851192788692789,,,,,,,,nq,long_form,BAAI/bge-base-en-v1.5,where,question_type_cv,applied,,80,12,68,0.18368121284541444,5,0.85;0.85;0.84;0.85;0.85,0.8480000000000001,0.0040000000000000036
unit6,Reduced span-ranked multi-view hybrid: BAAI/bge-base-en-v1.5,multi_view_hybrid_scoring,correct_label,unit6_span_ranked_multi_view_hybrid_score_BAAI_bge_base_en_v1.5,reference_answer_v2,20,126,0.8879728222638368,0.5496142061693329,0.3383586160945039,0.75,0.8835616438356164,0.5483870967741935,0.85,0.6666666666666666,0.9123015873015873,0.8724022702007777,0.88,0.958904109589041,0.8888888888888888,0.8,0.8421052631578947,8,1,nq,long_form,BAAI/bge-base-en-v1.5,who,global_fixed,reporting_only,,146,20,126,0.17710018647317333,,,,
unit6,Reduced span-ranked multi-view hybrid: BAAI/bge-base-en-v1.5,multi_view_hybrid_scoring,correct_label,unit6_span_ranked_multi_view_hybrid_score_BAAI_bge_base_en_v1.5,reference_answer_v2,20,126,,,,0.8559999999999999,0.9383561643835616,0.7619047619047619,0.8,0.7804878048780488,0.9123015873015873,0.8724022702007777,,,,,,,,nq,long_form,BAAI/bge-base-en-v1.5,who,question_type_cv,applied,,146,20,126,0.17710018647317333,5,0.81;0.88;0.88;0.88;0.83,0.8559999999999999,0.030066592756745808
unit6,Reduced span-ranked multi-view hybrid: BAAI/bge-base-en-v1.5,multi_view_hybrid_scoring,correct_label,unit6_span_ranked_multi_view_hybrid_score_BAAI_bge_base_en_v1.5,reference_answer_v2,0,14,nan,0.6759359678175986,nan,0.75,0.7142857142857143,0.0,0.0,0.0,nan,nan,0.0,0.0,0.0,0.0,0.0,2,0,nq,long_form,BAAI/bge-base-en-v1.5,yes_no,global_fixed,reporting_only,,14,0,14,0.11928068830208712,,,,
unit6,Reduced span-ranked multi-view hybrid: BAAI/bge-base-en-v1.5,multi_view_hybrid_scoring,correct_label,unit6_span_ranked_multi_view_hybrid_score_BAAI_bge_base_en_v1.5,reference_answer_v2,0,14,nan,0.6759359678175986,nan,0.75,0.7142857142857143,0.0,0.0,0.0,nan,nan,0.0,0.0,0.0,0.0,0.0,2,0,nq,long_form,BAAI/bge-base-en-v1.5,yes_no,inherited_global,skipped,num_examples<50,14,0,14,0.11928068830208712,,,,
unit6,Reduced semantic-recall multi-view hybrid: BAAI/bge-base-en-v1.5,multi_view_hybrid_scoring,correct_label,unit6_semantic_recall_multi_view_hybrid_score_BAAI_bge_base_en_v1.5,reference_answer_v2,48,452,0.6845469896526386,0.4347524379539063,0.24979455169873233,0.75,0.928,0.7,0.4375,0.5384615384615384,0.8480825958702064,0.5438182661569029,0.67,0.912,0.5416666666666666,0.5416666666666666,0.5416666666666666,8,8,nq,long_form,BAAI/bge-base-en-v1.5,all,dataset_global,dataset_reference,,500,48,452,0.1612511763483052,,,,
unit6,Reduced semantic-recall multi-view hybrid: BAAI/bge-base-en-v1.5,multi_view_hybrid_scoring,correct_label,unit6_semantic_recall_multi_view_hybrid_score_BAAI_bge_base_en_v1.5,reference_answer_v2,1,30,0.7196481980383396,0.5377057041848973,0.1819424938534423,0.75,0.9354838709677419,0.0,0.0,0.0,0.9666666666666667,0.5,0.71,0.967741935483871,0.5,1.0,0.6666666666666666,1,0,nq,long_form,BAAI/bge-base-en-v1.5,definition,global_fixed,reporting_only,,31,1,30,0.12609320778340632,,,,
unit6,Reduced semantic-recall multi-view hybrid: BAAI/bge-base-en-v1.5,multi_view_hybrid_scoring,correct_label,unit6_semantic_recall_multi_view_hybrid_score_BAAI_bge_base_en_v1.5,reference_answer_v2,1,30,0.7196481980383396,0.5377057041848973,0.1819424938534423,0.75,0.9354838709677419,0.0,0.0,0.0,0.9666666666666667,0.5,0.71,0.967741935483871,0.5,1.0,0.6666666666666666,1,0,nq,long_form,BAAI/bge-base-en-v1.5,definition,inherited_global,skipped,num_examples<50,31,1,30,0.12609320778340632,,,,
unit6,Reduced semantic-recall multi-view hybrid: BAAI/bge-base-en-v1.5,multi_view_hybrid_scoring,correct_label,unit6_semantic_recall_multi_view_hybrid_score_BAAI_bge_base_en_v1.5,reference_answer_v2,3,101,0.5471595202883085,0.5038604756093639,0.04329904467894463,0.75,0.9615384615384616,0.0,0.0,0.0,0.594059405940594,0.049032814896458415,0.58,0.7115384615384616,0.06451612903225806,0.6666666666666666,0.11764705882352941,1,1,nq,long_form,BAAI/bge-base-en-v1.5,general,global_fixed,reporting_only,,104,3,101,0.11808352141170567,,,,
unit6,Reduced semantic-recall multi-view hybrid: BAAI/bge-base-en-v1.5,multi_view_hybrid_scoring,correct_label,unit6_semantic_recall_multi_view_hybrid_score_BAAI_bge_base_en_v1.5,reference_answer_v2,3,101,0.5471595202883085,0.5038604756093639,0.04329904467894463,0.75,0.9615384615384616,0.0,0.0,0.0,0.594059405940594,0.049032814896458415,0.58,0.7115384615384616,0.06451612903225806,0.6666666666666666,0.11764705882352941,1,1,nq,long_form,BAAI/bge-base-en-v1.5,general,inherited_global,skipped,num_positive<10,104,3,101,0.11808352141170567,,,,
unit6,Reduced semantic-recall multi-view hybrid: BAAI/bge-base-en-v1.5,multi_view_hybrid_scoring,correct_label,unit6_semantic_recall_multi_view_hybrid_score_BAAI_bge_base_en_v1.5,reference_answer_v2,0,2,nan,0.46171923726797104,nan,0.75,1.0,0.0,0.0,0.0,nan,nan,0.0,0.0,0.0,0.0,0.0,0,0,nq,long_form,BAAI/bge-base-en-v1.5,list,global_fixed,reporting_only,,2,0,2,0.10360195115208626,,,,
unit6,Reduced semantic-recall multi-view hybrid: BAAI/bge-base-en-v1.5,multi_view_hybrid_scoring,correct_label,unit6_semantic_recall_multi_view_hybrid_score_BAAI_bge_base_en_v1.5,reference_answer_v2,0,2,nan,0.46171923726797104,nan,0.75,1.0,0.0,0.0,0.0,nan,nan,0.0,0.0,0.0,0.0,0.0,0,0,nq,long_form,BAAI/bge-base-en-v1.5,list,inherited_global,skipped,num_examples<50,2,0,2,0.10360195115208626,,,,
unit6,Reduced semantic-recall multi-view hybrid: BAAI/bge-base-en-v1.5,multi_view_hybrid_scoring,correct_label,unit6_semantic_recall_multi_view_hybrid_score_BAAI_bge_base_en_v1.5,reference_answer_v2,2,21,0.838499154895544,0.38263675584679563,0.4558623990487484,0.75,0.9565217391304348,1.0,0.5,0.6666666666666666,1.0,1.0,0.63,1.0,1.0,1.0,1.0,0,0,nq,long_form,BAAI/bge-base-en-v1.5,number,global_fixed,reporting_only,,23,2,21,0.1669840631738645,,,,
unit6,Reduced semantic-recall multi-view hybrid: BAAI/bge-base-en-v1.5,multi_view_hybrid_scoring,correct_label,unit6_semantic_recall_multi_view_hybrid_score_BAAI_bge_base_en_v1.5,reference_answer_v2,2,21,0.838499154895544,0.38263675584679563,0.4558623990487484,0.75,0.9565217391304348,1.0,0.5,0.6666666666666666,1.0,1.0,0.63,1.0,1.0,1.0,1.0,0,0,nq,long_form,BAAI/bge-base-en-v1.5,number,inherited_global,skipped,num_examples<50,23,2,21,0.1669840631738645,,,,
unit6,Reduced semantic-recall multi-view hybrid: BAAI/bge-base-en-v1.5,multi_view_hybrid_scoring,correct_label,unit6_semantic_recall_multi_view_hybrid_score_BAAI_bge_base_en_v1.5,reference_answer_v2,10,90,0.7418890313059091,0.450351719458494,0.2915373118474151,0.75,0.94,0.7,0.7,0.7,0.9555555555555556,0.6442515379357484,0.66,0.94,0.6666666666666666,0.8,0.7272727272727273,2,0,nq,long_form,BAAI/bge-base-en-v1.5,when,global_fixed,reporting_only,,100,10,90,0.15500080173412709,,,,
unit6,Reduced semantic-recall multi-view hybrid: BAAI/bge-base-en-v1.5,multi_view_hybrid_scoring,correct_label,unit6_semantic_recall_multi_view_hybrid_score_BAAI_bge_base_en_v1.5,reference_answer_v2,10,90,,,,0.672,0.93,0.6363636363636364,0.7,0.6666666666666666,0.9555555555555556,0.6442515379357484,,,,,,,,nq,long_form,BAAI/bge-base-en-v1.5,when,question_type_cv,applied,,100,10,90,0.15500080173412709,5,0.66;0.66;0.72;0.66;0.66,0.672,0.023999999999999976
unit6,Reduced semantic-recall multi-view hybrid: BAAI/bge-base-en-v1.5,multi_view_hybrid_scoring,correct_label,unit6_semantic_recall_multi_view_hybrid_score_BAAI_bge_base_en_v1.5,reference_answer_v2,12,68,0.6937654406453172,0.4089365723034164,0.2848288683419008,0.75,0.9,0.8333333333333334,0.4166666666666667,0.5555555555555556,0.9031862745098039,0.6779511561651741,0.51,0.8125,0.44,0.9166666666666666,0.5945945945945946,1,1,nq,long_form,BAAI/bge-base-en-v1.5,where,global_fixed,reporting_only,,80,12,68,0.17391701890946074,,,,
unit6,Reduced semantic-recall multi-view hybrid: BAAI/bge-base-en-v1.5,multi_view_hybrid_scoring,correct_label,unit6_semantic_recall_multi_view_hybrid_score_BAAI_bge_base_en_v1.5,reference_answer_v2,12,68,,,,0.5820000000000001,0.825,0.4444444444444444,0.6666666666666666,0.5333333333333333,0.9031862745098039,0.6779511561651741,,,,,,,,nq,long_form,BAAI/bge-base-en-v1.5,where,question_type_cv,applied,,80,12,68,0.17391701890946074,5,0.49;0.51;0.67;0.73;0.51,0.5820000000000001,0.09846826900072937
unit6,Reduced semantic-recall multi-view hybrid: BAAI/bge-base-en-v1.5,multi_view_hybrid_scoring,correct_label,unit6_semantic_recall_multi_view_hybrid_score_BAAI_bge_base_en_v1.5,reference_answer_v2,20,126,0.6538027416914701,0.35272480953070856,0.30107793216076156,0.75,0.910958904109589,0.8888888888888888,0.4,0.5517241379310345,0.8793650793650793,0.7304351704625485,0.57,0.9246575342465754,0.8,0.6,0.6857142857142857,1,6,nq,long_form,BAAI/bge-base-en-v1.5,who,global_fixed,reporting_only,,146,20,126,0.16563937881753152,,,,
unit6,Reduced semantic-recall multi-view hybrid: BAAI/bge-base-en-v1.5,multi_view_hybrid_scoring,correct_label,unit6_semantic_recall_multi_view_hybrid_score_BAAI_bge_base_en_v1.5,reference_answer_v2,20,126,,,,0.56,0.9041095890410958,0.6666666666666666,0.6,0.631578947368421,0.8793650793650793,0.7304351704625485,,,,,,,,nq,long_form,BAAI/bge-base-en-v1.5,who,question_type_cv,applied,,146,20,126,0.16563937881753152,5,0.55;0.56;0.56;0.56;0.57,0.56,0.006324555320336729
unit6,Reduced semantic-recall multi-view hybrid: BAAI/bge-base-en-v1.5,multi_view_hybrid_scoring,correct_label,unit6_semantic_recall_multi_view_hybrid_score_BAAI_bge_base_en_v1.5,reference_answer_v2,0,14,nan,0.5532531983563057,nan,0.75,0.8571428571428571,0.0,0.0,0.0,nan,nan,0.0,0.0,0.0,0.0,0.0,2,0,nq,long_form,BAAI/bge-base-en-v1.5,yes_no,global_fixed,reporting_only,,14,0,14,0.14762668749065747,,,,
unit6,Reduced semantic-recall multi-view hybrid: BAAI/bge-base-en-v1.5,multi_view_hybrid_scoring,correct_label,unit6_semantic_recall_multi_view_hybrid_score_BAAI_bge_base_en_v1.5,reference_answer_v2,0,14,nan,0.5532531983563057,nan,0.75,0.8571428571428571,0.0,0.0,0.0,nan,nan,0.0,0.0,0.0,0.0,0.0,2,0,nq,long_form,BAAI/bge-base-en-v1.5,yes_no,inherited_global,skipped,num_examples<50,14,0,14,0.14762668749065747,,,,
