dataset,model,failure_kind,heuristic_type,id,question,ground_truth,prediction,exact_match,token_f1,contains_ground_truth,correct_label,similarity_sentence_transformers_all_MiniLM_L6_v2,similarity_BAAI_bge_base_en_v1.5
results_nq,BGE,high_similarity_wrong,underspecified_or_overspecified_answer,sample_10,"Zinc is more easily oxidized than iron because zinc has a lower reduction potential. since zinc has a lower reduction potential, it is a more what?",active metal,active,0,0.6666666666666666,0,0,0.5899034738540649,0.8021406531333923
results_nq,BGE,high_similarity_wrong,underspecified_or_overspecified_answer,sample_11,What is controlled by both genes and experiences in a given envionment?,animal behaviors,Behavior,0,0.0,0,0,0.6072867512702942,0.8763943910598755
results_nq,BGE,high_similarity_wrong,synonym_or_paraphrase_labeling_artifact,sample_14,What is controlled by regulatory proteins that bind to regulatory elements on dna?,gene transcription,Gene expression,0,0.5,0,0,0.7839295864105225,0.861060380935669
results_nq,BGE,high_similarity_wrong,morphology_or_inflection,sample_30,Where do angiosperms produce seeds in flowers?,ovaries,Ovary,0,0.0,0,0,0.8327300548553467,0.8951192498207092
results_nq,BGE,high_similarity_wrong,morphology_or_inflection,sample_38,"Fungus-like protist saprobes play what role in a food chain and are specialized to absorb nutrients from nonliving organic matter, such as dead organisms or their wastes?",decomposers,Decomposer,0,0.0,0,0,0.959020733833313,0.9136912226676941
results_nq,BGE,high_similarity_wrong,synonym_or_paraphrase_labeling_artifact,sample_57,"Whether the organism is a bacterium, plant, or animal, all living things access energy by breaking down these?",carbohydrate molecules,food molecules,0,0.5,0,0,0.695904552936554,0.8517604470252991
results_nq,BGE,high_similarity_wrong,underspecified_or_overspecified_answer,sample_63,What's the term for the gradual progression from simple plants to larger more complex ones in an area?,primary succession,Succession,0,0.6666666666666666,0,0,0.8740105032920837,0.8195450901985168
results_nq,BGE,high_similarity_wrong,synonym_or_paraphrase_labeling_artifact,sample_66,What consequence of a tornado is responsible for most injuries and deaths?,flying debris,Debris impact,0,0.5,0,0,0.7417299747467041,0.8136395812034607
results_nq,BGE,high_similarity_wrong,synonym_or_paraphrase_labeling_artifact,sample_88,Most of the pathogens that cause stis enter the body through mucous membranes of which organs?,reproductive organs,Sexual organs.,0,0.5,0,0,0.8157496452331543,0.8409339785575867
results_nq,BGE,high_similarity_wrong,synonym_or_paraphrase_labeling_artifact,sample_95,"When water goes above and below its freezing point, what rock-breaking phenomenon is common?",ice wedging,Frost wedging,0,0.5,0,0,0.8144583702087402,0.8935737609863281
results_nq,BGE,high_similarity_wrong,synonym_or_paraphrase_labeling_artifact,sample_97,What type of reactions form compounds?,chemical reactions,Synthesis reactions,0,0.5,0,0,0.7546690106391907,0.8366626501083374
results_nq,BGE,high_similarity_wrong,numeric_equivalence,sample_108,How many different types of taste can be detected by taste buds?,five,5,0,0.0,0,0,0.9229784607887268,0.9198909997940063
results_nq,BGE,high_similarity_wrong,synonym_or_paraphrase_labeling_artifact,sample_115,What renewable energy source converts energy from the sunlight into electricity?,solar energy,Solar panels,0,0.5,0,0,0.7587158679962158,0.8369268774986267
results_nq,BGE,high_similarity_wrong,semantic_relatedness_not_correctness,sample_120,Phosphate-containing ocean sediments form primarily from the bodies of ocean organisms and from their what?,excretions,excreta,0,0.0,0,0,0.8667148351669312,0.859900712966919
results_nq,BGE,high_similarity_wrong,semantic_relatedness_not_correctness,sample_124,"A few earthquakes take place away from plate boundaries, these are called what?",intraplate earthquakes,Intra-plate earthquakes,0,0.4,0,0,0.8981689214706421,0.976912796497345
results_nq,BGE,high_similarity_wrong,synonym_or_paraphrase_labeling_artifact,sample_131,"First, high temperature denatures proteins and does what to cells?",kills them,Kills cells,0,0.5,0,0,0.502190351486206,0.8010231852531433
results_nq,BGE,high_similarity_wrong,synonym_or_paraphrase_labeling_artifact,sample_136,What occurs when groups from the same species stop mating because of something other than physical or geographic separation?,sympatric speciation,Allopatric speciation,0,0.5,0,0,0.6714089512825012,0.8873976469039917
results_nq,BGE,high_similarity_wrong,other_or_true_semantic_error,sample_144,What are made of long chains consisting almost solely of carbon and hydrogen?,lipids,Fats,0,0.0,0,0,0.6038416028022766,0.8222715258598328
results_nq,BGE,high_similarity_wrong,semantic_relatedness_not_correctness,sample_152,What do ranchers fear will happen if wolves return?,livestock predation,Increased predation on cattle.,0,0.3333333333333333,0,0,0.876013994216919,0.879291296005249
results_nq,BGE,high_similarity_wrong,other_or_true_semantic_error,sample_188,What does the cell cycle do?,divide and reproduce cells,Generates new cells through division.,0,0.22222222222222224,0,0,0.7762211561203003,0.8176991939544678
results_nq,BGE,high_similarity_wrong,synonym_or_paraphrase_labeling_artifact,sample_216,Global warming will raise ocean levels due to melt water from glaciers and the greater volume of what?,warmer water,warm water,0,0.5,0,0,0.9005038738250732,0.9438206553459167
results_nq,BGE,high_similarity_wrong,morphology_or_inflection,sample_217,What are groups of young stars loosely held together by gravity called?,open clusters,Open cluster,0,0.5,0,0,0.9454847574234009,0.9744434952735901
results_nq,BGE,high_similarity_wrong,synonym_or_paraphrase_labeling_artifact,sample_220,What does the driving of turbines by the heating of water to steam accomplish?,generation of electricity,Generates electricity.,0,0.4,0,0,0.8558413982391357,0.8841770887374878
results_nq,BGE,high_similarity_wrong,underspecified_or_overspecified_answer,sample_221,What is a device that changes kinetic energy to electrical energy through electromagnetic induction?,an electric generator,Generator,0,0.6666666666666666,0,0,0.8309646248817444,0.8594815135002136
results_nq,BGE,high_similarity_wrong,semantic_relatedness_not_correctness,sample_227,What property of warm air causes it to rise above cold air?,lower density,Less dense,0,0.0,0,0,0.7964804172515869,0.8733506798744202
results_nq,BGE,high_similarity_wrong,synonym_or_paraphrase_labeling_artifact,sample_233,What are fibers that depend on aerobic respiration called?,oxidative fibers,Aerobic fibers,0,0.5,0,0,0.6363407969474792,0.8410003781318665
results_nq,BGE,high_similarity_wrong,other_or_true_semantic_error,sample_247,The simplest class of organic compounds is the what?,hydrocarbons,alkanes,0,0.0,0,0,0.692003071308136,0.8434637188911438
results_nq,BGE,high_similarity_wrong,synonym_or_paraphrase_labeling_artifact,sample_255,What is the name of the two metalloids in the carbon group called?,silicon and germanium,Boron and Silicon,0,0.6666666666666666,0,0,0.6699081063270569,0.8600958585739136
results_nq,BGE,high_similarity_wrong,synonym_or_paraphrase_labeling_artifact,sample_262,"While climate change in earth history was due to natural processes, what is primarily to blame for recent global warming?",human actions,Human activities,0,0.5,0,0,0.7371178865432739,0.9247583150863647
results_nq,BGE,high_similarity_wrong,semantic_relatedness_not_correctness,sample_264,What keeps the moon orbiting earth?,gravity,Gravitational force,0,0.0,0,0,0.7904050946235657,0.8508160710334778
results_nq,BGE,high_similarity_wrong,synonym_or_paraphrase_labeling_artifact,sample_265,What are formed by the attraction between oppositely charged ions?,ionic bonds,Ionic compounds,0,0.5,0,0,0.8100942969322205,0.8575112819671631
results_nq,BGE,high_similarity_wrong,synonym_or_paraphrase_labeling_artifact,sample_271,For what purpose does liver use the excess carbohydrate?,to synthesize glycogen,To store as glycogen.,0,0.5714285714285715,0,0,0.6864519119262695,0.8391919136047363
results_nq,BGE,high_similarity_wrong,synonym_or_paraphrase_labeling_artifact,sample_291,"In this type of reaction, an element replaces another element in a compound, and the element is in any state of matter but is not an ion?",single-replacement reaction,Single displacement reaction,0,0.6666666666666666,0,0,0.6696389317512512,0.8953347206115723
results_nq,BGE,high_similarity_wrong,morphology_or_inflection,sample_301,What is another name for composite volcanos?,stratovolcanoes,Stratovolcanos,0,0.0,0,0,0.9743902683258057,0.9663834571838379
results_nq,BGE,high_similarity_wrong,synonym_or_paraphrase_labeling_artifact,sample_303,What type of winds occur when air is forced over a mountain range?,chinook winds,Mountain winds,0,0.5,0,0,0.6242203712463379,0.8243448734283447
results_nq,BGE,high_similarity_wrong,underspecified_or_overspecified_answer,sample_316,What is likely to happen to a parasite if it kills its host?,it dies,It will die soon after.,0,0.28571428571428575,0,0,0.6677618622779846,0.8349384069442749
results_nq,BGE,high_similarity_wrong,synonym_or_paraphrase_labeling_artifact,sample_330,What are the 2 primary hosts of ebola in central africa?,apes and bats,Bats and primates,0,0.6666666666666666,0,0,0.9175637364387512,0.9147251844406128
results_nq,BGE,high_similarity_wrong,underspecified_or_overspecified_answer,sample_334,What occurs when some members of a species become geographically separated?,allopatric speciation,Speciation,0,0.6666666666666666,0,0,0.7573439478874207,0.8772562742233276
results_nq,BGE,high_similarity_wrong,morphology_or_inflection,sample_352,The function of which organ is to filter blood and form urine?,kidneys,Kidney,0,0.0,0,0,0.8868281841278076,0.9030757546424866
results_nq,BGE,high_similarity_wrong,other_or_true_semantic_error,sample_353,The attraction between all objects in the universe is known as ______.,gravity,gravitation,0,0.0,0,0,0.8280612826347351,0.849552571773529
results_nq,BGE,high_similarity_wrong,numeric_equivalence,sample_366,The kinetic-molecular theory as it applies to gases has how many basic assumptions?,five,5,0,0.0,0,0,0.9229784607887268,0.9198909997940063
results_nq,BGE,high_similarity_wrong,underspecified_or_overspecified_answer,sample_372,Both diffusion and effusion are related to the speed at which what objects move?,gas molecules,molecules,0,0.6666666666666666,0,0,0.8015530109405518,0.8762996196746826
results_nq,BGE,high_similarity_wrong,synonym_or_paraphrase_labeling_artifact,sample_380,The heart and a network of blood vessels that run throughout the body make up what organ system?,cardiovascular system,Circulatory System,0,0.5,0,0,0.7532528638839722,0.8704527616500854
results_nq,BGE,high_similarity_wrong,semantic_relatedness_not_correctness,sample_383,"Different forms, or allotropes, of carbon are diamond, graphite, and what?",fullerenes,fullerene,0,0.0,0,0,0.8909990787506104,0.9689473509788513
results_nq,BGE,high_similarity_wrong,semantic_relatedness_not_correctness,sample_396,"What property is characterized by eddies and swirls that mix layers of fluid together, unlike laminar flow?",turbulence,Turbulent flow,0,0.0,0,0,0.8127655386924744,0.8657864332199097
results_nq,BGE,high_similarity_wrong,underspecified_or_overspecified_answer,sample_403,What are the two main divisions of the human nervous system?,central and peripheral,Central nervous system and peripheral nervous system,0,0.6,0,0,0.667589545249939,0.8212366700172424
results_nq,BGE,high_similarity_wrong,numeric_equivalence,sample_405,The body is made up of how many types of tissue?,four,4,0,0.0,0,0,0.8942002058029175,0.863497257232666
results_nq,BGE,high_similarity_wrong,underspecified_or_overspecified_answer,sample_409,What type of bonds do alkanes only contain?,carbon-carbon single bonds,Carbon-carbon and carbon-hydrogen single bonds,0,0.7272727272727273,0,0,0.9053759574890137,0.936651349067688
results_nq,BGE,high_similarity_wrong,semantic_relatedness_not_correctness,sample_415,"This heat is used to convert water into steam, which is then used to turn a turbine, thus generating what?",electrical power,Electricity,0,0.0,0,0,0.8583699464797974,0.8643051981925964
results_nq,BGE,high_similarity_wrong,underspecified_or_overspecified_answer,sample_438,What temperature scale is obtained by adding 273 degrees from the corresponding celsius temperature?,kelvin scale,Kelvin,0,0.6666666666666666,0,0,0.8134966492652893,0.9069657921791077
results_nq,BGE,high_similarity_wrong,underspecified_or_overspecified_answer,sample_458,Where are aerofoils found?,birds and airplanes,Airplanes,0,0.5,0,0,0.7588648200035095,0.8245498538017273
results_nq,BGE,high_similarity_wrong,underspecified_or_overspecified_answer,sample_466,What happens to the temperature of matter as light is absorbed?,it increases,Increases,0,0.6666666666666666,0,0,0.8541365265846252,0.8775575757026672
results_nq,BGE,high_similarity_wrong,synonym_or_paraphrase_labeling_artifact,sample_469,An action potential that starts at the axon hillock moves along the axon only toward what?,the synaptic terminals,axon terminals,0,0.5,0,0,0.5886072516441345,0.8400040864944458
results_nq,BGE,high_similarity_wrong,synonym_or_paraphrase_labeling_artifact,sample_470,Fission is a type of radioactivity in which large nuclei spontaneously break apart into what?,smaller nuclei,small nuclei,0,0.5,0,0,0.9489541053771973,0.9604299068450928
results_nq,BGE,high_similarity_wrong,underspecified_or_overspecified_answer,sample_484,"The coccyx, or tailbone, results from the fusion of four small what?",coccygeal vertebrae,vertebrae,0,0.6666666666666666,0,0,0.747785210609436,0.8137714862823486
results_nq,BGE,high_similarity_wrong,semantic_relatedness_not_correctness,sample_494,Producers at the base of ecological food webs are also known as?,autotrophic,Autotrophs,0,0.0,0,0,0.8083308339118958,0.8845455646514893
results_nq,BGE,high_similarity_wrong,semantic_relatedness_not_correctness,sample_496,What must happen for two ions to form an ionic bond?,two ions need to have opposite charges,Electrostatic attraction between oppositely charged ions,0,0.15384615384615383,0,0,0.7376693487167358,0.8528562188148499
results_nq,BGE,high_similarity_wrong,underspecified_or_overspecified_answer,sample_497,What is the study of the similarities and differences in the embryos of different species?,comparative embryology,Embryology,0,0.6666666666666666,0,0,0.8779030442237854,0.841647744178772
results_nq,BGE,high_similarity_wrong,synonym_or_paraphrase_labeling_artifact,sample_502,What type of fibers are made mostly of protein in living things?,muscle fibers,Collagen fibers,0,0.5,0,0,0.685050904750824,0.8231680989265442
results_nq,BGE,high_similarity_wrong,synonym_or_paraphrase_labeling_artifact,sample_506,"What kind of cells have positive cell potentials, and all the reduction reactions are reversible?",galvanic cells,Electrochemical cells,0,0.5,0,0,0.6916986703872681,0.8300342559814453
results_nq,BGE,high_similarity_wrong,semantic_relatedness_not_correctness,sample_508,Emissions of what gas into the atmosphere from fossil fuel burning have been rising for the past several decades?,carbon dioxide,CO2,0,0.0,0,0,0.8494597673416138,0.8872536420822144
results_nq,BGE,high_similarity_wrong,semantic_relatedness_not_correctness,sample_535,The gender of a baby is determined by what special pair of chromosomes?,sex chromosomes,X and Y chromosomes,0,0.3333333333333333,0,0,0.6877294778823853,0.8598278164863586
results_nq,BGE,high_similarity_wrong,other_or_true_semantic_error,sample_547,What is the term for an infection caused by a fungal parasite?,mycosis,Fungal infection,0,0.0,0,0,0.5650200247764587,0.8098029494285583
results_nq,BGE,high_similarity_wrong,other_or_true_semantic_error,sample_561,Certain medications can suppress the immune system. this is an intended effect of drugs given to people with what?,transplanted organs,Organ transplant recipients.,0,0.0,0,0,0.782175600528717,0.8313712477684021
results_nq,BGE,high_similarity_wrong,morphology_or_inflection,sample_564,What is the name for a biologist who studies fungi?,mycologists,Mycologist,0,0.0,0,0,0.9269847869873047,0.8971847295761108
results_nq,BGE,high_similarity_wrong,numeric_equivalence,sample_565,How many different kinds of ions are produced when sodium chloride dissociates ?,two,2,0,0.0,0,0,0.8183469772338867,0.8677992224693298
results_nq,BGE,high_similarity_wrong,other_or_true_semantic_error,sample_572,What do we call zeros that appear after nonzero digits?,right-end zeros,Significant zeros,0,0.4,0,0,0.6283513903617859,0.8454105854034424
results_nq,BGE,high_similarity_wrong,semantic_relatedness_not_correctness,sample_577,The mass of the objects and the distance between them affect the strength of what universal force?,gravity,Gravitational force,0,0.0,0,0,0.7904050350189209,0.8508158922195435
results_nq,BGE,high_similarity_wrong,other_or_true_semantic_error,sample_579,Constantly going through some form of growth and repair is a characteristic of all what?,living things,all living organisms,0,0.4,0,0,0.5955219268798828,0.8222382664680481
results_nq,BGE,high_similarity_wrong,synonym_or_paraphrase_labeling_artifact,sample_589,What is the process by which the egg is fertilized by the pollen of the same flower?,self pollination,Self-fertilization,0,0.5,0,0,0.5694940090179443,0.8049846887588501
results_nq,BGE,high_similarity_wrong,underspecified_or_overspecified_answer,sample_597,Atherosclerosis and coronary heart disease are examples of what type of body system disease?,cardiovascular system,Cardiovascular,0,0.6666666666666666,0,0,0.7723233699798584,0.8531554341316223
results_nq,BGE,high_similarity_wrong,semantic_relatedness_not_correctness,sample_599,"Like other bryophytes, moss plants spend most of their life cycle as?",gametophytes,gametophyte,0,0.0,0,0,0.9248483180999756,0.969038724899292
results_nq,BGE,high_similarity_wrong,semantic_relatedness_not_correctness,sample_600,What is a benefit of low sulfur coal over high sulfur coal?,less pollution,Reduced air pollution,0,0.4,0,0,0.7803086638450623,0.9023846387863159
results_nq,BGE,high_similarity_wrong,other_or_true_semantic_error,sample_606,What can damage the hair cells lining the cochlea of the inner ear?,loud sounds,Exposure to loud noise,0,0.3333333333333333,0,0,0.6580309867858887,0.8245792984962463
results_nq,BGE,high_similarity_wrong,synonym_or_paraphrase_labeling_artifact,sample_626,The prevalence of cervical cancer in the united states is very low because of regular screening exams called what?,pap smears,Pap tests,0,0.5,0,0,0.7709832191467285,0.8807279467582703
results_nq,BGE,high_similarity_wrong,other_or_true_semantic_error,sample_629,"As per hutton's unconformity, what happened to the intermediate layers of rock?",they eroded away,Worn away by erosion.,0,0.28571428571428575,0,0,0.6366636157035828,0.8485240936279297
results_nq,BGE,high_similarity_wrong,synonym_or_paraphrase_labeling_artifact,sample_632,Cilia and flagella are extensions of what?,plasma membrane,cell membrane,0,0.5,0,0,0.7394430637359619,0.9140177965164185
results_nq,BGE,high_similarity_wrong,synonym_or_paraphrase_labeling_artifact,sample_634,"During karyogamy, the haploid nuclei contributed by the two parents fuse, which produces what?",diploid cells,Diploid nucleus,0,0.5,0,0,0.8178847432136536,0.8560327291488647
results_nq,BGE,high_similarity_wrong,morphology_or_inflection,sample_678,What do aquatic arthropods use to exchange gases?,gills,Gill,0,0.0,0,0,0.7139317393302917,0.8427397012710571
results_nq,BGE,high_similarity_wrong,other_or_true_semantic_error,sample_679,What kind of rays can travel thousands of meters through air and can penetrate and damage cells deep inside the body?,gamma rays,Ionizing radiation,0,0.0,0,0,0.45265546441078186,0.8161904215812683
results_nq,BGE,high_similarity_wrong,underspecified_or_overspecified_answer,sample_682,What device changes kinetic energy to electrical energy through electromagnetic induction?,electric generator,Generator,0,0.6666666666666666,0,0,0.849216103553772,0.8966141939163208
results_nq,BGE,high_similarity_wrong,synonym_or_paraphrase_labeling_artifact,sample_701,How does air pressure change as altitude increases?,it decreases,Decreases exponentially,0,0.5,0,0,0.6895256042480469,0.8173080086708069
results_nq,BGE,high_similarity_wrong,synonym_or_paraphrase_labeling_artifact,sample_702,"In harmonic motion there is always what force, which acts in the opposite direction of the velocity?",restorative force,Restoring force,0,0.5,0,0,0.6523768305778503,0.8520134091377258
results_nq,BGE,high_similarity_wrong,underspecified_or_overspecified_answer,sample_716,"Humans use many compounds that were first discovered or derived from living organisms as medicines: secondary plant compounds, animal toxins, and antibiotics produced by these?",bacteria and fungi,bacteria,0,0.5,0,0,0.7601220607757568,0.8058285713195801
results_nq,BGE,high_similarity_wrong,morphology_or_inflection,sample_720,What forms when an atom gains electrons?,anions,Anion,0,0.0,0,0,0.8634363412857056,0.9486968517303467
results_nq,BGE,high_similarity_wrong,synonym_or_paraphrase_labeling_artifact,sample_725,Examples of acute forms of what type of diseases include the common cold and influenza?,viral diseases,Infectious diseases,0,0.5,0,0,0.7370952367782593,0.8063317537307739
results_nq,BGE,high_similarity_wrong,numeric_equivalence,sample_742,"What is the ph level of neutral, pure water?",seven,7,0,0.0,0,0,0.9258615374565125,0.904780387878418
results_nq,BGE,high_similarity_wrong,synonym_or_paraphrase_labeling_artifact,sample_759,What is paleobotany?,study of extinct plants,Study of ancient plants.,0,0.75,0,0,0.6668161749839783,0.8790305256843567
results_nq,BGE,high_similarity_wrong,semantic_relatedness_not_correctness,sample_764,In the tropics what are the prevailing winds called?,tradewinds,trade winds,0,0.0,0,0,0.7885816097259521,0.8508437275886536
results_nq,BGE,high_similarity_wrong,other_or_true_semantic_error,sample_781,What state occurs when the amount of solute dissolved exceeds the solubility?,supersaturation,Supersaturated state,0,0.0,0,0,0.6346608996391296,0.8052631616592407
results_nq,BGE,high_similarity_wrong,synonym_or_paraphrase_labeling_artifact,sample_797,The tidal forces near what celestial phenomena are so great they can actually tear matter from a companion star?,black holes,Black hole,0,0.5,0,0,0.9441515803337097,0.9340886473655701
results_nq,BGE,high_similarity_wrong,morphology_or_inflection,sample_805,What creates charged regions in a water molecule?,polar covalent bonds,Polar covalent bond,0,0.6666666666666666,0,0,0.9792749881744385,0.982446014881134
results_nq,BGE,high_similarity_wrong,other_or_true_semantic_error,sample_807,What is the term for environmental causes of mutations?,mutagens,Mutagenic factors,0,0.0,0,0,0.7379395365715027,0.8232554197311401
results_nq,BGE,high_similarity_wrong,other_or_true_semantic_error,sample_827,What do farmers use greenhouses for?,to extend the growing season,To grow plants year-round.,0,0.22222222222222224,0,0,0.7427242994308472,0.8432896137237549
results_nq,BGE,high_similarity_wrong,other_or_true_semantic_error,sample_835,A type of what in a cow's gut enables the animal to digest grass?,bacteria,microbes,0,0.0,0,0,0.810596764087677,0.8425911664962769
results_nq,BGE,high_similarity_wrong,synonym_or_paraphrase_labeling_artifact,sample_842,"What title is used to describe health professionals who use nonsurgical techniques to help patients with musculoskeletal system problems that involve the bones, muscles, ligaments, tendons, or nervous system?",chiropractor chiropractors,Chiropractor,0,0.6666666666666666,0,0,0.9310474991798401,0.9531293511390686
results_nq,BGE,high_similarity_wrong,underspecified_or_overspecified_answer,sample_851,"When we move down a group of elements on the periodic table, what happens to their electronegativity?",it decreases,Decreases,0,0.6666666666666666,0,0,0.8701292872428894,0.9141073822975159
results_nq,BGE,high_similarity_wrong,semantic_relatedness_not_correctness,sample_867,Which kinds of cells have nuclei and other membrane bound organelles?,eukaryotes,Eukaryotic cells,0,0.0,0,0,0.8649791479110718,0.9388816952705383
results_nq,BGE,high_similarity_wrong,semantic_relatedness_not_correctness,sample_875,What gas is released into the atmosphere when fossil fuels are burned?,co2,Carbon dioxide,0,0.0,0,0,0.8494598865509033,0.8872537612915039
results_nq,BGE,high_similarity_wrong,underspecified_or_overspecified_answer,sample_891,What kind of molecule is made from one or more long chains of amino acids?,protein molecule,Protein,0,0.6666666666666666,0,0,0.7665035128593445,0.8523244857788086
results_nq,BGE,high_similarity_wrong,underspecified_or_overspecified_answer,sample_915,What type of charge does a neutron have?,neutral or no charge,No charge,0,0.6666666666666666,0,0,0.5951952934265137,0.8006254434585571
results_nq,BGE,high_similarity_wrong,synonym_or_paraphrase_labeling_artifact,sample_917,Alkaline earth metals are what color?,silvery grey,silvery-white,0,0.5,0,0,0.8453381061553955,0.8236938714981079
results_nq,BGE,high_similarity_wrong,underspecified_or_overspecified_answer,sample_924,"When light is absorbed by a material, what may increase?",its temperature,Temperature,0,0.6666666666666666,0,0,0.8518868088722229,0.822861909866333
results_nq,BGE,high_similarity_wrong,underspecified_or_overspecified_answer,sample_926,"Connective tissues typically have three characteristic components in common: cells, large amounts of amorphous ground substance, and what else?",protein fibers,fibers,0,0.6666666666666666,0,0,0.7849147915840149,0.8584101796150208
results_nq,BGE,high_similarity_wrong,underspecified_or_overspecified_answer,sample_943,Mutations that lead to cancer usually occur in genes that control the cell cycle. these include tumor-suppressor genes and what?,proto-oncogenes,oncogenes,0,0.6666666666666666,0,0,0.77135169506073,0.8349341154098511
results_nq,BGE,high_similarity_wrong,other_or_true_semantic_error,sample_950,Is the progeny produced by asexual reproduction stronger or weaker than seedlings produced by sexual reproduction?,stronger,Weaker,0,0.0,0,0,0.836696207523346,0.8162901997566223
results_nq,BGE,high_similarity_wrong,morphology_or_inflection,sample_955,What takes the shape of the container they are placed in and have a definite volume?,liquids,Liquid,0,0.0,0,0,0.8991069793701172,0.9444252848625183
results_nq,BGE,high_similarity_wrong,semantic_relatedness_not_correctness,sample_963,Why do players with more mass often have a larger impact in football?,momentum is larger,Greater momentum due to mass.,0,0.25,0,0,0.8042158484458923,0.9029726386070251
results_nq,BGE,high_similarity_wrong,underspecified_or_overspecified_answer,sample_964,Corals build hard exoskeletons that grow to become what?,coral reefs,Reef,0,0.0,0,0,0.8460952043533325,0.8281099796295166
results_nq,BGE,high_similarity_wrong,synonym_or_paraphrase_labeling_artifact,sample_973,What encloses the border of animal cells?,plasma membrane,Cell membrane,0,0.5,0,0,0.7394431829452515,0.9140177369117737
results_nq,BGE,high_similarity_wrong,semantic_relatedness_not_correctness,sample_979,All of the monatomic ions have oxidation numbers equal to their?,charges,charge,0,0.0,0,0,0.8498684167861938,0.9130043983459473
results_nq,BGE,high_similarity_wrong,semantic_relatedness_not_correctness,sample_981,Give an example of benthos that live near vents on the deep ocean floor.,tubeworms,Tube worms,0,0.0,0,0,0.9147738814353943,0.9121432900428772
results_nq,BGE,high_similarity_wrong,other_or_true_semantic_error,sample_986,What do electric motors use to change electrical energy into kinetic?,electromagnets,Magnetic fields,0,0.0,0,0,0.6388459205627441,0.8013059496879578
results_nq,BGE,high_similarity_wrong,synonym_or_paraphrase_labeling_artifact,sample_1001,What is the term for the energy of movement?,mechanical energy,Kinetic Energy,0,0.5,0,0,0.6771306395530701,0.808554470539093
results_nq,BGE,high_similarity_wrong,semantic_relatedness_not_correctness,sample_1015,What is biomass made into fuel called?,bio fuel,Biofuel,0,0.0,0,0,0.7164958715438843,0.872018575668335
results_nq,BGE,high_similarity_wrong,semantic_relatedness_not_correctness,sample_1016,What type of thin lava forms shapes and tubes as it flows?,pāhoehoe,Pahoehoe lava,0,0.0,0,0,0.7922465205192566,0.8771325349807739
results_nq,BGE,high_similarity_wrong,synonym_or_paraphrase_labeling_artifact,sample_1022,Increasing voltage with a higher-volt battery does what to the current?,increases it,Increases current,0,0.5,0,0,0.6224656105041504,0.8171634078025818
results_nq,BGE,high_similarity_wrong,underspecified_or_overspecified_answer,sample_1023,Hydrogen peroxide will decompose over time to produce _______ gas.,water and oxygen,Oxygen,0,0.5,0,0,0.8272408246994019,0.8562201857566833
results_nq,BGE,high_similarity_wrong,synonym_or_paraphrase_labeling_artifact,sample_1026,Boiling points increase with which kind of mass?,molar mass,Molecular mass,0,0.5,0,0,0.6311745643615723,0.8094658851623535
results_nq,BGE,high_similarity_wrong,underspecified_or_overspecified_answer,sample_1039,The genes that code for the positive cell cycle regulators are called what?,proto-oncogenes,Oncogenes,0,0.6666666666666666,0,0,0.7713518142700195,0.8349339962005615
results_nq,BGE,high_similarity_wrong,morphology_or_inflection,sample_1042,The chemical behavior of elements can largely be explained by what?,electron configurations,electron configuration,0,0.5,0,0,0.9687709212303162,0.9762027263641357
results_nq,BGE,high_similarity_wrong,synonym_or_paraphrase_labeling_artifact,sample_1055,What theory explains the physical behavior of gases?,kinetic theory of gases,Kinetic Molecular Theory,0,0.5714285714285715,0,0,0.7724248766899109,0.9140295386314392
results_nq,BGE,high_similarity_wrong,synonym_or_paraphrase_labeling_artifact,sample_1060,What causes fertilization to occur?,sperm and an egg fuse,Sperm meets and fuses with an egg.,0,0.6,0,0,0.8910300135612488,0.9501231908798218
results_nq,BGE,high_similarity_wrong,underspecified_or_overspecified_answer,sample_1062,Proto-oncogenes normally help regulate what?,cell division,cell growth and division,0,0.6666666666666666,0,0,0.8432657122612,0.9221115112304688
results_nq,BGE,high_similarity_wrong,other_or_true_semantic_error,sample_1065,What is the outer core made of?,liquid metal,Liquid iron and nickel,0,0.3333333333333333,0,0,0.6757637858390808,0.8131174445152283
results_nq,BGE,high_similarity_wrong,underspecified_or_overspecified_answer,sample_1085,Nearly all of what are constructed from a set of just 20 common amino acids?,biological proteins,Proteins,0,0.6666666666666666,0,0,0.9084293842315674,0.8311052918434143
results_nq,BGE,high_similarity_wrong,other_or_true_semantic_error,sample_1092,How is carbon dioxide and water vapor that is produced by cellular respiration released?,exhalation,Exhaled through lungs.,0,0.0,0,0,0.6736308932304382,0.8108303546905518
results_nq,BGE,high_similarity_wrong,underspecified_or_overspecified_answer,sample_1101,Single bonds allow the atoms they join to rotate freely about the what?,bond axis,axis,0,0.6666666666666666,0,0,0.6708235740661621,0.845374345779419
results_nq,BGE,high_similarity_wrong,synonym_or_paraphrase_labeling_artifact,sample_1106,Bones are part of which body system?,skeletal system,Skeleton System,0,0.5,0,0,0.8707072734832764,0.895983099937439
results_nq,BGE,high_similarity_wrong,morphology_or_inflection,sample_1119,What is the hardest of all minerals?,diamonds,Diamond,0,0.0,0,0,0.9040918350219727,0.9470739960670471
results_nq,BGE,high_similarity_wrong,semantic_relatedness_not_correctness,sample_1131,What is the term for long carbohydrate molecules of repeated monomer units joined together by glycosidic bonds?,polysaccharides,Polysaccharide,0,0.0,0,0,0.9641982913017273,0.9616138339042664
results_nq,BGE,high_similarity_wrong,underspecified_or_overspecified_answer,sample_1134,What speeds up the reactions of chemical digestion?,digestive enzymes,Enzymes,0,0.6666666666666666,0,0,0.8428895473480225,0.8863117694854736
results_nq,BGE,high_similarity_wrong,synonym_or_paraphrase_labeling_artifact,sample_1145,What is a strombolian eruption named for?,mt. stromboli,Stromboli volcano,0,0.5,0,0,0.7962018251419067,0.9002038836479187
results_nq,BGE,high_similarity_wrong,underspecified_or_overspecified_answer,sample_1163,Lenses make use of what to create images?,refraction of light,Refraction,0,0.5,0,0,0.8429913520812988,0.9260873794555664
results_nq,BGE,high_similarity_wrong,semantic_relatedness_not_correctness,sample_1174,What are the three classifications of elements?,"metals, non-metals and metaloids","Metals, Nonmetals, Metalloids",0,0.25,0,0,0.8375270366668701,0.8967441916465759
results_nq,BGE,high_similarity_wrong,synonym_or_paraphrase_labeling_artifact,sample_1198,Materials that are good conductors of thermal energy are called?,thermal conductors,Heat conductors,0,0.5,0,0,0.9152733683586121,0.935904860496521
results_nq,BGE,high_similarity_wrong,morphology_or_inflection,sample_1203,What is the term for the remains or traces of living organisms?,fossils,Fossil,0,0.0,0,0,0.9358166456222534,0.8892495036125183
results_nq,BGE,high_similarity_wrong,synonym_or_paraphrase_labeling_artifact,sample_1204,What type of disease is caused by pathogens?,infectious diseases,Infectious disease,0,0.5,0,0,0.9727953672409058,0.9619743227958679
results_nq,BGE,high_similarity_wrong,synonym_or_paraphrase_labeling_artifact,sample_1207,"Of the three basic types of emissions, which has the highest penetrating power?",gamma radiation,Gamma rays,0,0.5,0,0,0.8812044858932495,0.9409534931182861
results_nq,BGE,high_similarity_wrong,semantic_relatedness_not_correctness,sample_1218,"Occuring throughout the lifespan of the organism, what stages proceed in a certain order?",life cycle stages,Developmental stages,0,0.4,0,0,0.607054591178894,0.8654327392578125
results_nq,BGE,high_similarity_wrong,semantic_relatedness_not_correctness,sample_1230,What will happen if the gas particles inside an inflated balloon suddenly stop moving?,balloon deflates,The balloon will deflate.,0,0.4,0,0,0.7623334527015686,0.8784968852996826
results_nq,BGE,high_similarity_wrong,underspecified_or_overspecified_answer,sample_1239,What are the two types of fermentation?,lactic acid and alcoholic,"Alcoholic fermentation, lactic acid fermentation",0,0.6666666666666665,0,0,0.8281095027923584,0.8962010741233826
results_nq,BGE,high_similarity_wrong,other_or_true_semantic_error,sample_1245,Gravitropism ensures that roots grow into the soil and that shoots grow toward what?,sunlight,light,0,0.0,0,0,0.6176567077636719,0.8082441091537476
results_nq,BGE,high_similarity_wrong,other_or_true_semantic_error,sample_1255,Opposite charges attract and like charges do what?,repulse,repel,0,0.0,0,0,0.7327120304107666,0.8256977200508118
results_nq,BGE,high_similarity_wrong,underspecified_or_overspecified_answer,sample_1259,"For most of a star’s life, hydrogen atoms fuse to form what?",helium atoms,helium,0,0.6666666666666666,0,0,0.8302637934684753,0.909991979598999
results_nq,BGE,high_similarity_wrong,underspecified_or_overspecified_answer,sample_1265,Elements are pure substances that make up what?,all matter,matter,0,0.6666666666666666,0,0,0.8418278098106384,0.8272978663444519
results_nq,BGE,high_similarity_wrong,synonym_or_paraphrase_labeling_artifact,sample_1271,What causes eutrophication to occur?,excess of fertilizers and other nutrients,Excess nutrient runoff.,0,0.2222222222222222,0,0,0.573357880115509,0.8427850008010864
results_nq,BGE,high_similarity_wrong,underspecified_or_overspecified_answer,sample_1276,People with osteoporosis have an increase risk of what?,bone fractures,fractures,0,0.6666666666666666,0,0,0.9021431803703308,0.8907286524772644
results_nq,BGE,high_similarity_wrong,synonym_or_paraphrase_labeling_artifact,sample_1291,Why are the stems of many xerophytes fleshy?,stores water,To store water.,0,0.4,0,0,0.6834699511528015,0.8999088406562805
results_nq,BGE,high_similarity_wrong,other_or_true_semantic_error,sample_1310,Average global temperature has been doing what for the past several decades?,rising,increasing,0,0.0,0,0,0.5928135514259338,0.8147401809692383
results_nq,BGE,high_similarity_wrong,synonym_or_paraphrase_labeling_artifact,sample_1316,What makes the realized niche of chthamalus much smaller than its fundamental niche?,interspecific competition,Competition and predation,0,0.4,0,0,0.6300502419471741,0.8454384207725525
results_nq,BGE,high_similarity_wrong,underspecified_or_overspecified_answer,sample_1335,Enzymes speed up the rate of a specific chemical reaction and is therefore known as what?,biochemical catalysts,Catalysts,0,0.6666666666666666,0,0,0.6948969960212708,0.8285439610481262
results_nq,BGE,high_similarity_wrong,underspecified_or_overspecified_answer,sample_1347,The water in some springs are hot because they're heated by what?,hot magma,magma,0,0.6666666666666666,0,0,0.8715517520904541,0.8768808841705322
results_nq,BGE,high_similarity_wrong,numeric_equivalence,sample_1349,How much can the bacteria in your gut weigh?,2 pounds,1.5 to 2.5 pounds,0,0.5,0,0,0.7842890620231628,0.8484387993812561
results_nq,BGE,high_similarity_wrong,synonym_or_paraphrase_labeling_artifact,sample_1363,What two systems are the lungs part of?,respiratory and excretory,Respiratory and circulatory systems.,0,0.5714285714285715,0,0,0.7109448909759521,0.8019565939903259
results_nq,BGE,high_similarity_wrong,other_or_true_semantic_error,sample_1367,What determines the unique sequence for every protein?,gene encoding,Genetic code in DNA or mRNA,0,0.0,0,0,0.6904036998748779,0.8030754327774048
results_nq,BGE,high_similarity_wrong,underspecified_or_overspecified_answer,sample_1377,What carries the instructions from the nucleus to the cytoplasm?,messenger rna,RNA,0,0.6666666666666666,0,0,0.8352532982826233,0.8440054655075073
results_nq,BGE,high_similarity_wrong,underspecified_or_overspecified_answer,sample_1385,What consists of one or two closed loops through which current can flow?,electric circuit,Circuit,0,0.6666666666666666,0,0,0.8617344498634338,0.8564429879188538
results_nq,BGE,high_similarity_wrong,synonym_or_paraphrase_labeling_artifact,sample_1400,"Graded potentials are temporary changes in what, the characteristics of which depend on the size of the stimuli?",membrane voltage,membrane potential,0,0.5,0,0,0.7795471549034119,0.8306664824485779
results_nq,BGE,high_similarity_wrong,numeric_equivalence,sample_1401,How many different types of taste neurons does the tongue contain?,five,5,0,0.0,0,0,0.9229784607887268,0.9198909997940063
results_nq,BGE,high_similarity_wrong,underspecified_or_overspecified_answer,sample_1460,What happens to meteors as they fall through the mesosphere?,they burn,They heat up and burn due to friction.,0,0.4,0,0,0.7004140019416809,0.8182418942451477
results_nq,BGE,high_similarity_wrong,synonym_or_paraphrase_labeling_artifact,sample_1491,What is produced when sulfur and oxygen combine?,sulfur oxide,Sulfur dioxide,0,0.5,0,0,0.8005786538124084,0.9063772559165955
results_nq,BGE,high_similarity_wrong,semantic_relatedness_not_correctness,sample_1505,What are the two components of a mixture called?,solute and a solvent,Components and solutes/solvents,0,0.28571428571428575,0,0,0.7778046131134033,0.8755958676338196
results_nq,BGE,high_similarity_wrong,underspecified_or_overspecified_answer,sample_1507,What is the arch called that forms when plasma of the sun flows along the loop that connects sunspots?,solar prominence,Prominence,0,0.6666666666666666,0,0,0.7206996083259583,0.8626132607460022
results_nq,BGE,high_similarity_wrong,semantic_relatedness_not_correctness,sample_1516,Which organ of the body do large tapeworms attack or block?,intestines,Intestine,0,0.0,0,0,0.9506204724311829,0.9723537564277649
results_nq,BGE,high_similarity_wrong,synonym_or_paraphrase_labeling_artifact,sample_1528,Carbon is a nonmetal with a significantly higher electronegativity; it is therefore more likely to accept electrons in what kind of reaction?,redox reaction,Oxidation reaction,0,0.5,0,0,0.6950966715812683,0.8148335814476013
results_nq,BGE,high_similarity_wrong,underspecified_or_overspecified_answer,sample_1539,How does the number of protons compare to the number of electrons in an electrically neutral atom?,they are equal,Equal,0,0.5,0,0,0.8200794458389282,0.8751109838485718
results_nq,BGE,high_similarity_wrong,underspecified_or_overspecified_answer,sample_1544,What makes organic compounds ubiquitous is the chemistry of their what?,carbon core,carbon,0,0.6666666666666666,0,0,0.7784151434898376,0.862852931022644
results_nq,BGE,high_similarity_wrong,other_or_true_semantic_error,sample_1548,What determines which type of precipitation falls?,air temperature,Temperature and atmospheric conditions,0,0.3333333333333333,0,0,0.7727424502372742,0.8139129877090454
results_nq,BGE,high_similarity_wrong,morphology_or_inflection,sample_1559,What type of butterfly do birds avoid eating since it makes them sick?,monarch butterflies,Monarch Butterfly,0,0.5,0,0,0.9257291555404663,0.9756098389625549
results_nq,BGE,high_similarity_wrong,synonym_or_paraphrase_labeling_artifact,sample_1566,What is the field of biology that focuses on the study of inheritance in humans?,human genetics,Medical genetics,0,0.5,0,0,0.7917229533195496,0.8483244180679321
results_nq,BGE,high_similarity_wrong,synonym_or_paraphrase_labeling_artifact,sample_1570,What do you call the slope that forms the edge of the continent?,the continental slope,continental shelf,0,0.5,0,0,0.6182331442832947,0.8347339034080505
results_nq,BGE,high_similarity_wrong,underspecified_or_overspecified_answer,sample_1598,What is the term for when a substance boils and changes to gas?,boiling point,Boiling,0,0.6666666666666666,0,0,0.8388190269470215,0.8267056941986084
results_nq,BGE,high_similarity_wrong,synonym_or_paraphrase_labeling_artifact,sample_1630,What does fiber help keep at normal levels in the body?,sugar and lipids,Blood sugar and cholesterol levels.,0,0.5,0,0,0.5700005888938904,0.8239269256591797
results_nq,BGE,high_similarity_wrong,other_or_true_semantic_error,sample_1632,Fossil fuels and nuclear power are what type of resource?,nonrenewable,Non-renewable,0,0.0,0,0,0.5962483286857605,0.8195158243179321
results_nq,BGE,high_similarity_wrong,underspecified_or_overspecified_answer,sample_1636,What is necessary for new alleles to be created?,new mutations,Mutation,0,0.0,0,0,0.88157719373703,0.8481096029281616
results_nq,BGE,high_similarity_wrong,semantic_relatedness_not_correctness,sample_1650,"There is a positive correlation between the ability to conduct thermal energy and what other energy, as exemplified by metals?",electricity,Electrical energy,0,0.0,0,0,0.8310106992721558,0.8713440895080566
results_nq,BGE,high_similarity_wrong,synonym_or_paraphrase_labeling_artifact,sample_1656,What do you call chemical reactions that take place inside living things?,biochemical reactions,Metabolic reactions,0,0.5,0,0,0.8086364269256592,0.8706371784210205
results_nq,BGE,high_similarity_wrong,synonym_or_paraphrase_labeling_artifact,sample_1669,Some consumers such as the mushroom get their energy from what?,dead organic matter,Decomposing organic matter,0,0.6666666666666666,0,0,0.7669438719749451,0.8118022084236145
results_nq,BGE,high_similarity_wrong,other_or_true_semantic_error,sample_1674,What is the number of protons in the nucleus?,atomic number,Number of protons defines the element.,0,0.28571428571428575,0,0,0.596953809261322,0.8031861186027527
results_nq,BGE,high_similarity_wrong,morphology_or_inflection,sample_1678,What takes both the shape and the volume of their container?,gases,Gas,0,0.0,0,0,0.8552170395851135,0.9047124981880188
results_nq,BGE,high_similarity_wrong,synonym_or_paraphrase_labeling_artifact,sample_1683,What do electromagnetic receptors detect?,electromagnetic radiation,Electromagnetic waves,0,0.5,0,0,0.8187431693077087,0.9126627445220947
results_nq,BGE,high_similarity_wrong,underspecified_or_overspecified_answer,sample_1686,"The stomach mucosa’s epithelial lining consists only of surface mucus cells, which secrete a protective coat of what?",alkaline mucus,mucus,0,0.6666666666666666,0,0,0.7499781847000122,0.8389374613761902
results_nq,BGE,high_similarity_wrong,synonym_or_paraphrase_labeling_artifact,sample_1688,What is the process in which unstable nuclei become stable by emitting particles and energy and changing to different elements called?,radioactive decay,Nuclear decay,0,0.5,0,0,0.8623130917549133,0.8996142148971558
results_nq,BGE,high_similarity_wrong,underspecified_or_overspecified_answer,sample_1695,When is melatonin secreted?,at night,During darkness or night.,0,0.3333333333333333,0,0,0.7533910274505615,0.889812171459198
results_nq,BGE,high_similarity_wrong,morphology_or_inflection,sample_1700,"As with other organic compounds that form hydrogen bonds, water solubility of amines is reflected in the length of what?",carbon chains,carbon chain,0,0.5,0,0,0.9612225294113159,0.9691903591156006
results_nq,BGE,high_similarity_wrong,underspecified_or_overspecified_answer,sample_1714,What is it called when electrons are shared equally?,nonpolar bonds,Nonpolar covalent bond,0,0.4,0,0,0.8671671152114868,0.9387082457542419
results_nq,BGE,high_similarity_wrong,synonym_or_paraphrase_labeling_artifact,sample_1730,What causes continents to drift closer to the poles or the equator?,plate movements,Plate tectonics.,0,0.5,0,0,0.632001519203186,0.8503950834274292
results_nq,BGE,high_similarity_wrong,semantic_relatedness_not_correctness,sample_1759,What type of cells make up tumors?,cancer cells,Malignant or benign tumor cells.,0,0.28571428571428575,0,0,0.6942899823188782,0.8525842428207397
results_nq,BGE,high_similarity_wrong,underspecified_or_overspecified_answer,sample_1768,What are chemical messengers that control sexual development and reproduction?,sex hormones,Hormones,0,0.6666666666666666,0,0,0.8863123059272766,0.8600571155548096
results_nq,BGE,high_similarity_wrong,other_or_true_semantic_error,sample_1789,There are three flat skeletal muscles in the antero-lateral wall of what?,abdomen,abdominal cavity,0,0.0,0,0,0.7756999135017395,0.8247952461242676
results_nq,BGE,high_similarity_wrong,underspecified_or_overspecified_answer,sample_1804,What are materials that are poor thermal conductors called?,thermal insulators,Poor thermal conductors are called insulators.,0,0.5,0,0,0.8067763447761536,0.8472177386283875
results_nq,BGE,high_similarity_wrong,semantic_relatedness_not_correctness,sample_1817,"In police radar, a radar gun sends out short bursts of which waves?",microwaves,microwave,0,0.0,0,0,0.9358713030815125,0.9469925165176392
results_nq,BGE,high_similarity_wrong,underspecified_or_overspecified_answer,sample_1830,Where is the food stored before being mixed with the chyme?,fundus of the stomach,Stomach,0,0.5,0,0,0.6818381547927856,0.804862916469574
results_nq,BGE,high_similarity_wrong,synonym_or_paraphrase_labeling_artifact,sample_1846,What system protects the soft organs of the body?,skeletal system,Skeleton system,0,0.5,0,0,0.8707072138786316,0.8959830403327942
results_nq,BGE,high_similarity_wrong,morphology_or_inflection,sample_1850,Reversing the orientation of a chromosomal segment is called what?,inversions,Inversion,0,0.0,0,0,0.9534246921539307,0.9493474960327148
results_nq,BGE,high_similarity_wrong,underspecified_or_overspecified_answer,sample_1851,"What does the clitellum secrete, while the sperm received are stored temporarily?",cocoon of mucus,Mucus to form the cocoon,0,0.5714285714285715,0,0,0.9430035948753357,0.91996169090271
results_nq,BGE,high_similarity_wrong,underspecified_or_overspecified_answer,sample_1873,Different clouds are associated with different types of what?,weather conditions,weather,0,0.6666666666666666,0,0,0.8520411849021912,0.867810845375061
results_nq,BGE,high_similarity_wrong,semantic_relatedness_not_correctness,sample_1899,"Farsightedness, or hyperopia, is the condition in which distant objects are seen clearly, but nearby objects are?",blurry,blurred,0,0.0,0,0,0.8593360185623169,0.8755369186401367
results_nq,BGE,high_similarity_wrong,other_or_true_semantic_error,sample_1914,What is the job of hemoglobin in the body?,transports oxygen,Carry oxygen to cells.,0,0.3333333333333333,0,0,0.7143466472625732,0.8409191966056824
results_nq,BGE,high_similarity_wrong,synonym_or_paraphrase_labeling_artifact,sample_1926,Where does the most important monsoon in the world occur?,southern asia,South Asia,0,0.5,0,0,0.9466305375099182,0.8794541358947754
results_nq,BGE,high_similarity_wrong,semantic_relatedness_not_correctness,sample_1935,The majority of solids are what in nature?,crystalline,crystals,0,0.0,0,0,0.850743293762207,0.8640326857566833
results_nq,BGE,high_similarity_wrong,underspecified_or_overspecified_answer,sample_1939,The term science comes from a latin word that means?,having knowledge,knowledge,0,0.6666666666666666,0,0,0.8402136564254761,0.8546446561813354
results_nq,BGE,high_similarity_wrong,other_or_true_semantic_error,sample_1980,What happens to cells in a hypertonic solution as water leaves the cell via osmosis?,shrinkage,Cells shrink.,0,0.0,0,0,0.6010667681694031,0.817487895488739
results_nq,BGE,high_similarity_wrong,morphology_or_inflection,sample_1997,When naming this type of ion the ending of the element’s name is dropped and replaced with the – ide suffix?,anions,Anion,0,0.0,0,0,0.8634363412857056,0.9486968517303467
results_nq,BGE,high_similarity_wrong,semantic_relatedness_not_correctness,sample_2006,Which theory explains how populations of organisms can change over time?,evolution by natural selection,Theory of Evolution,0,0.28571428571428575,0,0,0.7373174428939819,0.8563098311424255
results_nq,BGE,high_similarity_wrong,underspecified_or_overspecified_answer,sample_2013,What device uses electromagnetic induction to change the voltage of electric current?,electric transformer,Transformer,0,0.6666666666666666,0,0,0.8875645995140076,0.9015758633613586
results_nq,BGE,high_similarity_wrong,synonym_or_paraphrase_labeling_artifact,sample_2020,What nullified the idea that all biological catalysts are proteins?,discovery of ribozymes,Discovery of RNA enzymes,0,0.5714285714285715,0,0,0.5969074368476868,0.9020904302597046
results_nq,BGE,high_similarity_wrong,other_or_true_semantic_error,sample_2028,"Starch is a large, complex carbohydrate made of thousands of _____ joined together?",glucose units (monomers),glucose molecules,0,0.4,0,0,0.623633861541748,0.812518835067749
results_nq,BGE,high_similarity_wrong,semantic_relatedness_not_correctness,sample_2035,"Like people with type 1 diabetes, people with type 2 diabetes must frequently check what level?",blood sugar,Blood glucose level,0,0.4,0,0,0.721196711063385,0.8782447576522827
results_nq,BGE,high_similarity_wrong,semantic_relatedness_not_correctness,sample_2036,Many species in rhizaria are among the organisms referred to as what?,amoebas,amoebae,0,0.0,0,0,0.8676392436027527,0.8741536736488342
results_nq,BGE,high_similarity_wrong,morphology_or_inflection,sample_2053,What does the human heart do?,pump blood,Pumps blood.,0,0.5,0,0,0.857200562953949,0.9254078269004822
results_nq,BGE,high_similarity_wrong,other_or_true_semantic_error,sample_2065,How can people access water in an aquifer that does not flow from a spring or a geyser?,dig a well,Drill a well into the aquifer.,0,0.3333333333333333,0,0,0.6155977845191956,0.8368292450904846
results_nq,BGE,high_similarity_wrong,morphology_or_inflection,sample_2072,What do you call taxes placed on products that produce carbon dioxide?,carbon taxes,Carbon tax,0,0.5,0,0,0.9760969877243042,0.978609561920166
results_nq,BGE,high_similarity_wrong,synonym_or_paraphrase_labeling_artifact,sample_2093,What is the name of the mechanism in which sounds are encoded in microwaves by changing their frequency?,frequency modulation,Acoustic modulation,0,0.5,0,0,0.7346345782279968,0.867908775806427
results_nq,BGE,high_similarity_wrong,synonym_or_paraphrase_labeling_artifact,sample_2096,What is the term for the use of radioactive decay to estimate the ages of fossils and rock?,radioactive dating,Radiometric dating,0,0.5,0,0,0.8247750401496887,0.9147346615791321
results_nq,BGE,high_similarity_wrong,underspecified_or_overspecified_answer,sample_2098,How are the major families of organic compounds characterized?,their functional groups,By functional groups.,0,0.6666666666666666,0,0,0.7356468439102173,0.9303620457649231
results_nq,BGE,high_similarity_wrong,other_or_true_semantic_error,sample_2099,What do chemotrophs extract energy from?,chemical compounds,Organic or inorganic compounds,0,0.3333333333333333,0,0,0.7717185020446777,0.8453105688095093
results_nq,BGE,high_similarity_wrong,synonym_or_paraphrase_labeling_artifact,sample_2111,What happens when a sodium atom loses an electron?,becomes sodium ion,Sodium ion (Na+) is formed.,0,0.5,0,0,0.8367732167243958,0.8965371251106262
results_nq,BGE,high_similarity_wrong,semantic_relatedness_not_correctness,sample_2118,What is the part of a plant whose primary role is to collect sunlight and make food by photosynthesis?,leaves,Leaf,0,0.0,0,0,0.8454664349555969,0.9029253125190735
results_nq,BGE,high_similarity_wrong,synonym_or_paraphrase_labeling_artifact,sample_2139,How many years ago did early amniotes diverge into two groups?,320 million years,350 million years ago,0,0.5714285714285715,0,0,0.7332507371902466,0.8280436396598816
results_nq,BGE,high_similarity_wrong,other_or_true_semantic_error,sample_2145,Is the digestive tract of many sharks longer or shorter than many other vertebrates?,shorter,Longer,0,0.0,0,0,0.8041277527809143,0.8187181353569031
results_nq,BGE,high_similarity_wrong,underspecified_or_overspecified_answer,sample_2151,Endothermic and exothermic reactions differ in whether the products or reactants store more of what?,chemical energy,energy,0,0.6666666666666666,0,0,0.7279230952262878,0.8061387538909912
results_nq,BGE,high_similarity_wrong,synonym_or_paraphrase_labeling_artifact,sample_2157,Carbon behaves as a metal because it conducts which two things well?,heat and electricity,electrical charge and heat,0,0.5714285714285715,0,0,0.8196575045585632,0.8885772228240967
results_nq,BGE,high_similarity_wrong,morphology_or_inflection,sample_2159,What contains the spore-forming asci?,the ascocarps,Ascocarp,0,0.0,0,0,0.8986137509346008,0.8966065645217896
results_nq,BGE,high_similarity_wrong,synonym_or_paraphrase_labeling_artifact,sample_2160,Fruit fly and brine shrimp hox genes have evolved independently for how long?,400 million years,over 600 million years,0,0.5714285714285715,0,0,0.8867363333702087,0.8559613823890686
results_nq,BGE,high_similarity_wrong,underspecified_or_overspecified_answer,sample_2162,What do tadpoles change into?,adult frogs,Frogs,0,0.6666666666666666,0,0,0.8245847225189209,0.8368039727210999
results_nq,BGE,high_similarity_wrong,synonym_or_paraphrase_labeling_artifact,sample_2180,What is the type of reproduction where part of the parent plant is used to generate a new plant?,asexual reproduction,Vegetative reproduction,0,0.5,0,0,0.6299651265144348,0.8272157311439514
results_nq,BGE,high_similarity_wrong,synonym_or_paraphrase_labeling_artifact,sample_2184,Sphenodontia sphenodontia (“wedge tooth”) arose in the mesozoic era and includes only one of what?,living genus,living species,0,0.5,0,0,0.7355523109436035,0.8130610585212708
results_nq,BGE,high_similarity_wrong,synonym_or_paraphrase_labeling_artifact,sample_2191,What three things do animals require in order to survive?,"air, water, food","food, water, shelter",0,0.6666666666666666,0,0,0.6873030066490173,0.8303393125534058
results_nq,BGE,high_similarity_wrong,underspecified_or_overspecified_answer,sample_2213,"In machines that increase force, such as ramps and doorknobs and nutcrackers, what is the relation between output and input force?",output is greater,Output force is greater than input force.,0,0.6,0,0,0.6952751278877258,0.8370717763900757
results_nq,BGE,high_similarity_wrong,synonym_or_paraphrase_labeling_artifact,sample_2220,What type of behaviors do not have to be learned or practiced?,innate behaviors,Instinctive behaviors,0,0.5,0,0,0.723839282989502,0.8212940692901611
results_nq,BGE,high_similarity_wrong,underspecified_or_overspecified_answer,sample_2225,What type of device uses electromagnetic induction to change the voltage of electric current?,electronic transformer,Transformer,0,0.6666666666666666,0,0,0.8530305027961731,0.8640910983085632
results_nq,BGE,high_similarity_wrong,underspecified_or_overspecified_answer,sample_2228,What occurs over a large area when a rock is buried or compressed?,regional metamorphism,Metamorphism,0,0.6666666666666666,0,0,0.6867907643318176,0.8322709798812866
results_nq,BGE,high_similarity_wrong,semantic_relatedness_not_correctness,sample_2243,What type of organism is a bacteria?,single-celled prokaryotic,Prokaryote,0,0.0,0,0,0.7014816403388977,0.8551470637321472
results_nq,BGE,high_similarity_wrong,synonym_or_paraphrase_labeling_artifact,sample_2251,Equal and oppositely directed forces produce what kind of acceleration?,no acceleration,Zero acceleration,0,0.5,0,0,0.7926230430603027,0.894718587398529
results_nq,BGE,high_similarity_wrong,underspecified_or_overspecified_answer,sample_2267,What helps treat bacterial infections in people?,antibiotic drugs,Antibiotics,0,0.0,0,0,0.8989872336387634,0.8838993906974792
results_nq,BGE,high_similarity_wrong,semantic_relatedness_not_correctness,sample_2289,What are the largest phylum in the animal kingdom?,arthropods,Arthropoda,0,0.0,0,0,0.8000447154045105,0.8586482405662537
results_nq,BGE,high_similarity_wrong,other_or_true_semantic_error,sample_2292,What is the purpose of utilizing careful farming practices such as rotating crops or planting nutrient rich crops?,improve soil quality,Maintain soil health and fertility.,0,0.25,0,0,0.6488094925880432,0.8473250269889832
results_nq,BGE,high_similarity_wrong,synonym_or_paraphrase_labeling_artifact,sample_2294,What is the biogeochemical cycle that recycles water called?,water cycle,Hydrological cycle,0,0.5,0,0,0.8248574137687683,0.8968628644943237
results_nq,BGE,high_similarity_wrong,synonym_or_paraphrase_labeling_artifact,sample_2296,An atom can be classified as a particular element based solely on its what?,atomic number,number of protons,0,0.4,0,0,0.4937419593334198,0.8075389862060547
results_nq,BGE,high_similarity_wrong,semantic_relatedness_not_correctness,sample_2311,What term is used to describe birds that mate for an entire season or even stay paired for their entire life?,monogamous,Monogamy,0,0.0,0,0,0.9394605159759521,0.9084257483482361
results_nq,BGE,high_similarity_wrong,underspecified_or_overspecified_answer,sample_2312,What branch of science offers an overview of the physiology of humans?,human biology,Biology,0,0.6666666666666666,0,0,0.8723206520080566,0.8573541045188904
results_nq,BGE,high_similarity_wrong,synonym_or_paraphrase_labeling_artifact,sample_2313,"In atherosclerosis, thickening of an arterial wall due to this can restrict blood flow through the artery?",plaque formation,Plaque buildup,0,0.5,0,0,0.8571742177009583,0.9060393571853638
results_nq,BGE,high_similarity_wrong,semantic_relatedness_not_correctness,sample_2321,What make distant objects appear both nearer and larger?,telescopes,Telescope,0,0.0,0,0,0.9252793192863464,0.9149565696716309
results_nq,BGE,high_similarity_wrong,synonym_or_paraphrase_labeling_artifact,sample_2344,"Dominant alleles rarely cause what type of disorders, since the mutant allele is likely to die out of the population?",genetic disorders,recessive disorders,0,0.5,0,0,0.7075861692428589,0.8537006378173828
results_nq,BGE,high_similarity_wrong,morphology_or_inflection,sample_2346,"Reflected in their relatively high level of intelligence and their ability to learn new behaviors, what organs tend to be relatively large in primates?",brains,Brain,0,0.0,0,0,0.9335721731185913,0.9362756609916687
results_nq,BGE,high_similarity_wrong,synonym_or_paraphrase_labeling_artifact,sample_2363,"Upon ovulation, the oocyte released by the ovary is swept into where?",uterine tube,Fallopian tube,0,0.5,0,0,0.6137303113937378,0.8477523326873779
results_nq,BGE,high_similarity_wrong,underspecified_or_overspecified_answer,sample_2365,The number of waves that pass a fixed point in a given amount of time is referred to as what?,wave frequency,Frequency,0,0.6666666666666666,0,0,0.7779580950737,0.8519145250320435
results_nq,BGE,high_similarity_wrong,other_or_true_semantic_error,sample_2367,Most of a mushroom's surface area is actually where?,underground,below ground,0,0.0,0,0,0.5780351758003235,0.8036832213401794
results_nq,BGE,high_similarity_wrong,underspecified_or_overspecified_answer,sample_2399,A complete ionic equation is a chemical equation in which the dissolved ionic compounds are written as what?,separated ions,ions,0,0.6666666666666666,0,0,0.7945473790168762,0.8135479092597961
results_nq,BGE,high_similarity_wrong,synonym_or_paraphrase_labeling_artifact,sample_2432,What type of reproduction produces offspring from a single parent that share the exact same genetic material as the parent?,asexual reproduction,Clonal reproduction,0,0.5,0,0,0.6434426307678223,0.821306586265564
results_nq,BGE,high_similarity_wrong,numeric_equivalence,sample_2433,Invertebrates make up what percentage of all animal species?,95 percent,95%,0,0.6666666666666666,0,0,0.9459183216094971,0.9722510576248169
results_nq,BGE,high_similarity_wrong,other_or_true_semantic_error,sample_2447,What structure does methane have?,three dimensional tetrahedra,Tetrahedral,0,0.0,0,0,0.7563977241516113,0.8268943428993225
results_nq,BGE,high_similarity_wrong,morphology_or_inflection,sample_2452,What are the largest known proteins?,titins,Titin,0,0.0,0,0,0.9071530103683472,0.9007471799850464
results_nq,BGE,high_similarity_wrong,synonym_or_paraphrase_labeling_artifact,sample_2467,What determines the color of visible light?,exact wavelength,Wavelength of light,0,0.4,0,0,0.8148754835128784,0.8039413690567017
results_nq,BGE,high_similarity_wrong,synonym_or_paraphrase_labeling_artifact,sample_2469,Earth rotates on its axis once each day and revolves around the sun how often?,once each year,Once per year,0,0.6666666666666666,0,0,0.9256126880645752,0.9677950143814087
results_nq,BGE,high_similarity_wrong,other_or_true_semantic_error,sample_2479,"In physics, resistance is opposition to the flow of what?",electrical charges,electricity,0,0.0,0,0,0.7039397358894348,0.8078262209892273
results_nq,BGE,high_similarity_wrong,morphology_or_inflection,sample_2490,What is tube-shaped and brings urine from the kidneys to the urinary bladder?,ureters,Ureter,0,0.0,0,0,0.9309200644493103,0.9043337106704712
results_nq,BGE,high_similarity_wrong,synonym_or_paraphrase_labeling_artifact,sample_2502,The elements in group 2 are called what?,alkaline earth metals,Alkali earth metals,0,0.6666666666666666,0,0,0.9837723970413208,0.9280537962913513
results_nq,BGE,high_similarity_wrong,underspecified_or_overspecified_answer,sample_2506,Neurons are classified based on the direction in which they carry what?,nerve impulses,impulses,0,0.6666666666666666,0,0,0.7418379187583923,0.8650689721107483
results_nq,BGE,high_similarity_wrong,other_or_true_semantic_error,sample_2508,What makes monotremes different than other mammals?,they lay eggs,Egg-laying,0,0.0,0,0,0.7440567016601562,0.8458276987075806
results_nq,BGE,high_similarity_wrong,morphology_or_inflection,sample_2514,Where are protons found in the atom?,in the nucleus,Nucleus,0,0.6666666666666666,0,0,0.8950222730636597,0.8869050741195679
results_nq,BGE,high_similarity_wrong,underspecified_or_overspecified_answer,sample_2528,What celestial events are the source of elements heavier than iron?,supernovas,Supernova explosions,0,0.0,0,0,0.8559051752090454,0.842420756816864
results_nq,BGE,high_similarity_wrong,other_or_true_semantic_error,sample_2540,What might a scientist do to confirm the work of another?,replicate their work,Replicate the experiment.,0,0.4,0,0,0.5066384673118591,0.8296712636947632
results_nq,BGE,high_similarity_wrong,underspecified_or_overspecified_answer,sample_2542,A diver's air bubbles increase in size as he approaches the surface because what decreases?,water pressure,Pressure,0,0.6666666666666666,0,0,0.741796612739563,0.8337113857269287
results_nq,BGE,high_similarity_wrong,morphology_or_inflection,sample_2559,What attaches a muscle to a bone?,tendons,Tendon,0,0.0,0,0,0.9216893315315247,0.9339125752449036
results_nq,BGE,high_similarity_wrong,other_or_true_semantic_error,sample_2560,What are two common weather characteristics of hurricanes?,high winds and rainfall,"Strong winds, heavy rain",0,0.25,0,0,0.8435556292533875,0.8318188190460205
results_nq,BGE,high_similarity_wrong,other_or_true_semantic_error,sample_2563,Zeros that appear in front of all of the nonzero digits are called what?,left-end zeros,Leading zeros,0,0.4,0,0,0.7847482562065125,0.8247076869010925
results_nq,BGE,high_similarity_wrong,other_or_true_semantic_error,sample_2581,When does coal release most of its energy?,when burning,During combustion.,0,0.0,0,0,0.6788289546966553,0.8476757407188416
results_nq,BGE,high_similarity_wrong,synonym_or_paraphrase_labeling_artifact,sample_2584,What type of feeders are sea lilies and feather stars?,suspension feeders,Filter feeders,0,0.5,0,0,0.6410744786262512,0.8080182075500488
results_nq,BGE,high_similarity_wrong,numeric_equivalence,sample_2589,The cubic crystal system is composed of how many different types of unit cells?,three,3,0,0.0,0,0,0.8656187057495117,0.9156867861747742
results_nq,BGE,high_similarity_wrong,numeric_equivalence,sample_2598,How many bones does the  mammalian middle ear have?,three,3,0,0.0,0,0,0.8656188249588013,0.9156867861747742
results_nq,BGE,high_similarity_wrong,semantic_relatedness_not_correctness,sample_2659,"Sharing a phylum with insects, spiders, daddy-long-legs, scorpions, and ticks belong to what class?",arachnids,Arachnida,0,0.0,0,0,0.8550059199333191,0.8693667054176331
results_nq,BGE,high_similarity_wrong,numeric_equivalence,sample_2663,"In a carbon triple bond, how many pairs of electrons are shared?",three,3,0,0.0,0,0,0.8656187653541565,0.915686845779419
results_nq,BGE,high_similarity_wrong,synonym_or_paraphrase_labeling_artifact,sample_2672,What do you call the angle of the earth's axis of rotation?,axial tilt,Tilt angle,0,0.5,0,0,0.7657345533370972,0.8448617458343506
results_nq,BGE,high_similarity_wrong,semantic_relatedness_not_correctness,sample_2673,What kind of structure do purines have?,double ring structure,Ringed structure,0,0.4,0,0,0.800028920173645,0.8720105886459351
results_nq,BGE,high_similarity_wrong,other_or_true_semantic_error,sample_2678,What occurs at joints?,body movements,Movement and sometimes pain,0,0.0,0,0,0.6071910858154297,0.8075270056724548
results_nq,BGE,high_similarity_wrong,semantic_relatedness_not_correctness,sample_2689,"What component of an organism, made up of many cells, in turn makes up an organ?",tissues,Tissue,0,0.0,0,0,0.9345924258232117,0.9581660032272339
results_nq,BGE,high_similarity_wrong,semantic_relatedness_not_correctness,sample_2703,Some women experience cramping and pain before and during what monthly cycle?,menstruation,Menstrual cycle,0,0.0,0,0,0.8701512813568115,0.8728215098381042
results_nq,BGE,high_similarity_wrong,morphology_or_inflection,sample_2709,"Because force and electric field are what, they have direction as well as their value?",vectors,vector,0,0.0,0,0,0.9128048419952393,0.9324895143508911
results_nq,BGE,high_similarity_wrong,other_or_true_semantic_error,sample_2712,"How thick is the earth's continental crust, on average?",35 kilometers,30-50 km,0,0.0,0,0,0.8328613042831421,0.8103777766227722
results_nq,BGE,high_similarity_wrong,underspecified_or_overspecified_answer,sample_2716,What do vectors possess that scalars do not?,magnitude and direction,Direction,0,0.5,0,0,0.6727269291877747,0.8273698687553406
results_nq,BGE,high_similarity_wrong,semantic_relatedness_not_correctness,sample_2723,"What are commonly used to control insect pests, but can have harmful effects on the environment?",insecticides,Pesticides,0,0.0,0,0,0.9135580062866211,0.871768057346344
results_nq,BGE,high_similarity_wrong,underspecified_or_overspecified_answer,sample_2729,What is the way animals act either alone or with other animals called?,animal behavior,Behavior,0,0.6666666666666666,0,0,0.6417500972747803,0.8903073668479919
results_nq,BGE,high_similarity_wrong,synonym_or_paraphrase_labeling_artifact,sample_2732,What is the main difference between eukaryotic and prokaryotic cells?,eukaryotic cells have a nucleus,Eukaryotic cells have membrane-bound organelles.,0,0.6,0,0,0.6839258074760437,0.8598375916481018
results_nq,BGE,high_similarity_wrong,underspecified_or_overspecified_answer,sample_2737,Which virus causes cold sores?,herpes virus,Herpes simplex virus 1 (HSV-1),0,0.5,0,0,0.7316734790802002,0.8551581501960754
results_nq,BGE,high_similarity_wrong,other_or_true_semantic_error,sample_2740,"The units of time, day and year are based on what?",motions of earth,Earth's rotation and orbit around the Sun,0,0.2,0,0,0.5651825070381165,0.8102854490280151
results_nq,BGE,high_similarity_wrong,other_or_true_semantic_error,sample_2744,What is magnetism produced by an electrical current?,electromagnetism,Electric currents produce magnetic fields.,0,0.0,0,0,0.6277471780776978,0.8058575391769409
results_nq,BGE,high_similarity_wrong,synonym_or_paraphrase_labeling_artifact,sample_2751,What type of climate is found mostly near the equator?,warm tropical,Tropical climate,0,0.5,0,0,0.7890596389770508,0.8074570298194885
results_nq,BGE,high_similarity_wrong,other_or_true_semantic_error,sample_2796,Pathogenic prokaryotes usually cause illness by producing what?,poisons,Toxins,0,0.0,0,0,0.6821106672286987,0.8076841235160828
results_nq,BGE,high_similarity_wrong,semantic_relatedness_not_correctness,sample_2807,What process is the opposite of nitrogen fixation?,denitrification,Nitrification,0,0.0,0,0,0.4492960274219513,0.8619223237037659
results_nq,BGE,high_similarity_wrong,morphology_or_inflection,sample_2816,Most metals exist in which form at room temperature?,solids,Solid,0,0.0,0,0,0.7101393938064575,0.8635469079017639
results_nq,BGE,high_similarity_wrong,semantic_relatedness_not_correctness,sample_2827,"What is the group of all the eukaryotes that are not fungi, animals, or plants called?",protists,Protista,0,0.0,0,0,0.8939942717552185,0.8957152962684631
results_nq,BGE,high_similarity_wrong,morphology_or_inflection,sample_2828,What have a symbiotic relationship between a fungus and a photosynthetic organism?,lichens,Lichen,0,0.0,0,0,0.9412404894828796,0.9331024289131165
results_nq,BGE,high_similarity_wrong,morphology_or_inflection,sample_2843,"Because opposite charges attract, oppositely charged ions attract each other to form what?",ionic bonds,Ionic bond,0,0.5,0,0,0.9580477476119995,0.9744112491607666
results_nq,BGE,high_similarity_wrong,underspecified_or_overspecified_answer,sample_2848,Who invented the taxonomic classification system?,carl linnaeus,Linnaeus,0,0.6666666666666666,0,0,0.9340915083885193,0.9077774286270142
results_nq,BGE,high_similarity_wrong,semantic_relatedness_not_correctness,sample_2849,What type of pathogen is responsible for african sleeping sickness?,trypanosoma,Trypanosome,0,0.0,0,0,0.8858838081359863,0.9482858777046204
results_nq,BGE,high_similarity_wrong,other_or_true_semantic_error,sample_2851,"What are biochemical compounds, such as fats and oils, that consist of fatty acids and store energy?",lipids,Triglycerides,0,0.0,0,0,0.6447855234146118,0.8096030354499817
results_nq,BGE,high_similarity_wrong,synonym_or_paraphrase_labeling_artifact,sample_2881,What is the term for dating a rock based on composition decay?,radioactive dating,Radiometric dating,0,0.5,0,0,0.8247750997543335,0.9147346019744873
results_nq,BGE,high_similarity_wrong,other_or_true_semantic_error,sample_2894,What do you call prokaryotes that do not need oxygen for respiration?,anaerobic,Anaerobes,0,0.0,0,0,0.6602921485900879,0.8255491852760315
results_nq,BGE,high_similarity_wrong,underspecified_or_overspecified_answer,sample_2898,What are named for major physical or climatic features and for their predominant vegetation?,terrestrial biomes,Biomes,0,0.6666666666666666,0,0,0.7907137870788574,0.873870849609375
results_nq,BGE,high_similarity_wrong,other_or_true_semantic_error,sample_2911,Where would you find most pollution of ocean water?,coastline,Near coastal areas.,0,0.0,0,0,0.660102367401123,0.8031520843505859
results_nq,BGE,high_similarity_wrong,underspecified_or_overspecified_answer,sample_2917,"What part of a mature plant cell is responsible for storing substances like water, enzymes, and salts?",central vacuole,Vacuole,0,0.6666666666666666,0,0,0.8017652034759521,0.8645166158676147
results_nq,BGE,high_similarity_wrong,semantic_relatedness_not_correctness,sample_2932,What is the term for sheets of cells that form a boundary between a mass of cells and a cavity or space?,epithelia,Epithelium,0,0.0,0,0,0.7674655914306641,0.925398588180542
results_nq,BGE,high_similarity_wrong,morphology_or_inflection,sample_2970,The similarity in biochemical compounds between living things provides evidence for the evolution of species from what?,common ancestors,common ancestor,0,0.5,0,0,0.9126662015914917,0.9406930804252625
results_nq,BGE,high_similarity_wrong,underspecified_or_overspecified_answer,sample_2980,What is the term for the skeletal structure of the head that supports the face and protects the brain?,cranium (skull),Cranium,0,0.6666666666666666,0,0,0.8856167197227478,0.964127242565155
results_nq,BGE,high_similarity_wrong,semantic_relatedness_not_correctness,sample_3009,"An unknown genotype can be determined by observing what, the term for characteristics of the resulting offspring?",phenotypes,Phenotype,0,0.0,0,0,0.9682037234306335,0.9221993088722229
results_nq,BGE,high_similarity_wrong,numeric_equivalence,sample_3011,How much electricity is generated by an average car battery?,twelve volts,12 volts,0,0.5,0,0,0.9561252593994141,0.9557172060012817
results_nq,BGE,high_similarity_wrong,synonym_or_paraphrase_labeling_artifact,sample_3031,What are the attractive forces that occur between polar molecules called?,dipole-dipole forces,Dipole-dipole interactions,0,0.6666666666666666,0,0,0.8572719693183899,0.9006580710411072
results_nq,BGE,high_similarity_wrong,other_or_true_semantic_error,sample_3034,Amoebas and paramecia are examples of what?,protozoa,protists,0,0.0,0,0,0.4838957190513611,0.8143023252487183
results_nq,BGE,high_similarity_wrong,underspecified_or_overspecified_answer,sample_3039,What is the opening formed between adjacent vertebrae for the exit of a spinal nerve called?,intervertebral foramen,Foramen,0,0.6666666666666666,0,0,0.6876571774482727,0.8370637893676758
results_nq,BGE,high_similarity_wrong,underspecified_or_overspecified_answer,sample_3088,Minerals that are not pure elements are made of what?,chemical compounds,Compounds,0,0.6666666666666666,0,0,0.9084241986274719,0.9127016067504883
results_nq,BGE,high_similarity_wrong,semantic_relatedness_not_correctness,sample_3102,What do some animals grow to protect themselves in winter?,thicker fur,Thick fur or fat layers.,0,0.28571428571428575,0,0,0.8010410666465759,0.875507652759552
results_nq,BGE,high_similarity_wrong,synonym_or_paraphrase_labeling_artifact,sample_3119,What causes continents to drift closer to the poles or the equator?,plate movements,Plate tectonics.,0,0.5,0,0,0.632001519203186,0.8503950834274292
results_nq,BGE,high_similarity_wrong,semantic_relatedness_not_correctness,sample_3139,What are  electromagnetic waves created by?,oscillating charges,Vibrating electric charges,0,0.4,0,0,0.6618019938468933,0.8576818704605103
results_nq,BGE,high_similarity_wrong,synonym_or_paraphrase_labeling_artifact,sample_3156,"What are liverworts with a flattened, ribbon-like body called?",thallose liverworts,foliose liverworts,0,0.5,0,0,0.6277257204055786,0.8266319632530212
results_nq,BGE,high_similarity_wrong,semantic_relatedness_not_correctness,sample_3178,What causes nitrate to go back to its gaseous nitrogen state?,denitrifying bacteria,Denitrification,0,0.0,0,0,0.77131187915802,0.9099531769752502
results_nq,BGE,high_similarity_wrong,synonym_or_paraphrase_labeling_artifact,sample_3182,What type of analysis is performed to study gene expression patterns in cells?,rna analysis,RNA sequencing,0,0.5,0,0,0.7375521063804626,0.8634045720100403
results_nq,BGE,high_similarity_wrong,underspecified_or_overspecified_answer,sample_3185,An electrical signal along a nerve cell triggers the secretion of what?,neurotransmitter molecules,Neurotransmitters,0,0.0,0,0,0.8806831240653992,0.9415820837020874
results_nq,BGE,high_similarity_wrong,underspecified_or_overspecified_answer,sample_3189,What do omnivores eat?,plants & animals,Both plants and animals.,0,0.6666666666666666,0,0,0.8615657091140747,0.8539370894432068
results_nq,BGE,high_similarity_wrong,synonym_or_paraphrase_labeling_artifact,sample_3204,Not even light can escape from what extremely dense object sometimes found in deep space?,black holes,Black hole,0,0.5,0,0,0.9441515207290649,0.9340887665748596
results_nq,BGE,high_similarity_wrong,synonym_or_paraphrase_labeling_artifact,sample_3214,What is produced when sulfur and oxygen combine?,sulfur oxides,Sulfur dioxide,0,0.5,0,0,0.7763897180557251,0.8752899169921875
results_nq,BGE,high_similarity_wrong,synonym_or_paraphrase_labeling_artifact,sample_3220,Internal body fluids link exchange surfaces to what else?,body cells,body tissues,0,0.5,0,0,0.7035940289497375,0.8222590088844299
results_nq,BGE,high_similarity_wrong,underspecified_or_overspecified_answer,sample_3239,What do you call different organs working together?,organ systems,System,0,0.0,0,0,0.5572016835212708,0.8158664107322693
results_nq,BGE,high_similarity_wrong,underspecified_or_overspecified_answer,sample_3240,A machine is any device that makes work easier by doing what?,changing a force,changing the form of energy or force.,0,0.5,0,0,0.66734778881073,0.8541579246520996
results_nq,BGE,high_similarity_wrong,synonym_or_paraphrase_labeling_artifact,sample_3283,Chemical equations need to be balanced to satisfy the law of what?,conservation of matter,conservation of mass,0,0.6666666666666666,0,0,0.7170177102088928,0.8645877242088318
results_nq,BGE,high_similarity_wrong,synonym_or_paraphrase_labeling_artifact,sample_3286,"Connected to agriculture, forestry, mining, and urbanization, what is the single biggest cause of extinction today?",habitat loss,Habitat destruction,0,0.5,0,0,0.8640176653862,0.8849877715110779
results_nq,BGE,high_similarity_wrong,other_or_true_semantic_error,sample_3295,What is the name for birds that live on water like ducks?,waterfowl,Aquatic birds,0,0.0,0,0,0.5855927467346191,0.8091451525688171
results_nq,BGE,high_similarity_wrong,semantic_relatedness_not_correctness,sample_3307,What keeps earth in orbit around the sun?,gravity,Gravitational force,0,0.0,0,0,0.7904050946235657,0.8508160710334778
results_nq,BGE,high_similarity_wrong,underspecified_or_overspecified_answer,sample_3309,Living organisms release carbon dioxide into the atmosphere by what method?,cellular respiration,Respiration,0,0.6666666666666666,0,0,0.852426290512085,0.8717406392097473
results_nq,BGE,high_similarity_wrong,semantic_relatedness_not_correctness,sample_3338,What is the chemical formula for a glucose molecule?,c6 h12 o6,C6H12O6,0,0.0,0,0,0.7935800552368164,0.8765629529953003
results_nq,BGE,high_similarity_wrong,underspecified_or_overspecified_answer,sample_3339,"In physics, the number of waves that pass a fixed point in a given amount time is referred to as what ?",wave frequency,Frequency,0,0.6666666666666666,0,0,0.7779580950737,0.8519147038459778
results_nq,BGE,high_similarity_wrong,other_or_true_semantic_error,sample_3347,What is in the inside of your mouth and nose instead of skin?,mucous membranes,Mucosa,0,0.0,0,0,0.47882065176963806,0.834625244140625
results_nq,BGE,high_similarity_wrong,other_or_true_semantic_error,sample_3355,B cells and t cells are examples of what type of cells?,white blood cells,Lymphocytes,0,0.0,0,0,0.5485690236091614,0.8009418845176697
results_nq,BGE,high_similarity_wrong,morphology_or_inflection,sample_3356,There are three different types of rna. all three types are needed to make what?,proteins,Protein,0,0.0,0,0,0.9462403059005737,0.9190239906311035
results_nq,BGE,high_similarity_wrong,synonym_or_paraphrase_labeling_artifact,sample_3364,The carrying angle is larger in females to accommodate their what?,wider pelvis,wider hips,0,0.5,0,0,0.7248530387878418,0.8866046071052551
results_nq,BGE,high_similarity_wrong,synonym_or_paraphrase_labeling_artifact,sample_3368,What forms a barrier between the cytoplasm and the environment outside the cell?,plasma membrane,Cell membrane,0,0.5,0,0,0.7394430637359619,0.9140180349349976
results_nq,BGE,high_similarity_wrong,semantic_relatedness_not_correctness,sample_3381,Bacteria are what kind of cell?,prokaryotes,Prokaryotic,0,0.0,0,0,0.9271088242530823,0.9297051429748535
results_nq,BGE,high_similarity_wrong,semantic_relatedness_not_correctness,sample_3410,What are carbonated beverages pressurized with?,co2,Carbon dioxide,0,0.0,0,0,0.8494597673416138,0.8872537612915039
results_nq,BGE,high_similarity_wrong,other_or_true_semantic_error,sample_3420,Where in the periodic table of elements are the nonmetals located?,top right,Upper right corner,0,0.4,0,0,0.6355277895927429,0.8478016257286072
results_nq,BGE,high_similarity_wrong,synonym_or_paraphrase_labeling_artifact,sample_3437,"Besides increasing the potential, how else can you increase current in a circuit?",decreasing the resistance,Decrease resistance,0,0.5,0,0,0.9428080320358276,0.9414923787117004
results_nq,BGE,high_similarity_wrong,underspecified_or_overspecified_answer,sample_3471,The primary lymphoid organs are the bone marrow and what else?,thymus gland,Thymus,0,0.6666666666666666,0,0,0.8273572325706482,0.8808971643447876
results_nq,BGE,high_similarity_wrong,underspecified_or_overspecified_answer,sample_3477,How do oceans help control global warming?,absorbing carbon dioxide,By absorbing heat and carbon dioxide.,0,0.6666666666666666,0,0,0.6192402243614197,0.8749725222587585
results_nq,BGE,high_similarity_wrong,semantic_relatedness_not_correctness,sample_3498,"In celsius, what is the boiling point of water?",one hundred degrees,100 degrees,0,0.4,0,0,0.9171867370605469,0.8979480266571045
results_nq,BGE,high_similarity_wrong,underspecified_or_overspecified_answer,sample_3501,A solute generally does what to the freezing point of a solvent?,lowers it,Lowers,0,0.6666666666666666,0,0,0.6901056170463562,0.847968578338623
results_nq,BGE,high_similarity_wrong,other_or_true_semantic_error,sample_3520,"Despite their name, what scientists study the atmosphere rather than colliding space rocks?",meteorologists,Atmospheric scientists,0,0.0,0,0,0.6745346784591675,0.8220093250274658
results_nq,BGE,high_similarity_wrong,underspecified_or_overspecified_answer,sample_3522,What illnesses are caused by damage to the alveoli of the lungs?,pneumonia and emphysema,"Pneumonia, pulmonary edema, emphysema",0,0.5714285714285715,0,0,0.915399968624115,0.8300740718841553
results_nq,BGE,high_similarity_wrong,other_or_true_semantic_error,sample_3530,"What are two other terms for dizygotic twins, which make good study subjects because they share many environmental conditions, but only about half of their polymorphisms?","fraternal, non-identical",Fraternal twins,0,0.4,0,0,0.6966703534126282,0.819115161895752
results_nq,BGE,high_similarity_wrong,other_or_true_semantic_error,sample_3531,Many diseases arise from genetic mutations that prevent the synthesis of critical what?,proteins,enzymes,0,0.0,0,0,0.5577418208122253,0.8180031180381775
results_nq,BGE,high_similarity_wrong,other_or_true_semantic_error,sample_3532,Pseudohypertrophic muscular dystrophy is an inherited disorder that causes gradual deterioration of what?,muscles,Muscle tissue,0,0.0,0,0,0.6957353353500366,0.8047266006469727
results_nq,BGE,high_similarity_wrong,morphology_or_inflection,sample_3536,The periodic table is an arrangement of the elements in order of increasing what?,atomic numbers,atomic number,0,0.5,0,0,0.9763473868370056,0.9749096035957336
results_nq,BGE,high_similarity_wrong,semantic_relatedness_not_correctness,sample_3538,What moves nitrogen back and forth between the atmosphere and organisms?,the nitrogen cycle,Nitrogen fixation and nitrogen cycling,0,0.28571428571428575,0,0,0.8226792216300964,0.8543679118156433
results_nq,BGE,high_similarity_wrong,underspecified_or_overspecified_answer,sample_3539,What is caused by human actions that releases chemical substances and particles into the air?,air pollution,Pollution,0,0.6666666666666666,0,0,0.8512415289878845,0.8604536056518555
results_nq,BGE,high_similarity_wrong,other_or_true_semantic_error,sample_3540,"The human body has as many as two trillion lymphocytes, and lymphocytes make up about 25% of all of what?",leukocytes,white blood cells,0,0.0,0,0,0.6794993877410889,0.8463085293769836
results_nq,BGE,high_similarity_wrong,morphology_or_inflection,sample_3544,How do yeasts reproduce asexually?,by budding,Budding,0,0.6666666666666666,0,0,0.8076186776161194,0.9470981955528259
results_nq,BGE,high_similarity_wrong,underspecified_or_overspecified_answer,sample_3581,Glucose and fructose are considered this type of sugar?,"monosaccharides, or simple",monosaccharides,0,0.5,0,0,0.9428415298461914,0.888592004776001
results_nq,BGE,high_similarity_wrong,other_or_true_semantic_error,sample_3586,Matching donor and recipient blood types is important because different blood types have different types of what?,antibodies,antigens,0,0.0,0,0,0.7017048597335815,0.8225724101066589
results_nq,BGE,high_similarity_wrong,morphology_or_inflection,sample_3619,Most sedimentary rocks form from what?,sediments,sediment,0,0.0,0,0,0.9250723719596863,0.9252026677131653
results_nq,BGE,high_similarity_wrong,semantic_relatedness_not_correctness,sample_3621,"When pumping blood, the hearts of animals with very long necks must overcome what force?",gravity,gravitational force,0,0.0,0,0,0.7904049754142761,0.8508158922195435
results_nq,BGE,high_similarity_wrong,morphology_or_inflection,sample_3625,What is used to measure current through a resistor?,ammeters,Ammeter,0,0.0,0,0,0.9684168696403503,0.9426761865615845
results_nq,BGE,high_similarity_wrong,morphology_or_inflection,sample_3656,What are colonies of cells stuck to a surface called?,biofilms,Biofilm,0,0.0,0,0,0.9653210639953613,0.9537596106529236
results_nq,BGE,high_similarity_wrong,other_or_true_semantic_error,sample_3668,What type of diseases in humans are caused by protozoa?,protist diseases,Protozoan infections or diseases.,0,0.3333333333333333,0,0,0.5213798880577087,0.8239342570304871
results_nq,BGE,high_similarity_wrong,underspecified_or_overspecified_answer,sample_3678,Where does the christmas tree worm live?,tropical coral reefs,in coral reefs,0,0.6666666666666666,0,0,0.8347591757774353,0.8146368861198425
results_nq,BGE,high_similarity_wrong,synonym_or_paraphrase_labeling_artifact,sample_3687,What type of mapping is critical for identifying  the location of genes that cause genetic diseases?,linkage mapping,Genetic mapping,0,0.5,0,0,0.5759491920471191,0.8592047691345215
results_nq,BGE,high_similarity_wrong,underspecified_or_overspecified_answer,sample_3691,The product of a system’s mass multiplied by its velocity is called what?,linear momentum,Momentum,0,0.6666666666666666,0,0,0.7231833934783936,0.8140569925308228
results_nq,BGE,high_similarity_wrong,underspecified_or_overspecified_answer,sample_3704,The separation of compounds on the basis of their solubilities in a given solvent is known as what?,fractional crystallization,Crystallization,0,0.6666666666666666,0,0,0.7642862796783447,0.843627393245697
results_nq,BGE,high_similarity_wrong,semantic_relatedness_not_correctness,sample_3714,What part of the plant is the main site of photosynthesis?,leaf,Leaves,0,0.0,0,0,0.8454663753509521,0.9029251933097839
results_nq,BGE,high_similarity_wrong,synonym_or_paraphrase_labeling_artifact,sample_3742,What is used for cooling detectors of infrared telescopes?,liquid nitrogen,Liquid helium,0,0.5,0,0,0.6014711260795593,0.8278548121452332
results_nq,BGE,high_similarity_wrong,other_or_true_semantic_error,sample_3747,"The muscles of the anterior compartment of the lower leg are generally responsible for dorsiflexion, and the muscles of the posterior compartment of the lower leg are generally responsible for this?",plantar flexion,plantarflexion,0,0.0,0,0,0.5338547825813293,0.8374398350715637
results_nq,BGE,high_similarity_wrong,synonym_or_paraphrase_labeling_artifact,sample_3761,What do you call a simple machine consisting of a sloping surface that connects lower and higher elevations?,inclined plane,Incline plane,0,0.5,0,0,0.8872367143630981,0.9159032106399536
results_nq,BGE,high_similarity_wrong,underspecified_or_overspecified_answer,sample_3764,In which kind of species do open circulatory systems serve additional functions?,some invertebrates,Invertebrates,0,0.6666666666666666,0,0,0.9583505988121033,0.8804250955581665
results_nq,BGE,high_similarity_wrong,synonym_or_paraphrase_labeling_artifact,sample_3767,Sensory organs that respond to particular sensory stimuli contain cells called what?,sensory receptors,Receptor cells,0,0.0,0,0,0.6395267248153687,0.8262404799461365
results_nq,BGE,high_similarity_wrong,synonym_or_paraphrase_labeling_artifact,sample_3771,What two cycles make up the female reproductive cycle?,ovarian and menstrual,Ovarian cycle and uterine cycle,0,0.5,0,0,0.8428266048431396,0.8563397526741028
results_nq,BGE,high_similarity_wrong,numeric_equivalence,sample_3785,How many quarks are in each proton and neutron?,three,3,0,0.0,0,0,0.8656185865402222,0.9156867265701294
results_nq,BGE,high_similarity_wrong,semantic_relatedness_not_correctness,sample_3796,The point in the titration at which an indicator changes color is called what?,end point,Endpoint,0,0.0,0,0,0.7589436769485474,0.8872403502464294
results_nq,BGE,high_similarity_wrong,underspecified_or_overspecified_answer,sample_3803,What does the megaspore mother cell produce after meiosis division?,four haploid megaspores,Megaspores,0,0.5,0,0,0.6925292015075684,0.8280951976776123
results_nq,BGE,high_similarity_wrong,underspecified_or_overspecified_answer,sample_3805,What is the body of a roundworm covered with?,tough cuticle,Cuticle,0,0.6666666666666666,0,0,0.8713212609291077,0.8524376153945923
results_nq,BGE,high_similarity_wrong,synonym_or_paraphrase_labeling_artifact,sample_3817,Gene therapy is a type of what kind of engineering?,genetic engineering,biological engineering,0,0.5,0,0,0.7828680872917175,0.8355075716972351
results_nq,BGE,high_similarity_wrong,synonym_or_paraphrase_labeling_artifact,sample_3818,What is mass number?,the total number of protons and neutrons in a nucleus,Sum of protons and neutrons in an atom.,0,0.6666666666666666,0,0,0.7754087448120117,0.8673850893974304
results_nq,BGE,high_similarity_wrong,morphology_or_inflection,sample_3822,Different colors of light differ in terms of which important attribute?,wavelengths,Wavelength,0,0.0,0,0,0.9035454988479614,0.9319876432418823
results_nq,BGE,high_similarity_wrong,underspecified_or_overspecified_answer,sample_3824,"For most waves, energy is proportional to what, a term that describes the height of the wave?",wave amplitude,Amplitude,0,0.6666666666666666,0,0,0.8758887648582458,0.9164584875106812
results_nq,BGE,high_similarity_wrong,synonym_or_paraphrase_labeling_artifact,sample_3828,What do mammals conserve heat with?,hair or fur,Fur or fat,0,0.6666666666666666,0,0,0.7932100892066956,0.8787764310836792
results_nq,BGE,high_similarity_wrong,other_or_true_semantic_error,sample_3842,What are the three forms of water as found in nature?,"solid, liquid, gas","Ice, liquid, vapor",0,0.3333333333333333,0,0,0.6676840782165527,0.8098086714744568
results_nq,BGE,high_similarity_wrong,numeric_equivalence,sample_3844,How many major massive extinctions have been since life began on earth?,five,5,0,0.0,0,0,0.9229784607887268,0.9198909401893616
results_nq,BGE,high_similarity_wrong,synonym_or_paraphrase_labeling_artifact,sample_3845,What tool do scientist's use to show the evolutionary pathways and connections among organisms?,phylogenetic tree,Evolutionary tree,0,0.5,0,0,0.7718279957771301,0.9295076727867126
results_nq,BGE,high_similarity_wrong,synonym_or_paraphrase_labeling_artifact,sample_3862,Our global ecological footprint depends on resource use per person and what population factor?,population density,Population size,0,0.5,0,0,0.7178425788879395,0.8147444725036621
results_nq,BGE,high_similarity_wrong,other_or_true_semantic_error,sample_3863,What do all sound waves begin with?,vibrating matter,Vibration,0,0.0,0,0,0.7183651924133301,0.8403486609458923
results_nq,BGE,high_similarity_wrong,synonym_or_paraphrase_labeling_artifact,sample_3893,What makes sunsets appear red?,rayleigh scattering,Sunlight scattering,0,0.5,0,0,0.5780278444290161,0.8005383014678955
results_nq,BGE,high_similarity_wrong,other_or_true_semantic_error,sample_3919,What are waves that pass a fixed point in a given amount of time called?,wave frequency,Waves per second,0,0.0,0,0,0.6798246502876282,0.823570966720581
results_nq,BGE,high_similarity_wrong,underspecified_or_overspecified_answer,sample_3923,What are 3 types of light?,"infrared, visible, ultraviolet","Visible light, infrared light, ultraviolet light",0,0.6666666666666666,0,0,0.9188412427902222,0.929341733455658
results_nq,BGE,high_similarity_wrong,semantic_relatedness_not_correctness,sample_3926,What is the term for a disease that is not contagious?,noninfectious disease,Non-infectious disease,0,0.4,0,0,0.8845261335372925,0.8918201923370361
results_nq,BGE,high_similarity_wrong,semantic_relatedness_not_correctness,sample_3928,What is it called when you touch a charged object to the earth?,grounding,Earthing,0,0.0,0,0,0.6711880564689636,0.9031903743743896
results_nq,BGE,high_similarity_wrong,synonym_or_paraphrase_labeling_artifact,sample_3930,What are the three types of symbiotic relationships?,"mutualism, communalism, parasitism","Commensalism, Mutualism, Parasitism",0,0.6666666666666666,0,0,0.8240023851394653,0.9153673648834229
results_nq,BGE,high_similarity_wrong,semantic_relatedness_not_correctness,sample_3939,"What structures formed of twisted actin chains are found in almost every cell, and are numerous in muscle cells and cells that move by changing shape?",microfilaments,Filaments,0,0.0,0,0,0.8134977221488953,0.8862152099609375
results_nq,BGE,high_similarity_wrong,semantic_relatedness_not_correctness,sample_3949,The calvin cycle is the fancy name for the metabolic pathway that builds what?,sugar,glucose,0,0.0,0,0,0.7176223397254944,0.8502970337867737
results_nq,BGE,high_similarity_wrong,semantic_relatedness_not_correctness,sample_3958,In a pedigree what shape symbolizes males?,squares,Square,0,0.0,0,0,0.8701223134994507,0.9151335954666138
results_nq,BGE,high_similarity_wrong,synonym_or_paraphrase_labeling_artifact,sample_4011,What causes halide minerals to form?,salt water evaporation,Evaporation of saline waters,0,0.28571428571428575,0,0,0.8896571397781372,0.9400628805160522
results_nq,BGE,high_similarity_wrong,synonym_or_paraphrase_labeling_artifact,sample_4019,What laws regulate radiation doses to which people can be exposed?,radiation protection laws,Radiation Protection Regulations,0,0.6666666666666666,0,0,0.9299086332321167,0.889401376247406
results_nq,BGE,high_similarity_wrong,other_or_true_semantic_error,sample_4025,"Tropical, temperate, continental, and polar are all examples of what?",climates,climate types,0,0.0,0,0,0.6430866122245789,0.8063876628875732
results_nq,BGE,high_similarity_wrong,synonym_or_paraphrase_labeling_artifact,sample_4030,Some materials have negative heats of solution; the dissolution of one of these solutes in water is called?,exothermic process,Endothermic process,0,0.5,0,0,0.8119081854820251,0.8688526153564453
results_nq,BGE,high_similarity_wrong,underspecified_or_overspecified_answer,sample_4042,What is the breakdown of unstable elements into stable elements called?,radioactive decay,Decay,0,0.6666666666666666,0,0,0.8243292570114136,0.8439711928367615
results_nq,BGE,high_similarity_wrong,synonym_or_paraphrase_labeling_artifact,sample_4051,What type of ecologists work to identify and manipulate the processes that most limit recovery of ecosystems from disturbances?,restoration ecologists,Recovery ecologists,0,0.5,0,0,0.815884530544281,0.9040324091911316
results_nq,BGE,high_similarity_wrong,underspecified_or_overspecified_answer,sample_4052,Name the two types of nucleic acids.,dna (deoxyribonucleic acid) and rna (ribonucleic acid),DNA and RNA,0,0.6,0,0,0.7983358502388,0.9065008759498596
results_nq,BGE,high_similarity_wrong,synonym_or_paraphrase_labeling_artifact,sample_4069,"Atmospheric pressure is increased, causing a greater amount of oxygen than normal to diffuse into the bloodstream of the patient, in what type of therapy?",hyperbaric chamber therapy,Hyperbaric oxygen therapy,0,0.6666666666666666,0,0,0.8162155747413635,0.872655987739563
results_nq,BGE,high_similarity_wrong,semantic_relatedness_not_correctness,sample_4077,Ionic bonds between two atoms require one metal and one what?,nonmetal,non-metal,0,0.0,0,0,0.6843364238739014,0.8709826469421387
results_nq,BGE,high_similarity_wrong,semantic_relatedness_not_correctness,sample_4078,The pressurized gas of earth's atmosphere is contained by what force?,gravity,Gravitational force,0,0.0,0,0,0.7904050350189209,0.8508158922195435
results_nq,BGE,high_similarity_wrong,underspecified_or_overspecified_answer,sample_4083,Oceans are divided into zones bases on distance from shore and what other factor?,water depth,depth,0,0.6666666666666666,0,0,0.7199625372886658,0.821139931678772
results_nq,BGE,high_similarity_wrong,morphology_or_inflection,sample_4112,Where does photosynthesis occur in plants?,in chloroplasts,chloroplasts,0,0.6666666666666666,0,0,0.9197863936424255,0.892095685005188
results_nq,BGE,high_similarity_wrong,underspecified_or_overspecified_answer,sample_4150,Quantities have two parts: the number (how many) and what else?,he unit,unit,0,0.6666666666666666,0,0,0.8321412205696106,0.8213463425636292
results_nq,BGE,high_similarity_wrong,semantic_relatedness_not_correctness,sample_4164,"What group includes the simplest eukaryotes, including most single-celled eukaryotes?",protists,Protista,0,0.0,0,0,0.8939942717552185,0.8957152962684631
results_nq,BGE,high_similarity_wrong,numeric_equivalence,sample_4168,How many types of tissue are found in animals?,four,4,0,0.0,0,0,0.8942002058029175,0.863497257232666
results_nq,BGE,high_similarity_wrong,other_or_true_semantic_error,sample_4171,"Like animals, protozoa are heterotrophic and capable of what?",moving,movement,0,0.0,0,0,0.7621713876724243,0.8063139915466309
results_nq,BGE,high_similarity_wrong,semantic_relatedness_not_correctness,sample_4173,What is the term for animals that  cannot raise their body temperature on their own?,ectothermic,Ectotherms,0,0.0,0,0,0.8663953542709351,0.9109650254249573
results_nq,BGE,high_similarity_wrong,semantic_relatedness_not_correctness,sample_4189,What are the two types of cells?,prokaryotes and eukaryotes,Prokaryotic and eukaryotic,0,0.3333333333333333,0,0,0.9559884667396545,0.9698194265365601
results_nq,BGE,high_similarity_wrong,other_or_true_semantic_error,sample_4194,What term is used to describe organelles that are found only in animal cells?,centrioles,Centrosome,0,0.0,0,0,0.4324374496936798,0.8193838000297546
results_nq,BGE,high_similarity_wrong,underspecified_or_overspecified_answer,sample_4211,What term describes a region of space around an atom that has a non-zero probability for an electron with a particular energy?,atomic orbital,Orbital,0,0.6666666666666666,0,0,0.8275675773620605,0.8773253560066223
results_nq,BGE,high_similarity_wrong,semantic_relatedness_not_correctness,sample_4224,What anatomical structure serves as the conduit of the oocyte from the ovary to the uterus?,uterine tubes,Fallopian tube,0,0.0,0,0,0.5248456001281738,0.8517700433731079
results_nq,BGE,high_similarity_wrong,underspecified_or_overspecified_answer,sample_4244,"The cytoplasm of prokaryotic cells has a high concentration of dissolved solutes. therefore, the osmotic pressure within the cell is what?",relatively high,High,0,0.6666666666666666,0,0,0.6979489326477051,0.8005506992340088
results_nq,BGE,high_similarity_wrong,underspecified_or_overspecified_answer,sample_4257,What theory goes beyond classical mechanics to describe the behavior of near-light-speed objects?,special relativity,Special Theory of Relativity,0,0.6666666666666666,0,0,0.8488259315490723,0.9259299039840698
results_nq,BGE,high_similarity_wrong,morphology_or_inflection,sample_4263,Where does all igneous rock come from?,magma or lava,Magma and lava.,0,0.6666666666666666,0,0,0.9405300617218018,0.9335408210754395
results_nq,BGE,high_similarity_wrong,semantic_relatedness_not_correctness,sample_4266,Many countries have attempted to reduce the human impact on climate change by reducing their emission of what greenhouse gas?,carbon dioxide,CO2,0,0.0,0,0,0.8494598269462585,0.8872537016868591
results_nq,BGE,high_similarity_wrong,numeric_equivalence,sample_4287,How many valence electrons can be found in a carbon atom?,four,4,0,0.0,0,0,0.8942000865936279,0.863497257232666
results_nq,BGE,high_similarity_wrong,other_or_true_semantic_error,sample_4288,"Diaphragm, lungs, and trachea take air deep into the body and provide oxygen gas to what?",bloodstream,Blood,0,0.0,0,0,0.6519523859024048,0.8036140203475952
results_nq,BGE,high_similarity_wrong,semantic_relatedness_not_correctness,sample_4291,A refrigerator must do work to reverse the normal direction of what?,thermal energy flow,Heat flow,0,0.4,0,0,0.8212952613830566,0.873666524887085
results_nq,BGE,high_similarity_wrong,semantic_relatedness_not_correctness,sample_4295,What type of invertebrate typically has a single spiraled shell?,gastropod,Snail,0,0.0,0,0,0.8558954000473022,0.8638258576393127
results_nq,BGE,high_similarity_wrong,synonym_or_paraphrase_labeling_artifact,sample_4297,What is observed when two perpendicular flagella moves?,spinning motion,Spiral motion,0,0.5,0,0,0.6704861521720886,0.8227760791778564
results_nq,BGE,high_similarity_wrong,semantic_relatedness_not_correctness,sample_4305,"Like other bryophytes, moss plants spend most of their life cycle as what?",gametophytes,gametophyte,0,0.0,0,0,0.9248483180999756,0.9690386652946472
results_nq,BGE,high_similarity_wrong,underspecified_or_overspecified_answer,sample_4332,What do earth and the other planets in the solar system make around the sun?,elliptical orbits,orbits,0,0.6666666666666666,0,0,0.777245283126831,0.840770959854126
results_nq,BGE,high_similarity_wrong,synonym_or_paraphrase_labeling_artifact,sample_4333,"What do anglerfish use their glow-in-the-dark, rod-like structure for?",to attract prey,Attracting prey.,0,0.4,0,0,0.8114320635795593,0.9572481513023376
results_nq,BGE,high_similarity_wrong,other_or_true_semantic_error,sample_4342,What is the process that ventilates lungs called?,breathing,Respiration,0,0.0,0,0,0.6130258440971375,0.807898223400116
results_nq,BGE,high_similarity_wrong,synonym_or_paraphrase_labeling_artifact,sample_4344,What are drilled to monitor groundwater pollution?,test wells,Monitoring wells,0,0.5,0,0,0.7293471097946167,0.8094603419303894
results_nq,BGE,high_similarity_wrong,synonym_or_paraphrase_labeling_artifact,sample_4349,How do gametophyte plants form haploid gametes?,through mitosis,Through meiosis.,0,0.5,0,0,0.64664226770401,0.8657552003860474
results_nq,BGE,high_similarity_wrong,semantic_relatedness_not_correctness,sample_4363,The a in atp is short for what?,adenosine,adenine,0,0.0,0,0,0.8256505131721497,0.8563432097434998
results_nq,BGE,high_similarity_wrong,underspecified_or_overspecified_answer,sample_4381,What devices convert mechanical energy to electric energy?,electric generators,Generators,0,0.6666666666666666,0,0,0.7798417210578918,0.8986840844154358
results_nq,BGE,high_similarity_wrong,synonym_or_paraphrase_labeling_artifact,sample_4396,"There are a series of rules for naming branched alkanes (and, ultimately, for all organic compounds). these rules make up the system of nomenclature for naming what?",organic molecules,organic compounds,0,0.5,0,0,0.8456540703773499,0.8812460899353027
results_nq,BGE,high_similarity_wrong,synonym_or_paraphrase_labeling_artifact,sample_4418,What should you use to protect your eyes from chemicals?,eye goggles,Safety goggles,0,0.5,0,0,0.8186445236206055,0.8675839900970459
results_nq,BGE,high_similarity_wrong,synonym_or_paraphrase_labeling_artifact,sample_4440,"Inside a cylinder, thermal energy is converted to what type of energy of the moving piston?",kinetic energy,Mechanical energy,0,0.5,0,0,0.6771305799484253,0.808554470539093
results_nq,BGE,high_similarity_wrong,other_or_true_semantic_error,sample_4448,What is a relationship between living things that depend on the same resources?,competition,Competitive relationship,0,0.0,0,0,0.6474458575248718,0.8019330501556396
results_nq,BGE,high_similarity_wrong,underspecified_or_overspecified_answer,sample_4449,What is the measure of an individual’s weight-to-height ratio called?,body mass index (bmi),BMI,0,0.4,0,0,0.7910577654838562,0.8845366835594177
results_nq,BGE,high_similarity_wrong,synonym_or_paraphrase_labeling_artifact,sample_4455,Which law explains why a ship weighing thousands of metric tons floats on water?,archimedes' law,Archimedes' Principle,0,0.5,0,0,0.8453656435012817,0.9054373502731323
results_nq,BGE,high_similarity_wrong,morphology_or_inflection,sample_4477,Chloroplasts and chromoplasts are examples of which membrane bound organelle containing their own dna?,plastids,plastid,0,0.0,0,0,0.9135439395904541,0.9440909624099731
results_nq,BGE,high_similarity_wrong,underspecified_or_overspecified_answer,sample_4479,Viruses were assumed to exist before they were first seen with an electron microscope in which decade?,1930 ' s,1930s,0,0.0,0,0,0.865946888923645,0.877060055732727
results_nq,BGE,high_similarity_wrong,underspecified_or_overspecified_answer,sample_4483,Where are the seeds in gymnosperms found?,in cones,On the surface of cones.,0,0.3333333333333333,0,0,0.8061579465866089,0.8766069412231445
results_nq,BGE,high_similarity_wrong,underspecified_or_overspecified_answer,sample_4486,Hydrogen and helium are specifically involved as reactants in what nuclear reaction that is useful for making energy?,nuclear fusion,fusion,0,0.6666666666666666,0,0,0.8390926718711853,0.8962836861610413
results_nq,BGE,high_similarity_wrong,underspecified_or_overspecified_answer,sample_4492,What does fluorine attract better than any other element?,shared electrons,Electrons,0,0.6666666666666666,0,0,0.7218265533447266,0.8092526197433472
results_nq,BGE,high_similarity_wrong,synonym_or_paraphrase_labeling_artifact,sample_4506,A convergent plate boundary is created when two plates do what?,come toward each other,move towards each other.,0,0.5,0,0,0.7389649152755737,0.9169676899909973
results_nq,BGE,high_similarity_wrong,underspecified_or_overspecified_answer,sample_4512,What is the largest organ of the human body?,your skin,Skin,0,0.6666666666666666,0,0,0.8429903984069824,0.8250535130500793
results_nq,BGE,high_similarity_wrong,other_or_true_semantic_error,sample_4527,Water that is lost through the skin through evaporation from the skin surface without overt sweating and from air expelled from the lungs is known as what?,insensible water loss,Insensible perspiration,0,0.4,0,0,0.37921079993247986,0.8060303926467896
results_nq,BGE,high_similarity_wrong,other_or_true_semantic_error,sample_4542,A chain of what structures form as an oceanic plate moves over a hotspot?,volcanoes,Volcanic islands,0,0.0,0,0,0.7903879284858704,0.8374453783035278
results_nq,BGE,high_similarity_wrong,semantic_relatedness_not_correctness,sample_4549,What do you call a carnivore that eats mainly insects?,insectivores,Insectivore,0,0.0,0,0,0.9249594807624817,0.936063289642334
results_nq,BGE,high_similarity_wrong,other_or_true_semantic_error,sample_4568,What branch of science aims to understand all about our planet and its environments?,earth science,Geosciences,0,0.0,0,0,0.6996362209320068,0.8240727186203003
results_nq,BGE,high_similarity_wrong,underspecified_or_overspecified_answer,sample_4582,What do you call materials that have high resistance to electric current?,electric insulators,Insulators,0,0.6666666666666666,0,0,0.9104823470115662,0.9434416890144348
results_nq,BGE,high_similarity_wrong,underspecified_or_overspecified_answer,sample_4589,The ions in ionic compounds are arranged in rigid three-dimensional patterns called what?,crystal lattices,crystals,0,0.0,0,0,0.6893793344497681,0.8076046705245972
results_nq,BGE,high_similarity_wrong,synonym_or_paraphrase_labeling_artifact,sample_4594,"Where does growth in length occur, above the root cap?",primary meristem,Apical meristem,0,0.5,0,0,0.572255551815033,0.8283023834228516
results_nq,BGE,high_similarity_wrong,underspecified_or_overspecified_answer,sample_4605,The lipids that are connected to the glucose pathways are cholesterol and triglycerides. cholesterol is a lipid that contributes to cell membrane flexibility and is a precursor of this?,steroid hormones,steroids,0,0.0,0,0,0.7356007695198059,0.8308590650558472
results_nq,BGE,high_similarity_wrong,semantic_relatedness_not_correctness,sample_4612,Ocean acidification results from the ocean absorbing what gas from the atmosphere?,carbon dioxide,CO2,0,0.0,0,0,0.8494597673416138,0.8872535228729248
results_nq,BGE,high_similarity_wrong,underspecified_or_overspecified_answer,sample_4629,What are typically named for their major physical or climatic factors in addition to their predominant vegetation?,terrestrial biomes,Biomes,0,0.6666666666666666,0,0,0.7907137870788574,0.8738707304000854
results_nq,BGE,high_similarity_wrong,numeric_equivalence,sample_4645,What type of plug is generally used on metal appliances?,3 prong,Three-prong plug,0,0.4,0,0,0.7108229398727417,0.9113308191299438
results_nq,BGE,high_similarity_wrong,semantic_relatedness_not_correctness,sample_4654,"What class of animal, including hydras and jellies, is considered the simplest to contain a nervous system?",cnidarians,Cnidaria,0,0.0,0,0,0.819509744644165,0.929402768611908
results_nq,BGE,high_similarity_wrong,semantic_relatedness_not_correctness,sample_4671,Scientists can use what tool to determine an earthquake's strength?,seismogram,Seismometer,0,0.0,0,0,0.7281635403633118,0.8821927309036255
results_nq,BGE,high_similarity_wrong,semantic_relatedness_not_correctness,sample_4675,Chemical elements and water are constantly recycled in the ecosystem through what?,biogeochemical cycles,Water cycle and biosphere,0,0.0,0,0,0.6179454326629639,0.8591136336326599
results_nq,BGE,high_similarity_wrong,synonym_or_paraphrase_labeling_artifact,sample_4689,What is the primary cause of air movement in the troposphere?,differences in heating,Temperature differences,0,0.4,0,0,0.620968759059906,0.8552833795547485
results_nq,BGE,high_similarity_wrong,semantic_relatedness_not_correctness,sample_4702,What kind of electricity can you generate with the energy found in flowing water?,hydroelectric power,Hydropower,0,0.0,0,0,0.8505027294158936,0.9157235026359558
results_nq,BGE,high_similarity_wrong,synonym_or_paraphrase_labeling_artifact,sample_4706,What is typical weather for chicago in winter?,cold & snow,Cold and snowy.,0,0.4,0,0,0.9068706631660461,0.8429551124572754
results_nq,BGE,high_similarity_wrong,semantic_relatedness_not_correctness,sample_4722,What keeps the earth orbiting the sun?,gravity,Gravitational force,0,0.0,0,0,0.7904049754142761,0.8508158326148987
results_nq,BGE,high_similarity_wrong,synonym_or_paraphrase_labeling_artifact,sample_4724,"Along with nerve tissue, what kind of tissue are lecithins and cephalins important constituents of?",brain tissue,nerve tissue,0,0.5,0,0,0.7812636494636536,0.8633835315704346
results_nq,BGE,high_similarity_wrong,numeric_equivalence,sample_4739,How long can a large star be on the main sequence stage?,10 million years,10 million to 10 billion years,0,0.6666666666666666,0,0,0.9067549705505371,0.9440416693687439
results_nq,BGE,high_similarity_wrong,synonym_or_paraphrase_labeling_artifact,sample_4745,The joint that lies between the radius and the ulna is what kind of joint?,pivot joint,Hinge joint,0,0.5,0,0,0.5348824262619019,0.8016683459281921
results_nq,BGE,high_similarity_wrong,semantic_relatedness_not_correctness,sample_4758,Norovirus causes the inflammation of the stomach and what else?,intestines,small intestine,0,0.0,0,0,0.7915711402893066,0.878233790397644
results_nq,BGE,high_similarity_wrong,semantic_relatedness_not_correctness,sample_4766,What type of animal eats both plants and animals?,omnivores,Omnivore,0,0.0,0,0,0.960016667842865,0.9447436332702637
results_nq,BGE,high_similarity_wrong,synonym_or_paraphrase_labeling_artifact,sample_4801,Which two basic parts of a plant develop tough outer coatings to protect the plant from the environment?,leaves and stems,roots and stems,0,0.6666666666666666,0,0,0.7807021141052246,0.876903235912323
results_nq,BGE,high_similarity_wrong,other_or_true_semantic_error,sample_4803,"Oxygenated air, taken in during inhalation, diffuses across the surface of the lungs into the what?",bloodstream,blood,0,0.0,0,0,0.6519524455070496,0.8036138415336609
results_nq,BGE,high_similarity_wrong,synonym_or_paraphrase_labeling_artifact,sample_4805,What is the type of plant called when its leaves seasonally turn color and fall off?,deciduous plant,Deciduous tree,0,0.5,0,0,0.8569039106369019,0.9366088509559631
results_nq,BGE,high_similarity_wrong,underspecified_or_overspecified_answer,sample_4810,What is found inside the pores of spongy bone?,bone marrow,Marrow,0,0.6666666666666666,0,0,0.9263609051704407,0.9170568585395813
results_nq,BGE,high_similarity_wrong,numeric_equivalence,sample_4812,How many oxygen ions make up an ozone molecule?,three,3,0,0.0,0,0,0.8656187057495117,0.9156867861747742
results_nq,BGE,high_similarity_wrong,semantic_relatedness_not_correctness,sample_4815,Transition metals are superior conductors of heat as well as what else?,electricity,electrical energy,0,0.0,0,0,0.831010639667511,0.8713441491127014
results_nq,BGE,high_similarity_wrong,morphology_or_inflection,sample_4830,What are the two best known baryons?,protons and neutrons,"Proton, neutron",0,0.0,0,0,0.8760635256767273,0.9204132556915283
results_nq,BGE,high_similarity_wrong,underspecified_or_overspecified_answer,sample_4834,What are the two components of the autonomic nervous system?,parasympathetic and sympathetic,Sympathetic and parasympathetic nervous systems.,0,0.7499999999999999,0,0,0.9107546806335449,0.9004029035568237
results_nq,BGE,high_similarity_wrong,synonym_or_paraphrase_labeling_artifact,sample_4835,Where do lancelets live?,shallow ocean water,In shallow marine waters.,0,0.28571428571428575,0,0,0.7662824392318726,0.8918801546096802
results_nq,BGE,high_similarity_wrong,semantic_relatedness_not_correctness,sample_4838,In what unit is heat measured in?,joules,Joule,0,0.0,0,0,0.6452125310897827,0.9371069669723511
results_nq,BGE,high_similarity_wrong,other_or_true_semantic_error,sample_4876,"What single-celled organism can be either a predator, decomposer, herbivore, or parasite in the food chain?",protozoa,Protist,0,0.0,0,0,0.5158454775810242,0.8217954039573669
results_nq,BGE,high_similarity_wrong,semantic_relatedness_not_correctness,sample_4894,"During labor, what do contractions of the muscular walls of the uterus cause?",cervical dilation,Dilation and effacement of the cervix,0,0.28571428571428575,0,0,0.7675468921661377,0.8563719391822815
results_nq,BGE,high_similarity_wrong,semantic_relatedness_not_correctness,sample_4901,What molecules with a nitrogen base are the basic components of nucleic acids?,nucleiotides,Nucleotides,0,0.0,0,0,0.913092851638794,0.9511591792106628
results_nq,BGE,high_similarity_wrong,semantic_relatedness_not_correctness,sample_4915,What method plays a role in determining the approximate age of the earth and makes use of uranium?,radioactive dating,Uranium-lead dating,0,0.4,0,0,0.7453992366790771,0.8647478818893433
results_nq,BGE,high_similarity_wrong,synonym_or_paraphrase_labeling_artifact,sample_4938,What are the two classifications of natural resources?,renewable and nonrenewable,Renewable and Non-renewable,0,0.5714285714285715,0,0,0.8856491446495056,0.9126787185668945
results_nq,BGE,high_similarity_wrong,synonym_or_paraphrase_labeling_artifact,sample_4954,What are the most common types of compounds found on earth?,carbon-based compounds,Water and carbon compounds,0,0.5714285714285715,0,0,0.7304165363311768,0.8375931978225708
results_nq,BGE,high_similarity_wrong,synonym_or_paraphrase_labeling_artifact,sample_4957,What happens to the volume of a gas as the kelvin temperature increases?,it increases,Volume increases.,0,0.5,0,0,0.722366213798523,0.8423750996589661
results_nq,BGE,high_similarity_wrong,other_or_true_semantic_error,sample_4960,What produces all the cells of the root and the root cap?,apical meristem,Meristematic tissue,0,0.0,0,0,0.6318630576133728,0.8472900390625
results_nq,BGE,high_similarity_wrong,underspecified_or_overspecified_answer,sample_4975,Introduction of antigens into the body through immunization can confer what benefit?,active immunity,Immunity,0,0.6666666666666666,0,0,0.876952052116394,0.8133411407470703
results_nq,BGE,high_similarity_wrong,morphology_or_inflection,sample_4977,What is the cause of most ocean waves?,winds,Wind.,0,0.0,0,0,0.8602063655853271,0.8806688189506531
results_nq,BGE,high_similarity_wrong,synonym_or_paraphrase_labeling_artifact,sample_4990,"These types of cella support young, growing parts of a plant?",collenchyma cells,Parenchyma cells,0,0.5,0,0,0.6981832385063171,0.8113583922386169
results_nq,BGE,high_similarity_wrong,synonym_or_paraphrase_labeling_artifact,sample_4991,What can be used to convert the energy provided by the sun to usable electrical energy?,solar cells,Solar panels,0,0.5,0,0,0.8423741459846497,0.8469173312187195
results_nq,MiniLM,high_similarity_wrong,morphology_or_inflection,sample_30,Where do angiosperms produce seeds in flowers?,ovaries,Ovary,0,0.0,0,0,0.8327300548553467,0.8951192498207092
results_nq,MiniLM,high_similarity_wrong,morphology_or_inflection,sample_38,"Fungus-like protist saprobes play what role in a food chain and are specialized to absorb nutrients from nonliving organic matter, such as dead organisms or their wastes?",decomposers,Decomposer,0,0.0,0,0,0.959020733833313,0.9136912226676941
results_nq,MiniLM,high_similarity_wrong,underspecified_or_overspecified_answer,sample_63,What's the term for the gradual progression from simple plants to larger more complex ones in an area?,primary succession,Succession,0,0.6666666666666666,0,0,0.8740105032920837,0.8195450901985168
results_nq,MiniLM,high_similarity_wrong,synonym_or_paraphrase_labeling_artifact,sample_88,Most of the pathogens that cause stis enter the body through mucous membranes of which organs?,reproductive organs,Sexual organs.,0,0.5,0,0,0.8157496452331543,0.8409339785575867
results_nq,MiniLM,high_similarity_wrong,synonym_or_paraphrase_labeling_artifact,sample_95,"When water goes above and below its freezing point, what rock-breaking phenomenon is common?",ice wedging,Frost wedging,0,0.5,0,0,0.8144583702087402,0.8935737609863281
results_nq,MiniLM,high_similarity_wrong,numeric_equivalence,sample_108,How many different types of taste can be detected by taste buds?,five,5,0,0.0,0,0,0.9229784607887268,0.9198909997940063
results_nq,MiniLM,high_similarity_wrong,semantic_relatedness_not_correctness,sample_120,Phosphate-containing ocean sediments form primarily from the bodies of ocean organisms and from their what?,excretions,excreta,0,0.0,0,0,0.8667148351669312,0.859900712966919
results_nq,MiniLM,high_similarity_wrong,semantic_relatedness_not_correctness,sample_124,"A few earthquakes take place away from plate boundaries, these are called what?",intraplate earthquakes,Intra-plate earthquakes,0,0.4,0,0,0.8981689214706421,0.976912796497345
results_nq,MiniLM,high_similarity_wrong,semantic_relatedness_not_correctness,sample_152,What do ranchers fear will happen if wolves return?,livestock predation,Increased predation on cattle.,0,0.3333333333333333,0,0,0.876013994216919,0.879291296005249
results_nq,MiniLM,high_similarity_wrong,synonym_or_paraphrase_labeling_artifact,sample_216,Global warming will raise ocean levels due to melt water from glaciers and the greater volume of what?,warmer water,warm water,0,0.5,0,0,0.9005038738250732,0.9438206553459167
results_nq,MiniLM,high_similarity_wrong,morphology_or_inflection,sample_217,What are groups of young stars loosely held together by gravity called?,open clusters,Open cluster,0,0.5,0,0,0.9454847574234009,0.9744434952735901
results_nq,MiniLM,high_similarity_wrong,synonym_or_paraphrase_labeling_artifact,sample_220,What does the driving of turbines by the heating of water to steam accomplish?,generation of electricity,Generates electricity.,0,0.4,0,0,0.8558413982391357,0.8841770887374878
results_nq,MiniLM,high_similarity_wrong,underspecified_or_overspecified_answer,sample_221,What is a device that changes kinetic energy to electrical energy through electromagnetic induction?,an electric generator,Generator,0,0.6666666666666666,0,0,0.8309646248817444,0.8594815135002136
results_nq,MiniLM,high_similarity_wrong,synonym_or_paraphrase_labeling_artifact,sample_265,What are formed by the attraction between oppositely charged ions?,ionic bonds,Ionic compounds,0,0.5,0,0,0.8100942969322205,0.8575112819671631
results_nq,MiniLM,high_similarity_wrong,morphology_or_inflection,sample_301,What is another name for composite volcanos?,stratovolcanoes,Stratovolcanos,0,0.0,0,0,0.9743902683258057,0.9663834571838379
results_nq,MiniLM,high_similarity_wrong,synonym_or_paraphrase_labeling_artifact,sample_330,What are the 2 primary hosts of ebola in central africa?,apes and bats,Bats and primates,0,0.6666666666666666,0,0,0.9175637364387512,0.9147251844406128
results_nq,MiniLM,high_similarity_wrong,morphology_or_inflection,sample_352,The function of which organ is to filter blood and form urine?,kidneys,Kidney,0,0.0,0,0,0.8868281841278076,0.9030757546424866
results_nq,MiniLM,high_similarity_wrong,other_or_true_semantic_error,sample_353,The attraction between all objects in the universe is known as ______.,gravity,gravitation,0,0.0,0,0,0.8280612826347351,0.849552571773529
results_nq,MiniLM,high_similarity_wrong,numeric_equivalence,sample_366,The kinetic-molecular theory as it applies to gases has how many basic assumptions?,five,5,0,0.0,0,0,0.9229784607887268,0.9198909997940063
results_nq,MiniLM,high_similarity_wrong,underspecified_or_overspecified_answer,sample_372,Both diffusion and effusion are related to the speed at which what objects move?,gas molecules,molecules,0,0.6666666666666666,0,0,0.8015530109405518,0.8762996196746826
results_nq,MiniLM,high_similarity_wrong,semantic_relatedness_not_correctness,sample_383,"Different forms, or allotropes, of carbon are diamond, graphite, and what?",fullerenes,fullerene,0,0.0,0,0,0.8909990787506104,0.9689473509788513
results_nq,MiniLM,high_similarity_wrong,other_or_true_semantic_error,sample_396,"What property is characterized by eddies and swirls that mix layers of fluid together, unlike laminar flow?",turbulence,Turbulent flow,0,0.0,0,0,0.8127655386924744,0.8657864332199097
results_nq,MiniLM,high_similarity_wrong,numeric_equivalence,sample_405,The body is made up of how many types of tissue?,four,4,0,0.0,0,0,0.8942002058029175,0.863497257232666
results_nq,MiniLM,high_similarity_wrong,underspecified_or_overspecified_answer,sample_409,What type of bonds do alkanes only contain?,carbon-carbon single bonds,Carbon-carbon and carbon-hydrogen single bonds,0,0.7272727272727273,0,0,0.9053759574890137,0.936651349067688
results_nq,MiniLM,high_similarity_wrong,semantic_relatedness_not_correctness,sample_415,"This heat is used to convert water into steam, which is then used to turn a turbine, thus generating what?",electrical power,Electricity,0,0.0,0,0,0.8583699464797974,0.8643051981925964
results_nq,MiniLM,high_similarity_wrong,underspecified_or_overspecified_answer,sample_438,What temperature scale is obtained by adding 273 degrees from the corresponding celsius temperature?,kelvin scale,Kelvin,0,0.6666666666666666,0,0,0.8134966492652893,0.9069657921791077
results_nq,MiniLM,high_similarity_wrong,underspecified_or_overspecified_answer,sample_466,What happens to the temperature of matter as light is absorbed?,it increases,Increases,0,0.6666666666666666,0,0,0.8541365265846252,0.8775575757026672
results_nq,MiniLM,high_similarity_wrong,synonym_or_paraphrase_labeling_artifact,sample_470,Fission is a type of radioactivity in which large nuclei spontaneously break apart into what?,smaller nuclei,small nuclei,0,0.5,0,0,0.9489541053771973,0.9604299068450928
results_nq,MiniLM,high_similarity_wrong,other_or_true_semantic_error,sample_486,How many different types of stresses are there?,four,Three,0,0.0,0,0,0.8232482671737671,0.6993282437324524
results_nq,MiniLM,high_similarity_wrong,other_or_true_semantic_error,sample_494,Producers at the base of ecological food webs are also known as?,autotrophic,Autotrophs,0,0.0,0,0,0.8083308339118958,0.8845455646514893
results_nq,MiniLM,high_similarity_wrong,underspecified_or_overspecified_answer,sample_497,What is the study of the similarities and differences in the embryos of different species?,comparative embryology,Embryology,0,0.6666666666666666,0,0,0.8779030442237854,0.841647744178772
results_nq,MiniLM,high_similarity_wrong,other_or_true_semantic_error,sample_508,Emissions of what gas into the atmosphere from fossil fuel burning have been rising for the past several decades?,carbon dioxide,CO2,0,0.0,0,0,0.8494597673416138,0.8872536420822144
results_nq,MiniLM,high_similarity_wrong,morphology_or_inflection,sample_564,What is the name for a biologist who studies fungi?,mycologists,Mycologist,0,0.0,0,0,0.9269847869873047,0.8971847295761108
results_nq,MiniLM,high_similarity_wrong,numeric_equivalence,sample_565,How many different kinds of ions are produced when sodium chloride dissociates ?,two,2,0,0.0,0,0,0.8183469772338867,0.8677992224693298
results_nq,MiniLM,high_similarity_wrong,semantic_relatedness_not_correctness,sample_599,"Like other bryophytes, moss plants spend most of their life cycle as?",gametophytes,gametophyte,0,0.0,0,0,0.9248483180999756,0.969038724899292
results_nq,MiniLM,high_similarity_wrong,synonym_or_paraphrase_labeling_artifact,sample_634,"During karyogamy, the haploid nuclei contributed by the two parents fuse, which produces what?",diploid cells,Diploid nucleus,0,0.5,0,0,0.8178847432136536,0.8560327291488647
results_nq,MiniLM,high_similarity_wrong,underspecified_or_overspecified_answer,sample_682,What device changes kinetic energy to electrical energy through electromagnetic induction?,electric generator,Generator,0,0.6666666666666666,0,0,0.849216103553772,0.8966141939163208
results_nq,MiniLM,high_similarity_wrong,morphology_or_inflection,sample_720,What forms when an atom gains electrons?,anions,Anion,0,0.0,0,0,0.8634363412857056,0.9486968517303467
results_nq,MiniLM,high_similarity_wrong,numeric_equivalence,sample_742,"What is the ph level of neutral, pure water?",seven,7,0,0.0,0,0,0.9258615374565125,0.904780387878418
results_nq,MiniLM,high_similarity_wrong,synonym_or_paraphrase_labeling_artifact,sample_797,The tidal forces near what celestial phenomena are so great they can actually tear matter from a companion star?,black holes,Black hole,0,0.5,0,0,0.9441515803337097,0.9340886473655701
results_nq,MiniLM,high_similarity_wrong,morphology_or_inflection,sample_805,What creates charged regions in a water molecule?,polar covalent bonds,Polar covalent bond,0,0.6666666666666666,0,0,0.9792749881744385,0.982446014881134
results_nq,MiniLM,high_similarity_wrong,other_or_true_semantic_error,sample_835,A type of what in a cow's gut enables the animal to digest grass?,bacteria,microbes,0,0.0,0,0,0.810596764087677,0.8425911664962769
results_nq,MiniLM,high_similarity_wrong,synonym_or_paraphrase_labeling_artifact,sample_842,"What title is used to describe health professionals who use nonsurgical techniques to help patients with musculoskeletal system problems that involve the bones, muscles, ligaments, tendons, or nervous system?",chiropractor chiropractors,Chiropractor,0,0.6666666666666666,0,0,0.9310474991798401,0.9531293511390686
results_nq,MiniLM,high_similarity_wrong,underspecified_or_overspecified_answer,sample_851,"When we move down a group of elements on the periodic table, what happens to their electronegativity?",it decreases,Decreases,0,0.6666666666666666,0,0,0.8701292872428894,0.9141073822975159
results_nq,MiniLM,high_similarity_wrong,synonym_or_paraphrase_labeling_artifact,sample_858,What occurs when a substance diffuses through a cell membrane without any help from other molecules?,simple diffusion,Facilitated diffusion,0,0.5,0,0,0.8016706109046936,0.7593909502029419
results_nq,MiniLM,high_similarity_wrong,semantic_relatedness_not_correctness,sample_867,Which kinds of cells have nuclei and other membrane bound organelles?,eukaryotes,Eukaryotic cells,0,0.0,0,0,0.8649791479110718,0.9388816952705383
results_nq,MiniLM,high_similarity_wrong,other_or_true_semantic_error,sample_875,What gas is released into the atmosphere when fossil fuels are burned?,co2,Carbon dioxide,0,0.0,0,0,0.8494598865509033,0.8872537612915039
results_nq,MiniLM,high_similarity_wrong,synonym_or_paraphrase_labeling_artifact,sample_917,Alkaline earth metals are what color?,silvery grey,silvery-white,0,0.5,0,0,0.8453381061553955,0.8236938714981079
results_nq,MiniLM,high_similarity_wrong,underspecified_or_overspecified_answer,sample_924,"When light is absorbed by a material, what may increase?",its temperature,Temperature,0,0.6666666666666666,0,0,0.8518868088722229,0.822861909866333
results_nq,MiniLM,high_similarity_wrong,other_or_true_semantic_error,sample_950,Is the progeny produced by asexual reproduction stronger or weaker than seedlings produced by sexual reproduction?,stronger,Weaker,0,0.0,0,0,0.836696207523346,0.8162901997566223
results_nq,MiniLM,high_similarity_wrong,morphology_or_inflection,sample_955,What takes the shape of the container they are placed in and have a definite volume?,liquids,Liquid,0,0.0,0,0,0.8991069793701172,0.9444252848625183
results_nq,MiniLM,high_similarity_wrong,other_or_true_semantic_error,sample_963,Why do players with more mass often have a larger impact in football?,momentum is larger,Greater momentum due to mass.,0,0.25,0,0,0.8042158484458923,0.9029726386070251
results_nq,MiniLM,high_similarity_wrong,underspecified_or_overspecified_answer,sample_964,Corals build hard exoskeletons that grow to become what?,coral reefs,Reef,0,0.0,0,0,0.8460952043533325,0.8281099796295166
results_nq,MiniLM,high_similarity_wrong,other_or_true_semantic_error,sample_979,All of the monatomic ions have oxidation numbers equal to their?,charges,charge,0,0.0,0,0,0.8498684167861938,0.9130043983459473
results_nq,MiniLM,high_similarity_wrong,semantic_relatedness_not_correctness,sample_981,Give an example of benthos that live near vents on the deep ocean floor.,tubeworms,Tube worms,0,0.0,0,0,0.9147738814353943,0.9121432900428772
results_nq,MiniLM,high_similarity_wrong,underspecified_or_overspecified_answer,sample_1023,Hydrogen peroxide will decompose over time to produce _______ gas.,water and oxygen,Oxygen,0,0.5,0,0,0.8272408246994019,0.8562201857566833
results_nq,MiniLM,high_similarity_wrong,morphology_or_inflection,sample_1042,The chemical behavior of elements can largely be explained by what?,electron configurations,electron configuration,0,0.5,0,0,0.9687709212303162,0.9762027263641357
results_nq,MiniLM,high_similarity_wrong,synonym_or_paraphrase_labeling_artifact,sample_1060,What causes fertilization to occur?,sperm and an egg fuse,Sperm meets and fuses with an egg.,0,0.6,0,0,0.8910300135612488,0.9501231908798218
results_nq,MiniLM,high_similarity_wrong,underspecified_or_overspecified_answer,sample_1062,Proto-oncogenes normally help regulate what?,cell division,cell growth and division,0,0.6666666666666666,0,0,0.8432657122612,0.9221115112304688
results_nq,MiniLM,high_similarity_wrong,underspecified_or_overspecified_answer,sample_1085,Nearly all of what are constructed from a set of just 20 common amino acids?,biological proteins,Proteins,0,0.6666666666666666,0,0,0.9084293842315674,0.8311052918434143
results_nq,MiniLM,high_similarity_wrong,numeric_equivalence,sample_1097,Superconductors are materials with a resistivity of?,zero,0,0,0.0,0,0,0.8644563555717468,0.5478475689888
results_nq,MiniLM,high_similarity_wrong,synonym_or_paraphrase_labeling_artifact,sample_1106,Bones are part of which body system?,skeletal system,Skeleton System,0,0.5,0,0,0.8707072734832764,0.895983099937439
results_nq,MiniLM,high_similarity_wrong,morphology_or_inflection,sample_1119,What is the hardest of all minerals?,diamonds,Diamond,0,0.0,0,0,0.9040918350219727,0.9470739960670471
results_nq,MiniLM,high_similarity_wrong,semantic_relatedness_not_correctness,sample_1131,What is the term for long carbohydrate molecules of repeated monomer units joined together by glycosidic bonds?,polysaccharides,Polysaccharide,0,0.0,0,0,0.9641982913017273,0.9616138339042664
results_nq,MiniLM,high_similarity_wrong,underspecified_or_overspecified_answer,sample_1134,What speeds up the reactions of chemical digestion?,digestive enzymes,Enzymes,0,0.6666666666666666,0,0,0.8428895473480225,0.8863117694854736
results_nq,MiniLM,high_similarity_wrong,underspecified_or_overspecified_answer,sample_1163,Lenses make use of what to create images?,refraction of light,Refraction,0,0.5,0,0,0.8429913520812988,0.9260873794555664
results_nq,MiniLM,high_similarity_wrong,other_or_true_semantic_error,sample_1174,What are the three classifications of elements?,"metals, non-metals and metaloids","Metals, Nonmetals, Metalloids",0,0.25,0,0,0.8375270366668701,0.8967441916465759
results_nq,MiniLM,high_similarity_wrong,synonym_or_paraphrase_labeling_artifact,sample_1198,Materials that are good conductors of thermal energy are called?,thermal conductors,Heat conductors,0,0.5,0,0,0.9152733683586121,0.935904860496521
results_nq,MiniLM,high_similarity_wrong,morphology_or_inflection,sample_1203,What is the term for the remains or traces of living organisms?,fossils,Fossil,0,0.0,0,0,0.9358166456222534,0.8892495036125183
results_nq,MiniLM,high_similarity_wrong,synonym_or_paraphrase_labeling_artifact,sample_1204,What type of disease is caused by pathogens?,infectious diseases,Infectious disease,0,0.5,0,0,0.9727953672409058,0.9619743227958679
results_nq,MiniLM,high_similarity_wrong,synonym_or_paraphrase_labeling_artifact,sample_1207,"Of the three basic types of emissions, which has the highest penetrating power?",gamma radiation,Gamma rays,0,0.5,0,0,0.8812044858932495,0.9409534931182861
results_nq,MiniLM,high_similarity_wrong,underspecified_or_overspecified_answer,sample_1239,What are the two types of fermentation?,lactic acid and alcoholic,"Alcoholic fermentation, lactic acid fermentation",0,0.6666666666666665,0,0,0.8281095027923584,0.8962010741233826
results_nq,MiniLM,high_similarity_wrong,underspecified_or_overspecified_answer,sample_1259,"For most of a star’s life, hydrogen atoms fuse to form what?",helium atoms,helium,0,0.6666666666666666,0,0,0.8302637934684753,0.909991979598999
results_nq,MiniLM,high_similarity_wrong,underspecified_or_overspecified_answer,sample_1265,Elements are pure substances that make up what?,all matter,matter,0,0.6666666666666666,0,0,0.8418278098106384,0.8272978663444519
results_nq,MiniLM,high_similarity_wrong,underspecified_or_overspecified_answer,sample_1276,People with osteoporosis have an increase risk of what?,bone fractures,fractures,0,0.6666666666666666,0,0,0.9021431803703308,0.8907286524772644
results_nq,MiniLM,high_similarity_wrong,underspecified_or_overspecified_answer,sample_1347,The water in some springs are hot because they're heated by what?,hot magma,magma,0,0.6666666666666666,0,0,0.8715517520904541,0.8768808841705322
results_nq,MiniLM,high_similarity_wrong,underspecified_or_overspecified_answer,sample_1364,What occurs in a formerly inhabited area that was disturbed?,secondary succession,Succession,0,0.6666666666666666,0,0,0.8747928142547607,0.7994877696037292
results_nq,MiniLM,high_similarity_wrong,underspecified_or_overspecified_answer,sample_1377,What carries the instructions from the nucleus to the cytoplasm?,messenger rna,RNA,0,0.6666666666666666,0,0,0.8352532982826233,0.8440054655075073
results_nq,MiniLM,high_similarity_wrong,underspecified_or_overspecified_answer,sample_1385,What consists of one or two closed loops through which current can flow?,electric circuit,Circuit,0,0.6666666666666666,0,0,0.8617344498634338,0.8564429879188538
results_nq,MiniLM,high_similarity_wrong,numeric_equivalence,sample_1401,How many different types of taste neurons does the tongue contain?,five,5,0,0.0,0,0,0.9229784607887268,0.9198909997940063
results_nq,MiniLM,high_similarity_wrong,synonym_or_paraphrase_labeling_artifact,sample_1491,What is produced when sulfur and oxygen combine?,sulfur oxide,Sulfur dioxide,0,0.5,0,0,0.8005786538124084,0.9063772559165955
results_nq,MiniLM,high_similarity_wrong,semantic_relatedness_not_correctness,sample_1516,Which organ of the body do large tapeworms attack or block?,intestines,Intestine,0,0.0,0,0,0.9506204724311829,0.9723537564277649
results_nq,MiniLM,high_similarity_wrong,underspecified_or_overspecified_answer,sample_1539,How does the number of protons compare to the number of electrons in an electrically neutral atom?,they are equal,Equal,0,0.5,0,0,0.8200794458389282,0.8751109838485718
results_nq,MiniLM,high_similarity_wrong,morphology_or_inflection,sample_1559,What type of butterfly do birds avoid eating since it makes them sick?,monarch butterflies,Monarch Butterfly,0,0.5,0,0,0.9257291555404663,0.9756098389625549
results_nq,MiniLM,high_similarity_wrong,underspecified_or_overspecified_answer,sample_1598,What is the term for when a substance boils and changes to gas?,boiling point,Boiling,0,0.6666666666666666,0,0,0.8388190269470215,0.8267056941986084
results_nq,MiniLM,high_similarity_wrong,underspecified_or_overspecified_answer,sample_1636,What is necessary for new alleles to be created?,new mutations,Mutation,0,0.0,0,0,0.88157719373703,0.8481096029281616
results_nq,MiniLM,high_similarity_wrong,other_or_true_semantic_error,sample_1650,"There is a positive correlation between the ability to conduct thermal energy and what other energy, as exemplified by metals?",electricity,Electrical energy,0,0.0,0,0,0.8310106992721558,0.8713440895080566
results_nq,MiniLM,high_similarity_wrong,synonym_or_paraphrase_labeling_artifact,sample_1656,What do you call chemical reactions that take place inside living things?,biochemical reactions,Metabolic reactions,0,0.5,0,0,0.8086364269256592,0.8706371784210205
results_nq,MiniLM,high_similarity_wrong,morphology_or_inflection,sample_1678,What takes both the shape and the volume of their container?,gases,Gas,0,0.0,0,0,0.8552170395851135,0.9047124981880188
results_nq,MiniLM,high_similarity_wrong,synonym_or_paraphrase_labeling_artifact,sample_1683,What do electromagnetic receptors detect?,electromagnetic radiation,Electromagnetic waves,0,0.5,0,0,0.8187431693077087,0.9126627445220947
results_nq,MiniLM,high_similarity_wrong,synonym_or_paraphrase_labeling_artifact,sample_1688,What is the process in which unstable nuclei become stable by emitting particles and energy and changing to different elements called?,radioactive decay,Nuclear decay,0,0.5,0,0,0.8623130917549133,0.8996142148971558
results_nq,MiniLM,high_similarity_wrong,morphology_or_inflection,sample_1700,"As with other organic compounds that form hydrogen bonds, water solubility of amines is reflected in the length of what?",carbon chains,carbon chain,0,0.5,0,0,0.9612225294113159,0.9691903591156006
results_nq,MiniLM,high_similarity_wrong,underspecified_or_overspecified_answer,sample_1714,What is it called when electrons are shared equally?,nonpolar bonds,Nonpolar covalent bond,0,0.4,0,0,0.8671671152114868,0.9387082457542419
results_nq,MiniLM,high_similarity_wrong,underspecified_or_overspecified_answer,sample_1768,What are chemical messengers that control sexual development and reproduction?,sex hormones,Hormones,0,0.6666666666666666,0,0,0.8863123059272766,0.8600571155548096
results_nq,MiniLM,high_similarity_wrong,underspecified_or_overspecified_answer,sample_1804,What are materials that are poor thermal conductors called?,thermal insulators,Poor thermal conductors are called insulators.,0,0.5,0,0,0.8067763447761536,0.8472177386283875
results_nq,MiniLM,high_similarity_wrong,semantic_relatedness_not_correctness,sample_1817,"In police radar, a radar gun sends out short bursts of which waves?",microwaves,microwave,0,0.0,0,0,0.9358713030815125,0.9469925165176392
results_nq,MiniLM,high_similarity_wrong,synonym_or_paraphrase_labeling_artifact,sample_1846,What system protects the soft organs of the body?,skeletal system,Skeleton system,0,0.5,0,0,0.8707072138786316,0.8959830403327942
results_nq,MiniLM,high_similarity_wrong,morphology_or_inflection,sample_1850,Reversing the orientation of a chromosomal segment is called what?,inversions,Inversion,0,0.0,0,0,0.9534246921539307,0.9493474960327148
results_nq,MiniLM,high_similarity_wrong,underspecified_or_overspecified_answer,sample_1851,"What does the clitellum secrete, while the sperm received are stored temporarily?",cocoon of mucus,Mucus to form the cocoon,0,0.5714285714285715,0,0,0.9430035948753357,0.91996169090271
results_nq,MiniLM,high_similarity_wrong,underspecified_or_overspecified_answer,sample_1873,Different clouds are associated with different types of what?,weather conditions,weather,0,0.6666666666666666,0,0,0.8520411849021912,0.867810845375061
results_nq,MiniLM,high_similarity_wrong,semantic_relatedness_not_correctness,sample_1899,"Farsightedness, or hyperopia, is the condition in which distant objects are seen clearly, but nearby objects are?",blurry,blurred,0,0.0,0,0,0.8593360185623169,0.8755369186401367
results_nq,MiniLM,high_similarity_wrong,synonym_or_paraphrase_labeling_artifact,sample_1926,Where does the most important monsoon in the world occur?,southern asia,South Asia,0,0.5,0,0,0.9466305375099182,0.8794541358947754
results_nq,MiniLM,high_similarity_wrong,semantic_relatedness_not_correctness,sample_1935,The majority of solids are what in nature?,crystalline,crystals,0,0.0,0,0,0.850743293762207,0.8640326857566833
results_nq,MiniLM,high_similarity_wrong,underspecified_or_overspecified_answer,sample_1939,The term science comes from a latin word that means?,having knowledge,knowledge,0,0.6666666666666666,0,0,0.8402136564254761,0.8546446561813354
results_nq,MiniLM,high_similarity_wrong,morphology_or_inflection,sample_1997,When naming this type of ion the ending of the element’s name is dropped and replaced with the – ide suffix?,anions,Anion,0,0.0,0,0,0.8634363412857056,0.9486968517303467
results_nq,MiniLM,high_similarity_wrong,underspecified_or_overspecified_answer,sample_2013,What device uses electromagnetic induction to change the voltage of electric current?,electric transformer,Transformer,0,0.6666666666666666,0,0,0.8875645995140076,0.9015758633613586
results_nq,MiniLM,high_similarity_wrong,synonym_or_paraphrase_labeling_artifact,sample_2015,Which type of glaciers form in high mountains and travel through valleys?,alpine glaciers,Valley glaciers,0,0.5,0,0,0.8667333126068115,0.7861183881759644
results_nq,MiniLM,high_similarity_wrong,other_or_true_semantic_error,sample_2019,Gene expression is regulated primarily at the what level?,transcriptional,transcription level,0,0.0,0,0,0.8008646965026855,0.79667729139328
results_nq,MiniLM,high_similarity_wrong,semantic_relatedness_not_correctness,sample_2036,Many species in rhizaria are among the organisms referred to as what?,amoebas,amoebae,0,0.0,0,0,0.8676392436027527,0.8741536736488342
results_nq,MiniLM,high_similarity_wrong,morphology_or_inflection,sample_2053,What does the human heart do?,pump blood,Pumps blood.,0,0.5,0,0,0.857200562953949,0.9254078269004822
results_nq,MiniLM,high_similarity_wrong,morphology_or_inflection,sample_2072,What do you call taxes placed on products that produce carbon dioxide?,carbon taxes,Carbon tax,0,0.5,0,0,0.9760969877243042,0.978609561920166
results_nq,MiniLM,high_similarity_wrong,semantic_relatedness_not_correctness,sample_2086,What preventative measure is often delivered by injection into the arm?,vaccine,Vaccination,0,0.0,0,0,0.8717953562736511,0.7835129499435425
results_nq,MiniLM,high_similarity_wrong,synonym_or_paraphrase_labeling_artifact,sample_2096,What is the term for the use of radioactive decay to estimate the ages of fossils and rock?,radioactive dating,Radiometric dating,0,0.5,0,0,0.8247750401496887,0.9147346615791321
results_nq,MiniLM,high_similarity_wrong,synonym_or_paraphrase_labeling_artifact,sample_2111,What happens when a sodium atom loses an electron?,becomes sodium ion,Sodium ion (Na+) is formed.,0,0.5,0,0,0.8367732167243958,0.8965371251106262
results_nq,MiniLM,high_similarity_wrong,other_or_true_semantic_error,sample_2118,What is the part of a plant whose primary role is to collect sunlight and make food by photosynthesis?,leaves,Leaf,0,0.0,0,0,0.8454664349555969,0.9029253125190735
results_nq,MiniLM,high_similarity_wrong,other_or_true_semantic_error,sample_2145,Is the digestive tract of many sharks longer or shorter than many other vertebrates?,shorter,Longer,0,0.0,0,0,0.8041277527809143,0.8187181353569031
results_nq,MiniLM,high_similarity_wrong,synonym_or_paraphrase_labeling_artifact,sample_2157,Carbon behaves as a metal because it conducts which two things well?,heat and electricity,electrical charge and heat,0,0.5714285714285715,0,0,0.8196575045585632,0.8885772228240967
results_nq,MiniLM,high_similarity_wrong,morphology_or_inflection,sample_2159,What contains the spore-forming asci?,the ascocarps,Ascocarp,0,0.0,0,0,0.8986137509346008,0.8966065645217896
results_nq,MiniLM,high_similarity_wrong,synonym_or_paraphrase_labeling_artifact,sample_2160,Fruit fly and brine shrimp hox genes have evolved independently for how long?,400 million years,over 600 million years,0,0.5714285714285715,0,0,0.8867363333702087,0.8559613823890686
results_nq,MiniLM,high_similarity_wrong,underspecified_or_overspecified_answer,sample_2162,What do tadpoles change into?,adult frogs,Frogs,0,0.6666666666666666,0,0,0.8245847225189209,0.8368039727210999
results_nq,MiniLM,high_similarity_wrong,other_or_true_semantic_error,sample_2172,How many pathways do plants have for carbon fixation?,three,Two,0,0.0,0,0,0.8061562180519104,0.6696772575378418
results_nq,MiniLM,high_similarity_wrong,underspecified_or_overspecified_answer,sample_2225,What type of device uses electromagnetic induction to change the voltage of electric current?,electronic transformer,Transformer,0,0.6666666666666666,0,0,0.8530305027961731,0.8640910983085632
results_nq,MiniLM,high_similarity_wrong,underspecified_or_overspecified_answer,sample_2267,What helps treat bacterial infections in people?,antibiotic drugs,Antibiotics,0,0.0,0,0,0.8989872336387634,0.8838993906974792
results_nq,MiniLM,high_similarity_wrong,other_or_true_semantic_error,sample_2289,What are the largest phylum in the animal kingdom?,arthropods,Arthropoda,0,0.0,0,0,0.8000447154045105,0.8586482405662537
results_nq,MiniLM,high_similarity_wrong,synonym_or_paraphrase_labeling_artifact,sample_2294,What is the biogeochemical cycle that recycles water called?,water cycle,Hydrological cycle,0,0.5,0,0,0.8248574137687683,0.8968628644943237
results_nq,MiniLM,high_similarity_wrong,semantic_relatedness_not_correctness,sample_2311,What term is used to describe birds that mate for an entire season or even stay paired for their entire life?,monogamous,Monogamy,0,0.0,0,0,0.9394605159759521,0.9084257483482361
results_nq,MiniLM,high_similarity_wrong,underspecified_or_overspecified_answer,sample_2312,What branch of science offers an overview of the physiology of humans?,human biology,Biology,0,0.6666666666666666,0,0,0.8723206520080566,0.8573541045188904
results_nq,MiniLM,high_similarity_wrong,synonym_or_paraphrase_labeling_artifact,sample_2313,"In atherosclerosis, thickening of an arterial wall due to this can restrict blood flow through the artery?",plaque formation,Plaque buildup,0,0.5,0,0,0.8571742177009583,0.9060393571853638
results_nq,MiniLM,high_similarity_wrong,semantic_relatedness_not_correctness,sample_2321,What make distant objects appear both nearer and larger?,telescopes,Telescope,0,0.0,0,0,0.9252793192863464,0.9149565696716309
results_nq,MiniLM,high_similarity_wrong,morphology_or_inflection,sample_2346,"Reflected in their relatively high level of intelligence and their ability to learn new behaviors, what organs tend to be relatively large in primates?",brains,Brain,0,0.0,0,0,0.9335721731185913,0.9362756609916687
results_nq,MiniLM,high_similarity_wrong,numeric_equivalence,sample_2433,Invertebrates make up what percentage of all animal species?,95 percent,95%,0,0.6666666666666666,0,0,0.9459183216094971,0.9722510576248169
results_nq,MiniLM,high_similarity_wrong,morphology_or_inflection,sample_2452,What are the largest known proteins?,titins,Titin,0,0.0,0,0,0.9071530103683472,0.9007471799850464
results_nq,MiniLM,high_similarity_wrong,synonym_or_paraphrase_labeling_artifact,sample_2467,What determines the color of visible light?,exact wavelength,Wavelength of light,0,0.4,0,0,0.8148754835128784,0.8039413690567017
results_nq,MiniLM,high_similarity_wrong,synonym_or_paraphrase_labeling_artifact,sample_2469,Earth rotates on its axis once each day and revolves around the sun how often?,once each year,Once per year,0,0.6666666666666666,0,0,0.9256126880645752,0.9677950143814087
results_nq,MiniLM,high_similarity_wrong,morphology_or_inflection,sample_2490,What is tube-shaped and brings urine from the kidneys to the urinary bladder?,ureters,Ureter,0,0.0,0,0,0.9309200644493103,0.9043337106704712
results_nq,MiniLM,high_similarity_wrong,synonym_or_paraphrase_labeling_artifact,sample_2502,The elements in group 2 are called what?,alkaline earth metals,Alkali earth metals,0,0.6666666666666666,0,0,0.9837723970413208,0.9280537962913513
results_nq,MiniLM,high_similarity_wrong,morphology_or_inflection,sample_2514,Where are protons found in the atom?,in the nucleus,Nucleus,0,0.6666666666666666,0,0,0.8950222730636597,0.8869050741195679
results_nq,MiniLM,high_similarity_wrong,underspecified_or_overspecified_answer,sample_2528,What celestial events are the source of elements heavier than iron?,supernovas,Supernova explosions,0,0.0,0,0,0.8559051752090454,0.842420756816864
results_nq,MiniLM,high_similarity_wrong,morphology_or_inflection,sample_2559,What attaches a muscle to a bone?,tendons,Tendon,0,0.0,0,0,0.9216893315315247,0.9339125752449036
results_nq,MiniLM,high_similarity_wrong,other_or_true_semantic_error,sample_2560,What are two common weather characteristics of hurricanes?,high winds and rainfall,"Strong winds, heavy rain",0,0.25,0,0,0.8435556292533875,0.8318188190460205
results_nq,MiniLM,high_similarity_wrong,numeric_equivalence,sample_2589,The cubic crystal system is composed of how many different types of unit cells?,three,3,0,0.0,0,0,0.8656187057495117,0.9156867861747742
results_nq,MiniLM,high_similarity_wrong,numeric_equivalence,sample_2598,How many bones does the  mammalian middle ear have?,three,3,0,0.0,0,0,0.8656188249588013,0.9156867861747742
results_nq,MiniLM,high_similarity_wrong,semantic_relatedness_not_correctness,sample_2659,"Sharing a phylum with insects, spiders, daddy-long-legs, scorpions, and ticks belong to what class?",arachnids,Arachnida,0,0.0,0,0,0.8550059199333191,0.8693667054176331
results_nq,MiniLM,high_similarity_wrong,numeric_equivalence,sample_2663,"In a carbon triple bond, how many pairs of electrons are shared?",three,3,0,0.0,0,0,0.8656187653541565,0.915686845779419
results_nq,MiniLM,high_similarity_wrong,other_or_true_semantic_error,sample_2673,What kind of structure do purines have?,double ring structure,Ringed structure,0,0.4,0,0,0.800028920173645,0.8720105886459351
results_nq,MiniLM,high_similarity_wrong,semantic_relatedness_not_correctness,sample_2689,"What component of an organism, made up of many cells, in turn makes up an organ?",tissues,Tissue,0,0.0,0,0,0.9345924258232117,0.9581660032272339
results_nq,MiniLM,high_similarity_wrong,other_or_true_semantic_error,sample_2697,How many pathways do plants have for carbon fixation?,three,Two,0,0.0,0,0,0.8061562776565552,0.6696773171424866
results_nq,MiniLM,high_similarity_wrong,semantic_relatedness_not_correctness,sample_2703,Some women experience cramping and pain before and during what monthly cycle?,menstruation,Menstrual cycle,0,0.0,0,0,0.8701512813568115,0.8728215098381042
results_nq,MiniLM,high_similarity_wrong,morphology_or_inflection,sample_2709,"Because force and electric field are what, they have direction as well as their value?",vectors,vector,0,0.0,0,0,0.9128048419952393,0.9324895143508911
results_nq,MiniLM,high_similarity_wrong,other_or_true_semantic_error,sample_2712,"How thick is the earth's continental crust, on average?",35 kilometers,30-50 km,0,0.0,0,0,0.8328613042831421,0.8103777766227722
results_nq,MiniLM,high_similarity_wrong,semantic_relatedness_not_correctness,sample_2723,"What are commonly used to control insect pests, but can have harmful effects on the environment?",insecticides,Pesticides,0,0.0,0,0,0.9135580062866211,0.871768057346344
results_nq,MiniLM,high_similarity_wrong,semantic_relatedness_not_correctness,sample_2827,"What is the group of all the eukaryotes that are not fungi, animals, or plants called?",protists,Protista,0,0.0,0,0,0.8939942717552185,0.8957152962684631
results_nq,MiniLM,high_similarity_wrong,morphology_or_inflection,sample_2828,What have a symbiotic relationship between a fungus and a photosynthetic organism?,lichens,Lichen,0,0.0,0,0,0.9412404894828796,0.9331024289131165
results_nq,MiniLM,high_similarity_wrong,morphology_or_inflection,sample_2843,"Because opposite charges attract, oppositely charged ions attract each other to form what?",ionic bonds,Ionic bond,0,0.5,0,0,0.9580477476119995,0.9744112491607666
results_nq,MiniLM,high_similarity_wrong,underspecified_or_overspecified_answer,sample_2848,Who invented the taxonomic classification system?,carl linnaeus,Linnaeus,0,0.6666666666666666,0,0,0.9340915083885193,0.9077774286270142
results_nq,MiniLM,high_similarity_wrong,semantic_relatedness_not_correctness,sample_2849,What type of pathogen is responsible for african sleeping sickness?,trypanosoma,Trypanosome,0,0.0,0,0,0.8858838081359863,0.9482858777046204
results_nq,MiniLM,high_similarity_wrong,other_or_true_semantic_error,sample_2850,How many underlying principles does the science of biology have?,four,Three,0,0.0,0,0,0.8232481479644775,0.6993281245231628
results_nq,MiniLM,high_similarity_wrong,synonym_or_paraphrase_labeling_artifact,sample_2881,What is the term for dating a rock based on composition decay?,radioactive dating,Radiometric dating,0,0.5,0,0,0.8247750997543335,0.9147346019744873
results_nq,MiniLM,high_similarity_wrong,underspecified_or_overspecified_answer,sample_2917,"What part of a mature plant cell is responsible for storing substances like water, enzymes, and salts?",central vacuole,Vacuole,0,0.6666666666666666,0,0,0.8017652034759521,0.8645166158676147
results_nq,MiniLM,high_similarity_wrong,morphology_or_inflection,sample_2970,The similarity in biochemical compounds between living things provides evidence for the evolution of species from what?,common ancestors,common ancestor,0,0.5,0,0,0.9126662015914917,0.9406930804252625
results_nq,MiniLM,high_similarity_wrong,underspecified_or_overspecified_answer,sample_2980,What is the term for the skeletal structure of the head that supports the face and protects the brain?,cranium (skull),Cranium,0,0.6666666666666666,0,0,0.8856167197227478,0.964127242565155
results_nq,MiniLM,high_similarity_wrong,other_or_true_semantic_error,sample_3003,In how many basic was can substances cross the plasma membrane?,two,Three,0,0.0,0,0,0.8061562180519104,0.6696772575378418
results_nq,MiniLM,high_similarity_wrong,semantic_relatedness_not_correctness,sample_3009,"An unknown genotype can be determined by observing what, the term for characteristics of the resulting offspring?",phenotypes,Phenotype,0,0.0,0,0,0.9682037234306335,0.9221993088722229
results_nq,MiniLM,high_similarity_wrong,numeric_equivalence,sample_3011,How much electricity is generated by an average car battery?,twelve volts,12 volts,0,0.5,0,0,0.9561252593994141,0.9557172060012817
results_nq,MiniLM,high_similarity_wrong,synonym_or_paraphrase_labeling_artifact,sample_3031,What are the attractive forces that occur between polar molecules called?,dipole-dipole forces,Dipole-dipole interactions,0,0.6666666666666666,0,0,0.8572719693183899,0.9006580710411072
results_nq,MiniLM,high_similarity_wrong,underspecified_or_overspecified_answer,sample_3088,Minerals that are not pure elements are made of what?,chemical compounds,Compounds,0,0.6666666666666666,0,0,0.9084241986274719,0.9127016067504883
results_nq,MiniLM,high_similarity_wrong,other_or_true_semantic_error,sample_3102,What do some animals grow to protect themselves in winter?,thicker fur,Thick fur or fat layers.,0,0.28571428571428575,0,0,0.8010410666465759,0.875507652759552
results_nq,MiniLM,high_similarity_wrong,underspecified_or_overspecified_answer,sample_3185,An electrical signal along a nerve cell triggers the secretion of what?,neurotransmitter molecules,Neurotransmitters,0,0.0,0,0,0.8806831240653992,0.9415820837020874
results_nq,MiniLM,high_similarity_wrong,underspecified_or_overspecified_answer,sample_3189,What do omnivores eat?,plants & animals,Both plants and animals.,0,0.6666666666666666,0,0,0.8615657091140747,0.8539370894432068
results_nq,MiniLM,high_similarity_wrong,synonym_or_paraphrase_labeling_artifact,sample_3204,Not even light can escape from what extremely dense object sometimes found in deep space?,black holes,Black hole,0,0.5,0,0,0.9441515207290649,0.9340887665748596
results_nq,MiniLM,high_similarity_wrong,synonym_or_paraphrase_labeling_artifact,sample_3286,"Connected to agriculture, forestry, mining, and urbanization, what is the single biggest cause of extinction today?",habitat loss,Habitat destruction,0,0.5,0,0,0.8640176653862,0.8849877715110779
results_nq,MiniLM,high_similarity_wrong,underspecified_or_overspecified_answer,sample_3309,Living organisms release carbon dioxide into the atmosphere by what method?,cellular respiration,Respiration,0,0.6666666666666666,0,0,0.852426290512085,0.8717406392097473
results_nq,MiniLM,high_similarity_wrong,morphology_or_inflection,sample_3356,There are three different types of rna. all three types are needed to make what?,proteins,Protein,0,0.0,0,0,0.9462403059005737,0.9190239906311035
results_nq,MiniLM,high_similarity_wrong,semantic_relatedness_not_correctness,sample_3381,Bacteria are what kind of cell?,prokaryotes,Prokaryotic,0,0.0,0,0,0.9271088242530823,0.9297051429748535
results_nq,MiniLM,high_similarity_wrong,other_or_true_semantic_error,sample_3410,What are carbonated beverages pressurized with?,co2,Carbon dioxide,0,0.0,0,0,0.8494597673416138,0.8872537612915039
results_nq,MiniLM,high_similarity_wrong,synonym_or_paraphrase_labeling_artifact,sample_3437,"Besides increasing the potential, how else can you increase current in a circuit?",decreasing the resistance,Decrease resistance,0,0.5,0,0,0.9428080320358276,0.9414923787117004
results_nq,MiniLM,high_similarity_wrong,underspecified_or_overspecified_answer,sample_3471,The primary lymphoid organs are the bone marrow and what else?,thymus gland,Thymus,0,0.6666666666666666,0,0,0.8273572325706482,0.8808971643447876
results_nq,MiniLM,high_similarity_wrong,semantic_relatedness_not_correctness,sample_3498,"In celsius, what is the boiling point of water?",one hundred degrees,100 degrees,0,0.4,0,0,0.9171867370605469,0.8979480266571045
results_nq,MiniLM,high_similarity_wrong,underspecified_or_overspecified_answer,sample_3522,What illnesses are caused by damage to the alveoli of the lungs?,pneumonia and emphysema,"Pneumonia, pulmonary edema, emphysema",0,0.5714285714285715,0,0,0.915399968624115,0.8300740718841553
results_nq,MiniLM,high_similarity_wrong,morphology_or_inflection,sample_3536,The periodic table is an arrangement of the elements in order of increasing what?,atomic numbers,atomic number,0,0.5,0,0,0.9763473868370056,0.9749096035957336
results_nq,MiniLM,high_similarity_wrong,other_or_true_semantic_error,sample_3538,What moves nitrogen back and forth between the atmosphere and organisms?,the nitrogen cycle,Nitrogen fixation and nitrogen cycling,0,0.28571428571428575,0,0,0.8226792216300964,0.8543679118156433
results_nq,MiniLM,high_similarity_wrong,underspecified_or_overspecified_answer,sample_3539,What is caused by human actions that releases chemical substances and particles into the air?,air pollution,Pollution,0,0.6666666666666666,0,0,0.8512415289878845,0.8604536056518555
results_nq,MiniLM,high_similarity_wrong,morphology_or_inflection,sample_3544,How do yeasts reproduce asexually?,by budding,Budding,0,0.6666666666666666,0,0,0.8076186776161194,0.9470981955528259
results_nq,MiniLM,high_similarity_wrong,underspecified_or_overspecified_answer,sample_3581,Glucose and fructose are considered this type of sugar?,"monosaccharides, or simple",monosaccharides,0,0.5,0,0,0.9428415298461914,0.888592004776001
results_nq,MiniLM,high_similarity_wrong,morphology_or_inflection,sample_3619,Most sedimentary rocks form from what?,sediments,sediment,0,0.0,0,0,0.9250723719596863,0.9252026677131653
results_nq,MiniLM,high_similarity_wrong,morphology_or_inflection,sample_3625,What is used to measure current through a resistor?,ammeters,Ammeter,0,0.0,0,0,0.9684168696403503,0.9426761865615845
results_nq,MiniLM,high_similarity_wrong,morphology_or_inflection,sample_3656,What are colonies of cells stuck to a surface called?,biofilms,Biofilm,0,0.0,0,0,0.9653210639953613,0.9537596106529236
results_nq,MiniLM,high_similarity_wrong,underspecified_or_overspecified_answer,sample_3678,Where does the christmas tree worm live?,tropical coral reefs,in coral reefs,0,0.6666666666666666,0,0,0.8347591757774353,0.8146368861198425
results_nq,MiniLM,high_similarity_wrong,other_or_true_semantic_error,sample_3714,What part of the plant is the main site of photosynthesis?,leaf,Leaves,0,0.0,0,0,0.8454663753509521,0.9029251933097839
results_nq,MiniLM,high_similarity_wrong,synonym_or_paraphrase_labeling_artifact,sample_3761,What do you call a simple machine consisting of a sloping surface that connects lower and higher elevations?,inclined plane,Incline plane,0,0.5,0,0,0.8872367143630981,0.9159032106399536
results_nq,MiniLM,high_similarity_wrong,underspecified_or_overspecified_answer,sample_3764,In which kind of species do open circulatory systems serve additional functions?,some invertebrates,Invertebrates,0,0.6666666666666666,0,0,0.9583505988121033,0.8804250955581665
results_nq,MiniLM,high_similarity_wrong,synonym_or_paraphrase_labeling_artifact,sample_3771,What two cycles make up the female reproductive cycle?,ovarian and menstrual,Ovarian cycle and uterine cycle,0,0.5,0,0,0.8428266048431396,0.8563397526741028
results_nq,MiniLM,high_similarity_wrong,numeric_equivalence,sample_3785,How many quarks are in each proton and neutron?,three,3,0,0.0,0,0,0.8656185865402222,0.9156867265701294
results_nq,MiniLM,high_similarity_wrong,underspecified_or_overspecified_answer,sample_3805,What is the body of a roundworm covered with?,tough cuticle,Cuticle,0,0.6666666666666666,0,0,0.8713212609291077,0.8524376153945923
results_nq,MiniLM,high_similarity_wrong,morphology_or_inflection,sample_3822,Different colors of light differ in terms of which important attribute?,wavelengths,Wavelength,0,0.0,0,0,0.9035454988479614,0.9319876432418823
results_nq,MiniLM,high_similarity_wrong,underspecified_or_overspecified_answer,sample_3824,"For most waves, energy is proportional to what, a term that describes the height of the wave?",wave amplitude,Amplitude,0,0.6666666666666666,0,0,0.8758887648582458,0.9164584875106812
results_nq,MiniLM,high_similarity_wrong,numeric_equivalence,sample_3844,How many major massive extinctions have been since life began on earth?,five,5,0,0.0,0,0,0.9229784607887268,0.9198909401893616
results_nq,MiniLM,high_similarity_wrong,underspecified_or_overspecified_answer,sample_3923,What are 3 types of light?,"infrared, visible, ultraviolet","Visible light, infrared light, ultraviolet light",0,0.6666666666666666,0,0,0.9188412427902222,0.929341733455658
results_nq,MiniLM,high_similarity_wrong,semantic_relatedness_not_correctness,sample_3926,What is the term for a disease that is not contagious?,noninfectious disease,Non-infectious disease,0,0.4,0,0,0.8845261335372925,0.8918201923370361
results_nq,MiniLM,high_similarity_wrong,synonym_or_paraphrase_labeling_artifact,sample_3930,What are the three types of symbiotic relationships?,"mutualism, communalism, parasitism","Commensalism, Mutualism, Parasitism",0,0.6666666666666666,0,0,0.8240023851394653,0.9153673648834229
results_nq,MiniLM,high_similarity_wrong,other_or_true_semantic_error,sample_3939,"What structures formed of twisted actin chains are found in almost every cell, and are numerous in muscle cells and cells that move by changing shape?",microfilaments,Filaments,0,0.0,0,0,0.8134977221488953,0.8862152099609375
results_nq,MiniLM,high_similarity_wrong,semantic_relatedness_not_correctness,sample_3958,In a pedigree what shape symbolizes males?,squares,Square,0,0.0,0,0,0.8701223134994507,0.9151335954666138
results_nq,MiniLM,high_similarity_wrong,synonym_or_paraphrase_labeling_artifact,sample_4011,What causes halide minerals to form?,salt water evaporation,Evaporation of saline waters,0,0.28571428571428575,0,0,0.8896571397781372,0.9400628805160522
results_nq,MiniLM,high_similarity_wrong,synonym_or_paraphrase_labeling_artifact,sample_4019,What laws regulate radiation doses to which people can be exposed?,radiation protection laws,Radiation Protection Regulations,0,0.6666666666666666,0,0,0.9299086332321167,0.889401376247406
results_nq,MiniLM,high_similarity_wrong,synonym_or_paraphrase_labeling_artifact,sample_4030,Some materials have negative heats of solution; the dissolution of one of these solutes in water is called?,exothermic process,Endothermic process,0,0.5,0,0,0.8119081854820251,0.8688526153564453
results_nq,MiniLM,high_similarity_wrong,underspecified_or_overspecified_answer,sample_4042,What is the breakdown of unstable elements into stable elements called?,radioactive decay,Decay,0,0.6666666666666666,0,0,0.8243292570114136,0.8439711928367615
results_nq,MiniLM,high_similarity_wrong,synonym_or_paraphrase_labeling_artifact,sample_4051,What type of ecologists work to identify and manipulate the processes that most limit recovery of ecosystems from disturbances?,restoration ecologists,Recovery ecologists,0,0.5,0,0,0.815884530544281,0.9040324091911316
results_nq,MiniLM,high_similarity_wrong,synonym_or_paraphrase_labeling_artifact,sample_4069,"Atmospheric pressure is increased, causing a greater amount of oxygen than normal to diffuse into the bloodstream of the patient, in what type of therapy?",hyperbaric chamber therapy,Hyperbaric oxygen therapy,0,0.6666666666666666,0,0,0.8162155747413635,0.872655987739563
results_nq,MiniLM,high_similarity_wrong,morphology_or_inflection,sample_4112,Where does photosynthesis occur in plants?,in chloroplasts,chloroplasts,0,0.6666666666666666,0,0,0.9197863936424255,0.892095685005188
results_nq,MiniLM,high_similarity_wrong,underspecified_or_overspecified_answer,sample_4150,Quantities have two parts: the number (how many) and what else?,he unit,unit,0,0.6666666666666666,0,0,0.8321412205696106,0.8213463425636292
results_nq,MiniLM,high_similarity_wrong,semantic_relatedness_not_correctness,sample_4164,"What group includes the simplest eukaryotes, including most single-celled eukaryotes?",protists,Protista,0,0.0,0,0,0.8939942717552185,0.8957152962684631
results_nq,MiniLM,high_similarity_wrong,numeric_equivalence,sample_4168,How many types of tissue are found in animals?,four,4,0,0.0,0,0,0.8942002058029175,0.863497257232666
results_nq,MiniLM,high_similarity_wrong,semantic_relatedness_not_correctness,sample_4173,What is the term for animals that  cannot raise their body temperature on their own?,ectothermic,Ectotherms,0,0.0,0,0,0.8663953542709351,0.9109650254249573
results_nq,MiniLM,high_similarity_wrong,semantic_relatedness_not_correctness,sample_4189,What are the two types of cells?,prokaryotes and eukaryotes,Prokaryotic and eukaryotic,0,0.3333333333333333,0,0,0.9559884667396545,0.9698194265365601
results_nq,MiniLM,high_similarity_wrong,semantic_relatedness_not_correctness,sample_4209,"As per the kinetic-molecular theory, in what direction do the molecules and ions of liquids move?",random directions,Randomly in all directions.,0,0.3333333333333333,0,0,0.8667542934417725,0.788703203201294
results_nq,MiniLM,high_similarity_wrong,underspecified_or_overspecified_answer,sample_4211,What term describes a region of space around an atom that has a non-zero probability for an electron with a particular energy?,atomic orbital,Orbital,0,0.6666666666666666,0,0,0.8275675773620605,0.8773253560066223
results_nq,MiniLM,high_similarity_wrong,underspecified_or_overspecified_answer,sample_4257,What theory goes beyond classical mechanics to describe the behavior of near-light-speed objects?,special relativity,Special Theory of Relativity,0,0.6666666666666666,0,0,0.8488259315490723,0.9259299039840698
results_nq,MiniLM,high_similarity_wrong,morphology_or_inflection,sample_4263,Where does all igneous rock come from?,magma or lava,Magma and lava.,0,0.6666666666666666,0,0,0.9405300617218018,0.9335408210754395
results_nq,MiniLM,high_similarity_wrong,other_or_true_semantic_error,sample_4266,Many countries have attempted to reduce the human impact on climate change by reducing their emission of what greenhouse gas?,carbon dioxide,CO2,0,0.0,0,0,0.8494598269462585,0.8872537016868591
results_nq,MiniLM,high_similarity_wrong,numeric_equivalence,sample_4287,How many valence electrons can be found in a carbon atom?,four,4,0,0.0,0,0,0.8942000865936279,0.863497257232666
results_nq,MiniLM,high_similarity_wrong,other_or_true_semantic_error,sample_4291,A refrigerator must do work to reverse the normal direction of what?,thermal energy flow,Heat flow,0,0.4,0,0,0.8212952613830566,0.873666524887085
results_nq,MiniLM,high_similarity_wrong,semantic_relatedness_not_correctness,sample_4295,What type of invertebrate typically has a single spiraled shell?,gastropod,Snail,0,0.0,0,0,0.8558954000473022,0.8638258576393127
results_nq,MiniLM,high_similarity_wrong,semantic_relatedness_not_correctness,sample_4305,"Like other bryophytes, moss plants spend most of their life cycle as what?",gametophytes,gametophyte,0,0.0,0,0,0.9248483180999756,0.9690386652946472
results_nq,MiniLM,high_similarity_wrong,synonym_or_paraphrase_labeling_artifact,sample_4333,"What do anglerfish use their glow-in-the-dark, rod-like structure for?",to attract prey,Attracting prey.,0,0.4,0,0,0.8114320635795593,0.9572481513023376
results_nq,MiniLM,high_similarity_wrong,other_or_true_semantic_error,sample_4363,The a in atp is short for what?,adenosine,adenine,0,0.0,0,0,0.8256505131721497,0.8563432097434998
results_nq,MiniLM,high_similarity_wrong,synonym_or_paraphrase_labeling_artifact,sample_4396,"There are a series of rules for naming branched alkanes (and, ultimately, for all organic compounds). these rules make up the system of nomenclature for naming what?",organic molecules,organic compounds,0,0.5,0,0,0.8456540703773499,0.8812460899353027
results_nq,MiniLM,high_similarity_wrong,synonym_or_paraphrase_labeling_artifact,sample_4418,What should you use to protect your eyes from chemicals?,eye goggles,Safety goggles,0,0.5,0,0,0.8186445236206055,0.8675839900970459
results_nq,MiniLM,high_similarity_wrong,synonym_or_paraphrase_labeling_artifact,sample_4455,Which law explains why a ship weighing thousands of metric tons floats on water?,archimedes' law,Archimedes' Principle,0,0.5,0,0,0.8453656435012817,0.9054373502731323
results_nq,MiniLM,high_similarity_wrong,morphology_or_inflection,sample_4477,Chloroplasts and chromoplasts are examples of which membrane bound organelle containing their own dna?,plastids,plastid,0,0.0,0,0,0.9135439395904541,0.9440909624099731
results_nq,MiniLM,high_similarity_wrong,underspecified_or_overspecified_answer,sample_4479,Viruses were assumed to exist before they were first seen with an electron microscope in which decade?,1930 ' s,1930s,0,0.0,0,0,0.865946888923645,0.877060055732727
results_nq,MiniLM,high_similarity_wrong,underspecified_or_overspecified_answer,sample_4483,Where are the seeds in gymnosperms found?,in cones,On the surface of cones.,0,0.3333333333333333,0,0,0.8061579465866089,0.8766069412231445
results_nq,MiniLM,high_similarity_wrong,underspecified_or_overspecified_answer,sample_4486,Hydrogen and helium are specifically involved as reactants in what nuclear reaction that is useful for making energy?,nuclear fusion,fusion,0,0.6666666666666666,0,0,0.8390926718711853,0.8962836861610413
results_nq,MiniLM,high_similarity_wrong,underspecified_or_overspecified_answer,sample_4512,What is the largest organ of the human body?,your skin,Skin,0,0.6666666666666666,0,0,0.8429903984069824,0.8250535130500793
results_nq,MiniLM,high_similarity_wrong,semantic_relatedness_not_correctness,sample_4549,What do you call a carnivore that eats mainly insects?,insectivores,Insectivore,0,0.0,0,0,0.9249594807624817,0.936063289642334
results_nq,MiniLM,high_similarity_wrong,underspecified_or_overspecified_answer,sample_4582,What do you call materials that have high resistance to electric current?,electric insulators,Insulators,0,0.6666666666666666,0,0,0.9104823470115662,0.9434416890144348
results_nq,MiniLM,high_similarity_wrong,other_or_true_semantic_error,sample_4612,Ocean acidification results from the ocean absorbing what gas from the atmosphere?,carbon dioxide,CO2,0,0.0,0,0,0.8494597673416138,0.8872535228729248
results_nq,MiniLM,high_similarity_wrong,other_or_true_semantic_error,sample_4654,"What class of animal, including hydras and jellies, is considered the simplest to contain a nervous system?",cnidarians,Cnidaria,0,0.0,0,0,0.819509744644165,0.929402768611908
results_nq,MiniLM,high_similarity_wrong,semantic_relatedness_not_correctness,sample_4702,What kind of electricity can you generate with the energy found in flowing water?,hydroelectric power,Hydropower,0,0.0,0,0,0.8505027294158936,0.9157235026359558
results_nq,MiniLM,high_similarity_wrong,synonym_or_paraphrase_labeling_artifact,sample_4706,What is typical weather for chicago in winter?,cold & snow,Cold and snowy.,0,0.4,0,0,0.9068706631660461,0.8429551124572754
results_nq,MiniLM,high_similarity_wrong,numeric_equivalence,sample_4739,How long can a large star be on the main sequence stage?,10 million years,10 million to 10 billion years,0,0.6666666666666666,0,0,0.9067549705505371,0.9440416693687439
results_nq,MiniLM,high_similarity_wrong,semantic_relatedness_not_correctness,sample_4766,What type of animal eats both plants and animals?,omnivores,Omnivore,0,0.0,0,0,0.960016667842865,0.9447436332702637
results_nq,MiniLM,high_similarity_wrong,synonym_or_paraphrase_labeling_artifact,sample_4805,What is the type of plant called when its leaves seasonally turn color and fall off?,deciduous plant,Deciduous tree,0,0.5,0,0,0.8569039106369019,0.9366088509559631
results_nq,MiniLM,high_similarity_wrong,underspecified_or_overspecified_answer,sample_4810,What is found inside the pores of spongy bone?,bone marrow,Marrow,0,0.6666666666666666,0,0,0.9263609051704407,0.9170568585395813
results_nq,MiniLM,high_similarity_wrong,numeric_equivalence,sample_4812,How many oxygen ions make up an ozone molecule?,three,3,0,0.0,0,0,0.8656187057495117,0.9156867861747742
results_nq,MiniLM,high_similarity_wrong,other_or_true_semantic_error,sample_4815,Transition metals are superior conductors of heat as well as what else?,electricity,electrical energy,0,0.0,0,0,0.831010639667511,0.8713441491127014
results_nq,MiniLM,high_similarity_wrong,morphology_or_inflection,sample_4830,What are the two best known baryons?,protons and neutrons,"Proton, neutron",0,0.0,0,0,0.8760635256767273,0.9204132556915283
results_nq,MiniLM,high_similarity_wrong,underspecified_or_overspecified_answer,sample_4834,What are the two components of the autonomic nervous system?,parasympathetic and sympathetic,Sympathetic and parasympathetic nervous systems.,0,0.7499999999999999,0,0,0.9107546806335449,0.9004029035568237
results_nq,MiniLM,high_similarity_wrong,semantic_relatedness_not_correctness,sample_4901,What molecules with a nitrogen base are the basic components of nucleic acids?,nucleiotides,Nucleotides,0,0.0,0,0,0.913092851638794,0.9511591792106628
results_nq,MiniLM,high_similarity_wrong,synonym_or_paraphrase_labeling_artifact,sample_4938,What are the two classifications of natural resources?,renewable and nonrenewable,Renewable and Non-renewable,0,0.5714285714285715,0,0,0.8856491446495056,0.9126787185668945
results_nq,MiniLM,high_similarity_wrong,underspecified_or_overspecified_answer,sample_4975,Introduction of antigens into the body through immunization can confer what benefit?,active immunity,Immunity,0,0.6666666666666666,0,0,0.876952052116394,0.8133411407470703
results_nq,MiniLM,high_similarity_wrong,morphology_or_inflection,sample_4977,What is the cause of most ocean waves?,winds,Wind.,0,0.0,0,0,0.8602063655853271,0.8806688189506531
results_nq,MiniLM,high_similarity_wrong,synonym_or_paraphrase_labeling_artifact,sample_4991,What can be used to convert the energy provided by the sun to usable electrical energy?,solar cells,Solar panels,0,0.5,0,0,0.8423741459846497,0.8469173312187195
results_nq,MiniLM,low_similarity_correct,answer_containment_low_embedding_score,sample_219,What is formed when an oxygen atom picks up a pair of hydrogen ions from a solution?,water,Water molecule (H2O),0,0.5,1,1,0.48360195755958557,0.7366464138031006
results_nq,MiniLM,low_similarity_correct,numeric_equivalence,sample_685,How many types of galaxies are there?,three,"Three main types: elliptical, spiral, and irregular.",0,0.25,1,1,0.19018766283988953,0.7116066813468933
results_nq,MiniLM,low_similarity_correct,answer_containment_low_embedding_score,sample_715,The oxygen regions of the water molecules have what kind of charge?,negative,Partial negative charge,0,0.5,1,1,0.3766888380050659,0.7054961919784546
results_nq,MiniLM,low_similarity_correct,numeric_equivalence,sample_849,How many calories of energy does one gram of sugar or starch provide?,4,4 Calories,0,0.6666666666666666,1,1,0.3740047514438629,0.7618676424026489
results_nq,MiniLM,low_similarity_correct,overly_long_answer_context_dilution,sample_885,What is it called when bones get longer and bigger?,growth,Growth plates or epiphyseal plates,0,0.33333333333333337,1,1,0.36670491099357605,0.6909453868865967
results_nq,MiniLM,low_similarity_correct,overly_long_answer_context_dilution,sample_886,What kind of reactions are involved in processes ranging from the contraction of muscles to the digestion of food?,chemical,Chemical reactions involving ATP hydrolysis.,0,0.33333333333333337,1,1,0.3186877369880676,0.6197882294654846
results_nq,MiniLM,low_similarity_correct,answer_containment_low_embedding_score,sample_888,What do skeletal muscles enable the body to do?,move,Enable movement.,0,0.0,1,1,0.40438738465309143,0.7631568312644958
results_nq,MiniLM,low_similarity_correct,overly_long_answer_context_dilution,sample_913,"Under appropriate conditions, the attractions between all molecules in what state will cause them to form liquids or solids?",gas,"Under appropriate conditions, the attractions between all molecules in the gas state will cause them to form liquids or solids.",0,0.10526315789473684,1,1,0.4741813838481903,0.6845316886901855
results_nq,MiniLM,low_similarity_correct,answer_containment_low_embedding_score,sample_1067,An inclined plane is a good example of what kind of machine?,simple,simple machine,0,0.6666666666666666,1,1,0.49652042984962463,0.7881836295127869
results_nq,MiniLM,low_similarity_correct,answer_containment_low_embedding_score,sample_1185,Sex-linked traits are located on genes on what chromosomes?,sex,Sex chromosomes,0,0.6666666666666666,1,1,0.44130387902259827,0.679202139377594
results_nq,MiniLM,low_similarity_correct,answer_containment_low_embedding_score,sample_1237,Are bones considered living or dead tissues?,living,Living tissues,0,0.6666666666666666,1,1,0.48152509331703186,0.7090209722518921
results_nq,MiniLM,low_similarity_correct,answer_containment_low_embedding_score,sample_1274,How much distance can beta particles travel through air?,meter,A few centimeters.,0,0.0,1,1,0.3894265592098236,0.6017230749130249
results_nq,MiniLM,low_similarity_correct,answer_containment_low_embedding_score,sample_1290,Homologous chromosomes move toward what poles?,opposite,Opposite poles,0,0.6666666666666666,1,1,0.4063134789466858,0.8109198212623596
results_nq,MiniLM,low_similarity_correct,overly_long_answer_context_dilution,sample_1294,Yogurt is made from milk fermented with what type of organism?,bacteria,Yogurt is made from milk fermented with bacteria.,0,0.2222222222222222,1,1,0.3989391028881073,0.6979832649230957
results_nq,MiniLM,low_similarity_correct,answer_containment_low_embedding_score,sample_1394,The logistics of carrying out cellular metabolism sets limits on what physical property of the cell?,size,Cell size,0,0.6666666666666666,1,1,0.4905664622783661,0.7156123518943787
results_nq,MiniLM,low_similarity_correct,answer_containment_low_embedding_score,sample_1659,What is the fracture called when rocks on both sides move?,a fault,Strike-slip fault,0,0.5,1,1,0.4988851547241211,0.7019821405410767
results_nq,MiniLM,low_similarity_correct,overly_long_answer_context_dilution,sample_1738,"In what process is atp created by glycolysis, without oxygen?",fermentation,Aerobic respiration not applicable here; ATP is produced in glycolysis during anaerobic conditions through lactic acid fermentation or alcohol fermentation.,0,0.09523809523809523,1,1,0.4990334212779999,0.6970689296722412
results_nq,MiniLM,low_similarity_correct,answer_containment_low_embedding_score,sample_1818,"Oxides of small, highly charged ions of what type tend to be acidic?",metal,Oxides of non-metals.,0,0.0,1,1,0.42684435844421387,0.6288269758224487
results_nq,MiniLM,low_similarity_correct,overly_long_answer_context_dilution,sample_1856,"In vascular plants, do primary roots grow downward or to the side?",downward,Primary roots grow downward.,0,0.4,1,1,0.3235951364040375,0.7580083608627319
results_nq,MiniLM,low_similarity_correct,answer_containment_low_embedding_score,sample_2146,"In the case of the thyroid hormone pathway, thyroid hormone itself carries out what kind of feedback?",negative,Negative feedback,0,0.6666666666666666,1,1,0.4880053400993347,0.78621506690979
results_nq,MiniLM,low_similarity_correct,answer_containment_low_embedding_score,sample_2198,A multiaxial ball-and-socket joint has much more mobility than a what hinge joint?,uniaxial,uniaxial hinge joint,0,0.5,1,1,0.4356139004230499,0.7941997051239014
results_nq,MiniLM,low_similarity_correct,answer_containment_low_embedding_score,sample_2255,What type of winds blow only over a limited area?,local,Local winds,0,0.6666666666666666,1,1,0.4769901931285858,0.5736185312271118
results_nq,MiniLM,low_similarity_correct,answer_containment_low_embedding_score,sample_2847,On what part of bones would you expect to find cartilage?,end,Endosteum,0,0.0,1,1,0.36571112275123596,0.641010582447052
results_nq,MiniLM,low_similarity_correct,answer_containment_low_embedding_score,sample_3106,What is hole that is dug or drilled through the ground down to an aquifer?,well,Wellhead,0,0.0,1,1,0.36727795004844666,0.6763318777084351
results_nq,MiniLM,low_similarity_correct,overly_long_answer_context_dilution,sample_3148,A plane mirror has a flat reflective surface and forms only which kind of images?,virtual,"Virtual, laterally inverted images.",0,0.4,1,1,0.480133056640625,0.6823902726173401
results_nq,MiniLM,low_similarity_correct,answer_containment_low_embedding_score,sample_3166,Researchers have also used insect courtship to explore genetic variation underlying differences in what?,behavior,mating behavior,0,0.6666666666666666,1,1,0.48360809683799744,0.8145832419395447
results_nq,MiniLM,low_similarity_correct,answer_containment_low_embedding_score,sample_3272,What type of hydrocarbons contain at least one double or triple bond between carbon atoms?,unsaturated,Aromatic or unsaturated hydrocarbons.,0,0.4,1,1,0.46535035967826843,0.7387508153915405
results_nq,MiniLM,low_similarity_correct,answer_containment_low_embedding_score,sample_3296,Spores are generally produced through what type of reproduction?,sexual,Asexual reproduction,0,0.0,1,1,0.4312811493873596,0.6539949178695679
results_nq,MiniLM,low_similarity_correct,answer_containment_low_embedding_score,sample_3310,Excretory organs that conserve what essential substance help terrestrial animals to avoid desiccation?,water,Kidneys conserve water.,0,0.5,1,1,0.4520890712738037,0.6847836971282959
results_nq,MiniLM,low_similarity_correct,answer_containment_low_embedding_score,sample_3366,"Most hormones are controlled by what type of feedback, which causes the hormone to decrease its own production?",negative,Negative feedback,0,0.6666666666666666,1,1,0.4880053699016571,0.7862152457237244
results_nq,MiniLM,low_similarity_correct,numeric_equivalence,sample_3385,How many alleles comes from each parent?,one,One allele from each parent.,0,0.33333333333333337,1,1,0.29464855790138245,0.6043398380279541
results_nq,MiniLM,low_similarity_correct,overly_long_answer_context_dilution,sample_3533,"Plants obtain their energy from the sun through photosynthesis , what do animals obtain their energy from?",organisms,Animals obtain their energy from consuming other organisms.,0,0.2222222222222222,1,1,0.48426127433776855,0.7320685386657715
results_nq,MiniLM,low_similarity_correct,overly_long_answer_context_dilution,sample_3567,"Within a bud, what is spaced close together because the internodes are very short?",leaves,Buds contain tightly packed leaves or flower parts.,0,0.2222222222222222,1,1,0.4780312478542328,0.698318362236023
results_nq,MiniLM,low_similarity_correct,overly_long_answer_context_dilution,sample_3574,"Which theory is the idea that the characteristics of living organisms are controlled by genes, which are passed from parents to their offspring?",gene theory,Theory of inheritance of acquired characteristics (Lamarckism) vs. Gene theory (Darwinism and Mendelian genetics),0,0.25,1,1,0.4819081425666809,0.7469566464424133
results_nq,MiniLM,low_similarity_correct,answer_containment_low_embedding_score,sample_3843,What type of digestion is chewing an example of?,mechanical,Mechanical digestion,0,0.6666666666666666,1,1,0.3961436152458191,0.7036324143409729
results_nq,MiniLM,low_similarity_correct,answer_containment_low_embedding_score,sample_3846,What kind of bonds are there between carbon atoms in saturated fatty acids?,single,Single bonds,0,0.6666666666666666,1,1,0.3857199251651764,0.7477173805236816
results_nq,MiniLM,low_similarity_correct,overly_long_answer_context_dilution,sample_4124,How are electrons shared in covalent bonds?,equally,Electrons are shared equally between atoms.,0,0.2857142857142857,1,1,0.32370153069496155,0.6792579889297485
results_nq,MiniLM,low_similarity_correct,overly_long_answer_context_dilution,sample_4338,When a lower energy level is ______ electrons are added to the next higher energy level.,full,"When a lower energy level is full, electrons are added to the next higher energy level.",0,0.13333333333333333,1,1,0.2344810664653778,0.583279013633728
results_nq,MiniLM,low_similarity_correct,answer_containment_low_embedding_score,sample_4360,What is algae easier to covert into that corn is currently used for?,fuel,biofuel,0,0.0,1,1,0.49416297674179077,0.7373673915863037
results_nq,MiniLM,low_similarity_correct,answer_containment_low_embedding_score,sample_4526,The rest of the energy stored in glucose is lost as what?,heat,heat and waste products,0,0.4,1,1,0.48060405254364014,0.7195454835891724
